# VentAssist waveform file — REAL signal from MIMIC-IV-WDB.
# Source: subject p15342703, record 86380383, ICU stay 31066662.
# Window: 2178-09-13 11:58:00 + 10 min.
# Channels exported straight from the record: II, Pleth, Resp.
#
# Upload on the roster's upload card together with a patient file to
# create a Track B patient: the backend runs the same extractors the
# training features came from (backend/waveform/).

fs: 62.4725
channels: II,Pleth,Resp
signal:
0.1300,0.3044,0.2233
0.1850,0.2964,0.2209
0.2250,0.2883,0.2179
0.1850,0.2856,0.2152
0.0850,0.2803,0.2133
-0.0050,0.2749,0.2123
-0.0500,0.2749,0.2128
-0.0700,0.2803,0.2145
-0.0800,0.2883,0.2160
-0.0800,0.3071,0.2174
-0.0800,0.3311,0.2189
-0.0800,0.3687,0.2199
-0.0750,0.4114,0.2209
-0.0350,0.4597,0.2221
-0.0750,0.5078,0.2243
-0.0800,0.5535,0.2270
-0.0800,0.5962,0.2292
-0.0750,0.6311,0.2311
-0.0700,0.6580,0.2326
-0.0750,0.6741,0.2338
-0.0650,0.6821,0.2348
-0.0650,0.6821,0.2358
-0.0600,0.6741,0.2365
-0.0750,0.6687,0.2372
-0.0700,0.6553,0.2377
-0.0700,0.6338,0.2382
-0.0600,0.6123,0.2387
0.1950,0.5857,0.2392
0.2250,0.5615,0.2397
-0.2450,0.5391,0.2402
-0.1600,0.5110,0.2414
-0.0500,0.4971,0.2438
-0.0450,0.4775,0.2490
-0.0350,0.4607,0.2565
-0.0350,0.4465,0.2668
-0.0300,0.4353,0.2790
-0.0250,0.4241,0.2932
-0.0250,0.4128,0.3086
-0.0200,0.4016,0.3259
-0.0100,0.3960,0.3450
-0.0050,0.3877,0.3653
0.0100,0.3792,0.3863
0.0300,0.3735,0.4080
0.0500,0.3652,0.4300
0.0950,0.3567,0.4513
0.1450,0.3511,0.4723
0.1950,0.3428,0.4938
0.2000,0.3342,0.5158
0.1150,0.3259,0.5380
0.0200,0.3174,0.5607
-0.0400,0.3118,0.5844
-0.0650,0.3062,0.6091
-0.0800,0.3035,0.6335
-0.0750,0.3118,0.6572
-0.0750,0.3259,0.6787
-0.0750,0.3511,0.6983
-0.0750,0.3877,0.7173
0.0000,0.4424,0.7356
-0.0550,0.5024,0.7530
-0.0800,0.5657,0.7694
-0.0900,0.6345,0.7857
-0.0750,0.6807,0.8021
-0.0600,0.7131,0.8168
-0.0550,0.7327,0.8297
-0.0550,0.7356,0.8424
-0.0500,0.7327,0.8549
-0.0500,0.7244,0.8664
-0.0500,0.7102,0.8766
-0.0550,0.6934,0.8852
-0.0450,0.6738,0.8923
-0.0450,0.6570,0.8991
0.1150,0.6345,0.9064
0.4400,0.6177,0.9135
-0.0800,0.6008,0.9206
-0.1600,0.5867,0.9265
-0.0550,0.5698,0.9316
-0.0400,0.5615,0.9370
-0.0350,0.5530,0.9428
-0.0300,0.5474,0.9480
-0.0300,0.5391,0.9524
-0.0200,0.5305,0.9572
-0.0200,0.5249,0.9626
-0.0150,0.5137,0.9682
-0.0100,0.5081,0.9736
0.0000,0.5000,0.9751
0.0100,0.5000,0.9731
0.0300,0.4944,0.9665
0.0550,0.4888,0.9560
0.0900,0.4832,0.9428
0.1350,0.4802,0.9277
0.2000,0.4719,0.9106
0.2300,0.4634,0.8923
0.1650,0.4578,0.8732
0.0600,0.4521,0.8534
-0.0200,0.4521,0.8331
-0.0650,0.4607,0.8124
-0.0750,0.4775,0.7914
-0.0800,0.5054,0.7703
-0.0800,0.5447,0.7491
-0.0750,0.5896,0.7278
-0.0700,0.6401,0.7075
-0.0350,0.6907,0.6882
-0.0350,0.7412,0.6697
-0.0700,0.7861,0.6516
-0.0850,0.8225,0.6340
-0.0750,0.8562,0.6167
-0.0700,0.8787,0.5996
-0.0650,0.8899,0.5827
-0.0650,0.8899,0.5661
-0.0550,0.8787,0.5495
-0.0600,0.8591,0.5321
-0.0500,0.8337,0.5138
-0.0600,0.8000,0.4950
-0.0550,0.7664,0.4759
-0.0500,0.7327,0.4576
0.0050,0.6990,0.4395
0.3350,0.6682,0.4212
-0.0150,0.6401,0.4026
-0.2450,0.6177,0.3848
-0.1000,0.5952,0.3677
-0.0350,0.5754,0.3521
-0.0300,0.5586,0.3376
-0.0300,0.5417,0.3242
-0.0250,0.5249,0.3118
-0.0250,0.5081,0.3010
-0.0150,0.5000,0.2917
-0.0100,0.4915,0.2844
0.0000,0.4802,0.2785
0.0100,0.4690,0.2719
0.0150,0.4578,0.2646
0.0300,0.4521,0.2570
0.0500,0.4409,0.2490
0.0850,0.4297,0.2399
0.1350,0.4185,0.2299
0.1900,0.4072,0.2204
0.2250,0.3960,0.2113
0.1850,0.3792,0.2028
0.0800,0.3735,0.1945
-0.0050,0.3652,0.1867
-0.0500,0.3652,0.1791
-0.0700,0.3735,0.1730
-0.0800,0.3933,0.1678
-0.0800,0.4185,0.1634
-0.0750,0.4551,0.1600
-0.0700,0.4944,0.1591
-0.0700,0.5334,0.1600
-0.0150,0.5784,0.1627
-0.0650,0.6147,0.1664
-0.0850,0.6484,0.1708
-0.0850,0.6738,0.1757
-0.0750,0.6877,0.1798
-0.0700,0.6873,0.1835
-0.0700,0.6846,0.1857
-0.0600,0.6714,0.1867
-0.0600,0.6553,0.1869
-0.0550,0.6311,0.1864
-0.0600,0.6042,0.1854
-0.0650,0.5776,0.1840
-0.0600,0.5481,0.1825
-0.0550,0.5186,0.1806
0.1500,0.4946,0.1786
0.2800,0.4731,0.1764
-0.2200,0.4517,0.1732
-0.1800,0.4355,0.1693
-0.0500,0.4167,0.1659
-0.0400,0.4062,0.1630
-0.0350,0.3955,0.1605
-0.0250,0.3848,0.1583
-0.0200,0.3740,0.1571
-0.0200,0.3660,0.1571
-0.0150,0.3579,0.1588
-0.0050,0.3499,0.1620
0.0050,0.3418,0.1659
0.0100,0.3364,0.1705
0.0250,0.3284,0.1757
0.0450,0.3206,0.1808
0.0700,0.3125,0.1842
0.1100,0.3044,0.1864
0.1650,0.2991,0.1871
0.2200,0.2883,0.1869
0.2250,0.2803,0.1852
0.1450,0.2722,0.1828
0.0400,0.2668,0.1810
-0.0250,0.2668,0.1803
-0.0550,0.2722,0.1801
-0.0700,0.2910,0.1806
-0.0700,0.3203,0.1815
-0.0700,0.3606,0.1828
-0.0650,0.4036,0.1842
-0.0600,0.4517,0.1859
-0.0200,0.4971,0.1886
-0.0450,0.5374,0.1920
-0.0700,0.5723,0.1950
-0.0800,0.6016,0.1977
-0.0700,0.6230,0.2001
-0.0650,0.6338,0.2023
-0.0600,0.6338,0.2052
-0.0550,0.6311,0.2086
-0.0450,0.6177,0.2118
-0.0400,0.6123,0.2143
-0.0400,0.5935,0.2162
-0.0550,0.5696,0.2182
-0.0500,0.5481,0.2196
-0.0500,0.5266,0.2209
0.0250,0.5051,0.2199
0.3550,0.4893,0.2174
-0.0450,0.4678,0.2148
-0.2250,0.4517,0.2118
-0.0850,0.4355,0.2089
-0.0300,0.4221,0.2060
-0.0300,0.4116,0.2043
-0.0250,0.4009,0.2030
-0.0150,0.3901,0.2025
-0.0150,0.3821,0.2028
-0.0100,0.3740,0.2043
-0.0050,0.3687,0.2069
0.0000,0.3633,0.2101
0.0100,0.3552,0.2138
0.0200,0.3499,0.2170
0.0300,0.3418,0.2194
0.0550,0.3364,0.2194
0.0900,0.3257,0.2177
0.1350,0.3206,0.2152
0.1900,0.3125,0.2128
0.2250,0.3044,0.2101
0.1800,0.2937,0.2074
0.0800,0.2883,0.2057
0.0000,0.2856,0.2045
-0.0500,0.2883,0.2040
-0.0650,0.3018,0.2043
-0.0700,0.3257,0.2057
-0.0750,0.3606,0.2082
-0.0750,0.4036,0.2104
-0.0700,0.4490,0.2123
-0.0500,0.4998,0.2150
-0.0250,0.5454,0.2187
-0.0650,0.5908,0.2236
-0.0800,0.6284,0.2299
-0.0800,0.6580,0.2389
-0.0700,0.6794,0.2504
-0.0650,0.6899,0.2629
-0.0650,0.6926,0.2758
-0.0600,0.6873,0.2903
-0.0550,0.6741,0.3056
-0.0450,0.6553,0.3220
-0.0600,0.6338,0.3391
-0.0600,0.6123,0.3567
-0.0550,0.5857,0.3748
-0.0450,0.5642,0.3929
0.2450,0.5427,0.4114
0.2450,0.5212,0.4300
-0.2150,0.5024,0.4488
-0.1300,0.4919,0.4686
-0.0450,0.4758,0.4894
-0.0400,0.4678,0.5106
-0.0350,0.4597,0.5324
-0.0350,0.4517,0.5546
-0.0300,0.4463,0.5771
-0.0250,0.4382,0.5996
-0.0200,0.4329,0.6223
-0.0150,0.4275,0.6452
-0.0050,0.4221,0.6680
0.0050,0.4143,0.6897
0.0150,0.4089,0.7105
0.0300,0.4036,0.7303
0.0600,0.3955,0.7493
0.1000,0.3901,0.7659
0.1500,0.3821,0.7806
0.2050,0.3740,0.7935
0.2050,0.3687,0.8050
0.1250,0.3633,0.8155
0.0250,0.3633,0.8256
-0.0300,0.3687,0.8361
-0.0650,0.3821,0.8468
-0.0700,0.4062,0.8568
-0.0750,0.4382,0.8666
-0.0700,0.4858,0.8766
-0.0650,0.5361,0.8869
-0.0650,0.5923,0.8967
0.0300,0.6484,0.9059
-0.0500,0.7046,0.9157
-0.0750,0.7524,0.9260
-0.0850,0.7888,0.9355
-0.0650,0.8198,0.9445
-0.0550,0.8394,0.9531
-0.0550,0.8479,0.9612
-0.0500,0.8506,0.9677
-0.0400,0.8450,0.9734
-0.0350,0.8311,0.9780
-0.0450,0.8142,0.9819
-0.0400,0.7917,0.9844
-0.0450,0.7664,0.9853
-0.0400,0.7412,0.9844
0.1500,0.7131,0.9817
0.4000,0.6877,0.9756
-0.1450,0.6626,0.9668
-0.1600,0.6458,0.9560
-0.0550,0.6260,0.9436
-0.0300,0.6121,0.9301
-0.0300,0.5979,0.9155
-0.0300,0.5867,0.8991
-0.0250,0.5754,0.8815
-0.0200,0.5642,0.8639
-0.0200,0.5530,0.8463
-0.0150,0.5417,0.8280
-0.0100,0.5334,0.8085
-0.0050,0.5249,0.7874
0.0100,0.5166,0.7652
0.0250,0.5081,0.7420
0.0550,0.5000,0.7178
0.0950,0.4971,0.6931
0.1400,0.4858,0.6682
0.2000,0.4746,0.6440
0.2200,0.4634,0.6206
0.1500,0.4551,0.5976
0.0450,0.4495,0.5754
-0.0300,0.4521,0.5546
-0.0650,0.4634,0.5348
-0.0800,0.4858,0.5160
-0.0800,0.5137,0.4982
-0.0800,0.5559,0.4818
-0.0800,0.6008,0.4669
-0.0750,0.6541,0.4530
-0.0250,0.7046,0.4398
-0.0450,0.7524,0.4273
-0.0750,0.7944,0.4153
-0.0900,0.8225,0.4048
-0.0800,0.8311,0.3953
-0.0700,0.8506,0.3858
-0.0650,0.8535,0.3758
-0.0650,0.8506,0.3648
-0.0600,0.8337,0.3530
-0.0650,0.8086,0.3413
-0.0550,0.7776,0.3301
-0.0600,0.7439,0.3193
-0.0600,0.7075,0.3083
-0.0550,0.6682,0.2968
0.0100,0.6257,0.2846
0.3350,0.5935,0.2729
-0.0450,0.5642,0.2617
-0.2450,0.5374,0.2502
-0.0950,0.5159,0.2385
-0.0350,0.4973,0.2275
-0.0300,0.4839,0.2174
-0.0300,0.4705,0.2091
-0.0250,0.4570,0.2023
-0.0250,0.4463,0.1974
-0.0200,0.4382,0.1942
-0.0150,0.4275,0.1920
-0.0050,0.4167,0.1908
0.0100,0.4062,0.1906
0.0150,0.4009,0.1906
0.0350,0.3901,0.1901
0.0550,0.3794,0.1889
0.0950,0.3687,0.1864
0.1400,0.3579,0.1830
0.1950,0.3472,0.1798
0.2300,0.3364,0.1769
0.1850,0.3206,0.1742
0.0750,0.3125,0.1718
-0.0150,0.3071,0.1693
-0.0600,0.3044,0.1671
-0.0750,0.3098,0.1659
-0.0800,0.3230,0.1656
-0.0800,0.3472,0.1661
-0.0750,0.3821,0.1671
-0.0750,0.4248,0.1686
-0.0800,0.4678,0.1703
-0.0200,0.5105,0.1722
-0.0650,0.5508,0.1742
-0.0850,0.5881,0.1774
-0.0850,0.6177,0.1813
-0.0800,0.6365,0.1857
-0.0700,0.6445,0.1906
-0.0700,0.6445,0.1947
-0.0650,0.6365,0.1979
-0.0650,0.6204,0.1999
-0.0500,0.6016,0.2006
-0.0650,0.5776,0.2003
-0.0650,0.5535,0.1994
-0.0650,0.5266,0.1979
-0.0550,0.5051,0.1962
0.1600,0.4839,0.1942
0.2650,0.4624,0.1920
-0.2250,0.4436,0.1889
-0.1700,0.4275,0.1849
-0.0450,0.4141,0.1823
-0.0400,0.4009,0.1806
-0.0350,0.3901,0.1791
-0.0300,0.3848,0.1774
-0.0300,0.3740,0.1776
-0.0200,0.3633,0.1793
-0.0150,0.3579,0.1825
-0.0100,0.3472,0.1862
0.0000,0.3418,0.1906
0.0100,0.3364,0.1952
0.0250,0.3311,0.1981
0.0450,0.3257,0.1996
0.0750,0.3179,0.1999
0.1100,0.3098,0.1994
0.1600,0.2991,0.1974
0.2150,0.2937,0.1942
0.2200,0.2830,0.1920
0.1400,0.2722,0.1908
0.0400,0.2695,0.1903
-0.0300,0.2722,0.1903
-0.0650,0.2830,0.1908
-0.0750,0.3071,0.1918
-0.0800,0.3364,0.1928
-0.0750,0.3767,0.1940
-0.0700,0.4221,0.1962
-0.0700,0.4705,0.1996
-0.0250,0.5159,0.2035
-0.0550,0.5588,0.2079
-0.0750,0.5989,0.2126
-0.0800,0.6311,0.2174
-0.0800,0.6553,0.2223
-0.0700,0.6687,0.2270
-0.0700,0.6768,0.2299
-0.0650,0.6714,0.2311
-0.0550,0.6606,0.2321
-0.0500,0.6418,0.2331
-0.0550,0.6204,0.2336
-0.0550,0.5962,0.2341
-0.0550,0.5696,0.2338
-0.0550,0.5454,0.2326
0.0400,0.5212,0.2306
0.3550,0.5024,0.2282
-0.0800,0.4839,0.2255
-0.2250,0.4651,0.2226
-0.0800,0.4517,0.2196
-0.0350,0.4382,0.2167
-0.0350,0.4275,0.2145
-0.0300,0.4167,0.2133
-0.0300,0.4089,0.2126
-0.0300,0.4009,0.2123
-0.0200,0.3928,0.2135
-0.0150,0.3848,0.2157
-0.0050,0.3794,0.2187
0.0050,0.3713,0.2221
0.0150,0.3633,0.2250
0.0250,0.3579,0.2272
0.0450,0.3499,0.2280
0.0800,0.3418,0.2277
0.1200,0.3311,0.2277
0.1750,0.3257,0.2280
0.2050,0.3152,0.2292
0.1700,0.3044,0.2316
0.0650,0.2991,0.2365
-0.0150,0.2964,0.2438
-0.0600,0.3044,0.2538
-0.0750,0.3179,0.2661
-0.0800,0.3445,0.2800
-0.0800,0.3821,0.2954
-0.0750,0.4275,0.3130
-0.0750,0.4758,0.3320
-0.0500,0.5212,0.3535
-0.0350,0.5696,0.3765
-0.0700,0.6123,0.4000
-0.0900,0.6472,0.4234
-0.0850,0.6768,0.4469
-0.0750,0.6953,0.4703
-0.0600,0.7034,0.4938
-0.0600,0.7034,0.5172
-0.0550,0.6980,0.5407
-0.0550,0.6926,0.5639
-0.0400,0.6768,0.5861
-0.0500,0.6553,0.6074
-0.0550,0.6338,0.6279
-0.0450,0.6123,0.6479
-0.0300,0.5857,0.6675
0.3100,0.5642,0.6863
0.2100,0.5427,0.7039
-0.2050,0.5239,0.7203
-0.1050,0.5078,0.7361
-0.0400,0.4973,0.7510
-0.0350,0.4866,0.7655
-0.0300,0.4758,0.7794
-0.0250,0.4651,0.7931
-0.0250,0.4570,0.8063
-0.0200,0.4490,0.8194
-0.0150,0.4409,0.8324
-0.0050,0.4355,0.8439
0.0000,0.4302,0.8544
0.0100,0.4248,0.8642
0.0200,0.4194,0.8734
0.0350,0.4143,0.8822
0.0650,0.4089,0.8903
0.1050,0.4036,0.8962
0.1550,0.3955,0.9003
0.2050,0.3901,0.9037
0.1950,0.3848,0.9072
0.1100,0.3794,0.9113
0.0150,0.3767,0.9157
-0.0450,0.3848,0.9199
-0.0700,0.3982,0.9238
-0.0750,0.4221,0.9282
-0.0750,0.4570,0.9328
-0.0750,0.4971,0.9362
-0.0650,0.5454,0.9379
-0.0700,0.5989,0.9387
0.0100,0.6526,0.9382
-0.0550,0.7034,0.9353
-0.0800,0.7517,0.9299
-0.0800,0.7891,0.9230
-0.0700,0.8213,0.9147
-0.0600,0.8428,0.9045
-0.0550,0.8562,0.8923
-0.0600,0.8589,0.8778
-0.0550,0.8535,0.8617
-0.0500,0.8455,0.8441
-0.0550,0.8347,0.8256
-0.0550,0.8105,0.8063
-0.0450,0.7837,0.7860
-0.0400,0.7544,0.7645
0.1850,0.7249,0.7420
0.2950,0.6953,0.7207
-0.2150,0.6687,0.7005
-0.1650,0.6445,0.6812
-0.0450,0.6177,0.6626
-0.0300,0.5989,0.6433
-0.0300,0.5803,0.6237
-0.0300,0.5642,0.6037
-0.0300,0.5503,0.5837
-0.0250,0.5361,0.5632
-0.0200,0.5222,0.5426
-0.0150,0.5081,0.5221
-0.0100,0.5000,0.5018
-0.0050,0.4915,0.4825
0.0100,0.4802,0.4640
0.0300,0.4690,0.4461
0.0700,0.4578,0.4288
0.1100,0.4521,0.4119
0.1650,0.4409,0.3953
0.2150,0.4326,0.3792
0.2250,0.4241,0.3635
0.1450,0.4158,0.3501
0.0450,0.4072,0.3386
-0.0300,0.4045,0.3286
-0.0650,0.4045,0.3196
-0.0800,0.4102,0.3115
-0.0800,0.4270,0.3042
-0.0700,0.4521,0.2973
-0.0750,0.4888,0.2910
-0.0750,0.5278,0.2851
-0.0300,0.5728,0.2793
-0.0450,0.6177,0.2727
-0.0750,0.6597,0.2653
-0.0900,0.6990,0.2575
-0.0800,0.7244,0.2492
-0.0750,0.7439,0.2409
-0.0700,0.7524,0.2326
-0.0650,0.7495,0.2236
-0.0600,0.7383,0.2138
-0.0550,0.7188,0.2045
-0.0500,0.6934,0.1957
-0.0600,0.6653,0.1874
-0.0600,0.6372,0.1793
-0.0550,0.6064,0.1718
0.0100,0.5784,0.1647
0.3300,0.5503,0.1588
-0.0200,0.5249,0.1542
-0.2400,0.5027,0.1503
-0.0950,0.4858,0.1471
-0.0250,0.4663,0.1444
-0.0250,0.4495,0.1422
-0.0250,0.4353,0.1412
-0.0250,0.4241,0.1415
-0.0150,0.4072,0.1422
-0.0150,0.3960,0.1439
-0.0050,0.3848,0.1468
0.0050,0.3735,0.1510
0.0100,0.3623,0.1559
0.0250,0.3511,0.1613
0.0350,0.3398,0.1659
0.0600,0.3286,0.1698
0.0950,0.3174,0.1725
0.1400,0.3062,0.1737
0.1950,0.2949,0.1732
0.2350,0.2837,0.1713
0.1950,0.2725,0.1693
0.0900,0.2612,0.1671
0.0050,0.2529,0.1639
-0.0500,0.2529,0.1600
-0.0700,0.2556,0.1556
-0.0700,0.2776,0.1510
-0.0650,0.3018,0.1481
-0.0700,0.3311,0.1468
-0.0650,0.3713,0.1466
-0.0650,0.4141,0.1473
-0.0200,0.4570,0.1495
-0.0650,0.4971,0.1532
-0.0750,0.5347,0.1576
-0.0750,0.5669,0.1625
-0.0750,0.5884,0.1669
-0.0700,0.6016,0.1708
-0.0700,0.6069,0.1742
-0.0700,0.5989,0.1776
-0.0650,0.5884,0.1815
-0.0550,0.5696,0.1859
-0.0650,0.5481,0.1898
-0.0700,0.5239,0.1933
-0.0650,0.4998,0.1972
-0.0550,0.4785,0.2016
0.1750,0.4570,0.2062
0.2450,0.4355,0.2111
-0.2450,0.4141,0.2150
-0.1750,0.3982,0.2182
-0.0600,0.3848,0.2196
-0.0500,0.3740,0.2201
-0.0300,0.3633,0.2206
-0.0100,0.3579,0.2211
0.0000,0.3499,0.2209
-0.0050,0.3445,0.2192
-0.0100,0.3391,0.2140
-0.0100,0.3311,0.2057
-0.0050,0.3257,0.1935
-0.0050,0.3206,0.1776
0.0050,0.3125,0.1559
0.0200,0.3071,0.1292
0.0500,0.2991,0.0982
0.0900,0.2910,0.0645
0.1550,0.2856,0.0327
0.2100,0.2830,0.0037
0.2100,0.2776,-0.0005
0.1300,0.2749,-0.0005
0.0300,0.2749,-0.0005
-0.0300,0.2776,-0.0005
-0.0600,0.2856,-0.0005
-0.0750,0.3071,-0.0005
-0.0700,0.3364,-0.0005
-0.0700,0.3740,-0.0005
-0.0650,0.4194,-0.0005
-0.0600,0.4678,0.0007
-0.0150,0.5105,0.0222
-0.0450,0.5588,0.0464
-0.0600,0.5962,0.0706
-0.0750,0.6311,0.0938
-0.0750,0.6553,0.1136
-0.0700,0.6741,0.1305
-0.0700,0.6794,0.1439
-0.0700,0.6768,0.1542
-0.0800,0.6714,0.1598
-0.0800,0.6633,0.1610
-0.0450,0.6445,0.1573
-0.0600,0.6204,0.1495
-0.0550,0.5935,0.1378
-0.0250,0.5728,0.1236
0.1100,0.5447,0.1104
0.4100,0.5222,0.0989
-0.0450,0.5027,0.0911
-0.1500,0.4858,0.0872
-0.0100,0.4690,0.0904
-0.0050,0.4551,0.1004
-0.0400,0.4409,0.1202
-0.0450,0.4297,0.1485
-0.0450,0.4185,0.1845
-0.0450,0.4072,0.2265
-0.0450,0.3960,0.2734
-0.0600,0.3877,0.3240
-0.0550,0.3792,0.3743
-0.0400,0.3708,0.4237
-0.0300,0.3623,0.4674
-0.0050,0.3540,0.5050
0.0250,0.3455,0.5302
0.0750,0.3342,0.5434
0.1200,0.3230,0.5412
0.1650,0.3174,0.5255
0.2100,0.3062,0.4957
0.1700,0.2949,0.4535
0.0800,0.2866,0.3982
0.0200,0.2810,0.3320
0.0100,0.2810,0.2541
0.0950,0.2893,0.1661
0.2500,0.3118,0.0647
0.5150,0.3455,-0.0005
0.7000,0.3877,-0.0005
0.7300,0.4382,-0.0005
0.4350,0.4888,-0.0005
-0.0500,0.5361,-0.0005
-0.2650,0.5840,-0.0005
-0.2850,0.6233,-0.0005
-0.2650,0.6597,-0.0005
-0.2200,0.6851,-0.0005
-0.1750,0.7075,-0.0005
-0.1550,0.7188,-0.0005
-0.1400,0.7188,-0.0005
-0.1250,0.7158,-0.0005
-0.1000,0.7019,0.0315
-0.1150,0.6794,0.1930
-0.1100,0.6570,0.3596
-0.1000,0.6345,0.5265
-0.0650,0.6147,0.6748
0.2950,0.5979,0.8043
0.1400,0.5867,0.9064
-0.2400,0.5754,0.9851
-0.1500,0.5642,1.0000
-0.0900,0.5559,1.0000
-0.0800,0.5474,1.0000
-0.0750,0.5361,1.0000
-0.0700,0.5305,1.0000
-0.0650,0.5222,1.0000
-0.0650,0.5193,1.0000
-0.0600,0.5137,1.0000
-0.0450,0.5081,1.0000
-0.0350,0.5027,1.0000
-0.0050,0.4971,1.0000
0.0200,0.4858,1.0000
0.0550,0.4746,1.0000
0.0850,0.4651,1.0000
0.0950,0.4543,1.0000
0.1350,0.4436,1.0000
0.1200,0.4382,1.0000
0.0750,0.4275,0.9956
-0.0150,0.4221,0.9734
-0.0750,0.4194,0.9516
-0.0800,0.4194,0.9387
-0.0600,0.4275,0.9350
-0.0600,0.4436,0.9445
-0.0850,0.4705,0.9641
-0.0950,0.5078,0.9851
-0.0850,0.5535,1.0000
-0.0900,0.6042,1.0000
-0.0300,0.6580,1.0000
-0.0750,0.7061,1.0000
-0.0850,0.7490,1.0000
-0.0850,0.7864,1.0000
-0.0700,0.8159,1.0000
-0.0650,0.8347,1.0000
-0.0650,0.8428,1.0000
-0.0600,0.8455,1.0000
-0.0600,0.8347,1.0000
-0.0500,0.8159,1.0000
-0.0650,0.7917,1.0000
-0.0600,0.7625,1.0000
-0.0550,0.7329,1.0000
-0.0450,0.7007,1.0000
0.1800,0.6687,1.0000
0.2650,0.6418,1.0000
-0.2250,0.6150,1.0000
-0.1600,0.5908,1.0000
-0.0450,0.5750,0.9993
-0.0300,0.5562,0.9914
-0.0250,0.5427,0.9812
-0.0250,0.5293,0.9692
-0.0150,0.5132,0.9560
-0.0150,0.5024,0.9409
-0.0150,0.4893,0.9240
-0.0050,0.4731,0.9069
0.0100,0.4597,0.8898
0.0200,0.4436,0.8727
0.0350,0.4329,0.8554
0.0550,0.4248,0.8370
0.0900,0.4194,0.8180
0.1200,0.4116,0.7982
0.1600,0.4062,0.7782
0.2100,0.3955,0.7589
0.2200,0.3821,0.7400
0.1400,0.3687,0.7220
0.0500,0.3525,0.7041
-0.0100,0.3445,0.6878
-0.0450,0.3418,0.6726
-0.0550,0.3472,0.6594
-0.0600,0.3660,0.6479
-0.0700,0.3955,0.6374
-0.0750,0.4355,0.6281
-0.0700,0.4785,0.6206
-0.0200,0.5159,0.6147
-0.0250,0.5562,0.6108
-0.0250,0.5935,0.6086
-0.0600,0.6257,0.6066
-0.0650,0.6472,0.6049
-0.0650,0.6606,0.6042
-0.0700,0.6660,0.6042
-0.0700,0.6580,0.6042
-0.0700,0.6445,0.6035
-0.0650,0.6230,0.6018
0.1450,0.6016,0.5991
0.2200,0.5723,0.5966
-0.2400,0.5454,0.5942
-0.1750,0.5159,0.5910
-0.0550,0.4946,0.5871
-0.0400,0.4731,0.5827
-0.0400,0.4463,0.5778
-0.0300,0.4302,0.5727
-0.0250,0.4089,0.5673
-0.0200,0.3955,0.5619
-0.0150,0.3794,0.5566
-0.0050,0.3687,0.5531
0.0000,0.3579,0.5509
0.0050,0.3525,0.5495
0.0300,0.3445,0.5480
0.0550,0.3364,0.5465
0.0900,0.3311,0.5451
0.1400,0.3257,0.5436
0.2000,0.3179,0.5421
0.2450,0.3098,0.5407
0.2050,0.3018,0.5397
0.1050,0.2937,0.5407
0.0150,0.2883,0.5434
-0.0400,0.2856,0.5463
-0.0700,0.2883,0.5495
-0.0700,0.2964,0.5529
-0.0700,0.3179,0.5563
-0.0700,0.3418,0.5610
-0.0700,0.3794,0.5666
-0.0700,0.4167,0.5739
-0.0750,0.4570,0.5825
-0.0750,0.4919,0.5913
-0.0800,0.5212,0.5996
-0.0750,0.5481,0.6066
-0.0600,0.5696,0.6132
-0.0150,0.5803,0.6201
-0.0800,0.5857,0.6274
-0.1050,0.5776,0.6347
-0.0950,0.5669,0.6426
-0.0900,0.5535,0.6504
-0.0800,0.5427,0.6577
-0.0800,0.5212,0.6616
-0.0700,0.4973,0.6631
-0.0650,0.4731,0.6633
-0.0600,0.4517,0.6624
-0.0700,0.4302,0.6599
-0.0650,0.4089,0.6560
-0.0600,0.3901,0.6501
-0.0200,0.3740,0.6428
0.3400,0.3633,0.6362
0.1350,0.3525,0.6306
-0.2350,0.3472,0.6255
-0.1250,0.3391,0.6208
-0.0450,0.3311,0.6157
-0.0400,0.3257,0.6098
-0.0350,0.3179,0.6047
-0.0300,0.3167,0.6003
-0.0300,0.3115,0.5974
-0.0300,0.3064,0.5957
-0.0250,0.2988,0.5947
-0.0150,0.2935,0.5944
-0.0050,0.2935,0.5947
0.0000,0.2935,0.5949
0.0150,0.2935,0.5927
0.0300,0.2935,0.5878
0.0650,0.2935,0.5815
0.1050,0.2935,0.5737
0.1550,0.2883,0.5658
0.2100,0.2883,0.5583
0.2150,0.2832,0.5509
0.1400,0.2832,0.5439
0.0450,0.2832,0.5387
-0.0200,0.2908,0.5355
-0.0550,0.3091,0.5326
-0.0700,0.3347,0.5299
-0.0700,0.3708,0.5282
-0.0750,0.4148,0.5275
-0.0700,0.4663,0.5277
-0.0700,0.5127,0.5285
-0.0150,0.5618,0.5297
-0.0550,0.6082,0.5312
-0.0750,0.6467,0.5329
-0.0850,0.6777,0.5348
-0.0750,0.7009,0.5368
-0.0650,0.7139,0.5392
-0.0650,0.7166,0.5436
-0.0650,0.7139,0.5497
-0.0600,0.7009,0.5563
-0.0550,0.6855,0.5634
-0.0600,0.6650,0.5724
-0.0700,0.6416,0.5832
-0.0650,0.6184,0.5944
-0.0700,0.5979,0.6059
0.0700,0.5771,0.6184
0.3950,0.5566,0.6313
-0.1050,0.5359,0.6430
-0.1950,0.5229,0.6538
-0.0700,0.5076,0.6645
-0.0400,0.5000,0.6755
-0.0450,0.4946,0.6887
-0.0350,0.4868,0.7036
-0.0350,0.4792,0.7188
-0.0250,0.4741,0.7342
-0.0200,0.4690,0.7518
-0.0200,0.4612,0.7711
-0.0200,0.4561,0.7906
-0.0050,0.4507,0.8099
0.0050,0.4456,0.8282
0.0200,0.4380,0.8456
0.0450,0.4302,0.8612
0.0800,0.4250,0.8754
0.1300,0.4175,0.8871
0.1850,0.4094,0.8976
0.2100,0.3992,0.9074
0.1600,0.3940,0.9174
0.0600,0.3889,0.9282
-0.0150,0.3865,0.9394
-0.0550,0.3889,0.9504
-0.0650,0.3933,0.9609
-0.0700,0.4185,0.9712
-0.0650,0.4521,0.9809
-0.0650,0.4915,0.9902
-0.0650,0.5361,0.9995
-0.0050,0.5867,1.0000
-0.0250,0.6372,1.0000
-0.0650,0.6851,1.0000
-0.0850,0.7271,1.0000
-0.0750,0.7607,1.0000
-0.0650,0.7861,1.0000
-0.0550,0.8057,1.0000
-0.0600,0.8169,1.0000
-0.0500,0.8169,1.0000
-0.0450,0.8113,1.0000
-0.0350,0.7974,1.0000
-0.0450,0.7805,1.0000
-0.0300,0.7581,1.0000
-0.0250,0.7356,1.0000
0.0350,0.7102,1.0000
0.4200,0.6851,1.0000
0.1050,0.6626,1.0000
-0.1850,0.6401,0.9880
-0.0750,0.6204,0.9724
-0.0150,0.6035,0.9570
-0.0100,0.5896,0.9419
-0.0100,0.5754,0.9265
-0.0050,0.5642,0.9089
-0.0050,0.5530,0.8898
0.0000,0.5417,0.8683
0.0000,0.5305,0.8451
0.0100,0.5193,0.8207
0.0150,0.5137,0.7953
0.0200,0.5054,0.7703
0.0350,0.5000,0.7454
0.0600,0.4971,0.7200
0.0900,0.4858,0.6941
0.1300,0.4775,0.6677
0.1800,0.4663,0.6413
0.2300,0.4521,0.6147
0.2000,0.4409,0.5881
0.1100,0.4297,0.5624
0.0150,0.4270,0.5380
-0.0400,0.4270,0.5153
-0.0650,0.4382,0.4940
-0.0700,0.4634,0.4742
-0.0650,0.4944,0.4552
-0.0700,0.5334,0.4381
-0.0650,0.5811,0.4224
-0.0700,0.6289,0.4092
0.0050,0.6794,0.3973
-0.0600,0.7214,0.3853
-0.0800,0.7551,0.3733
-0.0800,0.7861,0.3635
-0.0700,0.8086,0.3552
-0.0650,0.8169,0.3484
-0.0700,0.8198,0.3423
-0.0600,0.8086,0.3372
-0.0600,0.7974,0.3330
-0.0550,0.7720,0.3301
-0.0650,0.7383,0.3284
-0.0600,0.7046,0.3276
-0.0600,0.6653,0.3276
-0.0550,0.6260,0.3269
0.1900,0.5923,0.3254
0.2550,0.5586,0.3220
-0.2350,0.5305,0.3169
-0.1600,0.5054,0.3122
-0.0450,0.4888,0.3088
-0.0400,0.4690,0.3076
-0.0350,0.4551,0.3083
-0.0300,0.4409,0.3096
-0.0250,0.4297,0.3108
-0.0250,0.4185,0.3105
-0.0150,0.4072,0.3088
-0.0050,0.3960,0.3069
0.0050,0.3848,0.3052
0.0150,0.3735,0.3044
0.0250,0.3623,0.3044
0.0450,0.3567,0.3042
0.0750,0.3455,0.3034
0.1150,0.3342,0.3015
0.1650,0.3230,0.2983
0.2200,0.3062,0.2937
0.2150,0.2949,0.2878
0.1300,0.2837,0.2832
0.0300,0.2725,0.2793
-0.0350,0.2668,0.2751
-0.0650,0.2642,0.2707
-0.0750,0.2725,0.2663
-0.0800,0.2922,0.2617
-0.0800,0.3174,0.2580
-0.0750,0.3567,0.2553
-0.0700,0.3989,0.2534
-0.0150,0.4465,0.2519
-0.0500,0.4915,0.2509
-0.0750,0.5278,0.2499
-0.0850,0.5642,0.2482
-0.0750,0.5896,0.2458
-0.0700,0.6091,0.2431
-0.0650,0.6177,0.2402
-0.0650,0.6177,0.2367
-0.0600,0.6091,0.2333
-0.0600,0.5952,0.2299
-0.0600,0.5728,0.2265
-0.0700,0.5503,0.2231
-0.0650,0.5278,0.2196
-0.0600,0.5054,0.2162
0.0350,0.4832,0.2128
0.3750,0.4607,0.2094
-0.0600,0.4409,0.2060
-0.2250,0.4241,0.2030
-0.0850,0.4072,0.1999
-0.0400,0.3960,0.1981
-0.0400,0.3848,0.1969
-0.0350,0.3792,0.1967
-0.0300,0.3735,0.1967
-0.0250,0.3679,0.1972
-0.0200,0.3623,0.1981
-0.0100,0.3567,0.2003
-0.0100,0.3511,0.2033
0.0050,0.3484,0.2057
0.0100,0.3455,0.2079
0.0300,0.3398,0.2086
0.0550,0.3342,0.2084
0.0900,0.3286,0.2077
0.1400,0.3230,0.2062
0.1950,0.3147,0.2045
0.2300,0.3062,0.2025
0.1800,0.2949,0.2013
0.0850,0.2866,0.2008
-0.0050,0.2810,0.2008
-0.0450,0.2810,0.2011
-0.0650,0.2866,0.2028
-0.0700,0.3035,0.2052
-0.0700,0.3286,0.2077
-0.0650,0.3623,0.2099
-0.0650,0.4045,0.2126
-0.0400,0.4551,0.2162
-0.0050,0.4998,0.2201
-0.0550,0.5447,0.2243
-0.0700,0.5867,0.2275
-0.0650,0.6204,0.2301
-0.0650,0.6514,0.2323
-0.0550,0.6653,0.2341
-0.0550,0.6738,0.2355
-0.0500,0.6738,0.2367
-0.0500,0.6653,0.2377
-0.0400,0.6514,0.2385
-0.0550,0.6289,0.2382
-0.0500,0.6064,0.2370
-0.0450,0.5840,0.2350
-0.0300,0.5586,0.2323
0.2800,0.5334,0.2287
0.2100,0.5110,0.2238
-0.2250,0.4971,0.2194
-0.1300,0.4775,0.2152
-0.0400,0.4634,0.2123
-0.0300,0.4465,0.2106
-0.0250,0.4353,0.2094
-0.0250,0.4270,0.2091
-0.0200,0.4185,0.2101
-0.0100,0.4128,0.2121
-0.0050,0.4045,0.2140
-0.0050,0.3960,0.2160
0.0050,0.3904,0.2187
0.0100,0.3848,0.2216
0.0300,0.3765,0.2231
0.0400,0.3679,0.2233
0.0750,0.3623,0.2226
0.1150,0.3540,0.2211
0.1600,0.3455,0.2192
0.2150,0.3342,0.2170
0.2050,0.3286,0.2165
0.1200,0.3174,0.2177
0.0250,0.3091,0.2199
-0.0350,0.3035,0.2233
-0.0550,0.3035,0.2299
-0.0650,0.3118,0.2394
-0.0700,0.3315,0.2514
-0.0700,0.3596,0.2653
-0.0700,0.3960,0.2815
-0.0650,0.4382,0.2993
0.0100,0.4832,0.3179
-0.0500,0.5222,0.3367
-0.0700,0.5671,0.3565
-0.0800,0.6035,0.3772
-0.0750,0.6372,0.3978
-0.0650,0.6597,0.4178
-0.0600,0.6709,0.4376
-0.0500,0.6765,0.4571
-0.0450,0.6738,0.4767
-0.0350,0.6626,0.4957
-0.0450,0.6458,0.5148
-0.0450,0.6289,0.5338
-0.0400,0.6064,0.5524
-0.0400,0.5840,0.5710
0.1300,0.5615,0.5895
0.4450,0.5391,0.6079
-0.0800,0.5166,0.6252
-0.1500,0.5000,0.6416
-0.0500,0.4858,0.6582
-0.0300,0.4746,0.6751
-0.0300,0.4634,0.6909
-0.0300,0.4521,0.7063
-0.0300,0.4465,0.7210
-0.0200,0.4382,0.7354
-0.0250,0.4326,0.7503
-0.0200,0.4297,0.7657
-0.0150,0.4241,0.7806
-0.0050,0.4214,0.7948
0.0050,0.4158,0.8075
0.0200,0.4102,0.8187
0.0450,0.4045,0.8268
0.0800,0.4016,0.8326
0.1300,0.3960,0.8378
0.1850,0.3933,0.8422
0.2150,0.3877,0.8461
0.1600,0.3848,0.8497
0.0550,0.3821,0.8541
-0.0200,0.3821,0.8593
-0.0550,0.3904,0.8649
-0.0700,0.4045,0.8710
-0.0700,0.4297,0.8774
-0.0650,0.4690,0.8837
-0.0650,0.5110,0.8905
-0.0550,0.5642,0.8971
0.0150,0.6204,0.9015
-0.0050,0.6765,0.9040
-0.0350,0.7271,0.9023
-0.0600,0.7720,0.8962
-0.0450,0.8113,0.8844
-0.0450,0.8367,0.8681
-0.0350,0.8562,0.8502
-0.0400,0.8674,0.8319
-0.0400,0.8674,0.8158
-0.0350,0.8618,0.8021
-0.0300,0.8479,0.7899
-0.0450,0.8281,0.7782
-0.0400,0.8000,0.7625
-0.0350,0.7720,0.7425
0.0400,0.7439,0.7156
0.3900,0.7131,0.6834
-0.0200,0.6877,0.6487
-0.2050,0.6626,0.6130
-0.0700,0.6428,0.5781
-0.0200,0.6233,0.5443
-0.0200,0.6091,0.5136
-0.0150,0.5923,0.4852
-0.0200,0.5784,0.4588
-0.0200,0.5642,0.4339
-0.0100,0.5474,0.4109
-0.0050,0.5305,0.3902
0.0000,0.5166,0.3716
0.0100,0.5027,0.3548
0.0150,0.4971,0.3374
0.0350,0.4888,0.3198
0.0550,0.4802,0.3025
0.0900,0.4719,0.2859
0.1300,0.4634,0.2700
0.1850,0.4521,0.2546
0.2250,0.4409,0.2399
0.1850,0.4297,0.2258
0.0800,0.4241,0.2121
-0.0100,0.4158,0.1989
-0.0550,0.4158,0.1862
-0.0750,0.4185,0.1742
-0.0800,0.4353,0.1634
-0.0800,0.4607,0.1542
-0.0750,0.4915,0.1478
-0.0750,0.5278,0.1439
-0.0750,0.5671,0.1417
-0.0050,0.6121,0.1410
-0.0650,0.6484,0.1400
-0.0850,0.6821,0.1393
-0.0800,0.7075,0.1395
-0.0750,0.7271,0.1407
-0.0650,0.7356,0.1444
-0.0700,0.7356,0.1498
-0.0650,0.7300,0.1549
-0.0600,0.7244,0.1593
-0.0550,0.7102,0.1632
-0.0600,0.6907,0.1666
-0.0600,0.6682,0.1678
-0.0600,0.6372,0.1671
-0.0550,0.6064,0.1661
0.1700,0.5754,0.1647
0.2600,0.5417,0.1632
-0.2300,0.5166,0.1617
-0.1700,0.4971,0.1603
-0.0500,0.4775,0.1588
-0.0450,0.4634,0.1581
-0.0400,0.4521,0.1583
-0.0350,0.4409,0.1593
-0.0300,0.4297,0.1610
-0.0250,0.4158,0.1649
-0.0150,0.4016,0.1705
-0.0150,0.3877,0.1776
-0.0050,0.3735,0.1854
0.0050,0.3623,0.1918
0.0200,0.3567,0.1969
0.0350,0.3455,0.2001
0.0700,0.3342,0.2016
0.1100,0.3230,0.2011
0.1600,0.3118,0.1989
0.2150,0.3005,0.1964
0.2150,0.2893,0.1942
0.1350,0.2781,0.1928
0.0350,0.2698,0.1920
-0.0350,0.2642,0.1918
-0.0700,0.2642,0.1925
-0.0800,0.2668,0.1942
-0.0800,0.2866,0.1969
-0.0800,0.3118,0.1994
-0.0800,0.3455,0.2018
-0.0750,0.3877,0.2050
-0.0250,0.4326,0.2086
-0.0600,0.4832,0.2128
-0.0800,0.5222,0.2172
-0.0850,0.5586,0.2218
-0.0800,0.5923,0.2265
-0.0750,0.6147,0.2301
-0.0700,0.6289,0.2328
-0.0650,0.6345,0.2341
-0.0600,0.6289,0.2338
-0.0550,0.6177,0.2331
-0.0550,0.6008,0.2316
-0.0650,0.5784,0.2304
-0.0600,0.5503,0.2294
-0.0600,0.5278,0.2270
0.0250,0.5054,0.2233
0.3500,0.4832,0.2206
-0.0800,0.4663,0.2184
-0.2350,0.4465,0.2152
-0.0850,0.4297,0.2111
-0.0400,0.4128,0.2079
-0.0350,0.4016,0.2060
-0.0350,0.3960,0.2038
-0.0250,0.3848,0.2016
-0.0200,0.3792,0.2001
-0.0050,0.3735,0.1996
0.0000,0.3679,0.2006
0.0000,0.3596,0.2028
0.0100,0.3540,0.2060
0.0250,0.3484,0.2094
0.0350,0.3428,0.2123
0.0550,0.3342,0.2145
0.0900,0.3286,0.2157
0.1300,0.3230,0.2155
0.1850,0.3147,0.2148
0.2150,0.3062,0.2133
0.1700,0.2949,0.2126
0.0700,0.2837,0.2123
-0.0100,0.2810,0.2135
-0.0550,0.2810,0.2155
-0.0750,0.2922,0.2174
-0.0800,0.3147,0.2194
-0.0800,0.3455,0.2218
-0.0750,0.3821,0.2250
-0.0700,0.4297,0.2287
-0.0550,0.4802,0.2328
-0.0300,0.5249,0.2380
-0.0700,0.5728,0.2438
-0.0850,0.6147,0.2485
-0.0850,0.6484,0.2521
-0.0750,0.6738,0.2560
-0.0700,0.6934,0.2600
-0.0700,0.6990,0.2641
-0.0600,0.6963,0.2683
-0.0600,0.6877,0.2714
-0.0500,0.6682,0.2736
-0.0650,0.6484,0.2744
-0.0700,0.6233,0.2736
-0.0600,0.5979,0.2719
-0.0450,0.5728,0.2695
0.2500,0.5503,0.2653
0.1500,0.5278,0.2602
-0.2500,0.5054,0.2551
-0.1450,0.4915,0.2502
-0.0450,0.4746,0.2465
-0.0400,0.4634,0.2438
-0.0400,0.4521,0.2429
-0.0350,0.4409,0.2436
-0.0350,0.4297,0.2473
-0.0300,0.4241,0.2534
-0.0250,0.4158,0.2626
-0.0200,0.4072,0.2746
-0.0150,0.4016,0.2893
-0.0050,0.3933,0.3059
0.0100,0.3848,0.3223
0.0300,0.3792,0.3384
0.0500,0.3679,0.3548
0.0900,0.3623,0.3719
0.1400,0.3511,0.3894
0.1950,0.3398,0.4078
0.1950,0.3286,0.4283
0.1100,0.3203,0.4505
0.0200,0.3147,0.4732
-0.0400,0.3147,0.4965
-0.0650,0.3230,0.5219
-0.0700,0.3398,0.5487
-0.0800,0.3679,0.5749
-0.0750,0.4045,0.6005
-0.0750,0.4495,0.6255
-0.0700,0.4971,0.6499
0.0050,0.5474,0.6738
-0.0650,0.5952,0.6975
-0.0800,0.6401,0.7198
-0.0900,0.6821,0.7410
-0.0750,0.7131,0.7613
-0.0650,0.7327,0.7808
-0.0600,0.7439,0.7989
-0.0600,0.7468,0.8155
-0.0550,0.7412,0.8302
-0.0500,0.7383,0.8429
-0.0550,0.7244,0.8544
-0.0600,0.7046,0.8646
-0.0450,0.6851,0.8732
-0.0500,0.6626,0.8803
0.1500,0.6401,0.8864
0.4050,0.6233,0.8913
-0.1300,0.6035,0.8947
-0.1500,0.5867,0.8967
-0.0500,0.5754,0.8986
-0.0350,0.5642,0.9006
-0.0350,0.5530,0.9025
-0.0300,0.5474,0.9045
-0.0300,0.5391,0.9054
-0.0250,0.5334,0.9057
-0.0250,0.5278,0.9062
-0.0200,0.5222,0.9072
-0.0100,0.5137,0.9084
0.0000,0.5081,0.9098
0.0050,0.5027,0.9116
0.0200,0.5000,0.9130
0.0500,0.4946,0.9125
0.0850,0.4866,0.9103
0.1350,0.4812,0.9059
0.2000,0.4758,0.8996
0.2150,0.4678,0.8920
0.1500,0.4624,0.8835
0.0500,0.4570,0.8771
-0.0250,0.4570,0.8725
-0.0600,0.4597,0.8654
-0.0750,0.4731,0.8544
-0.0800,0.4946,0.8326
-0.0750,0.5212,0.8004
-0.0750,0.5642,0.7520
-0.0700,0.6096,0.6907
-0.0250,0.6633,0.6233
-0.0450,0.7168,0.5534
-0.0750,0.7649,0.4913
-0.0850,0.8105,0.4381
-0.0800,0.8455,0.3985
-0.0700,0.8748,0.3701
-0.0650,0.8909,0.3499
-0.0600,0.8962,0.3347
-0.0400,0.8882,0.3188
-0.0200,0.8721,0.3022
0.0000,0.8508,0.2863
-0.0050,0.8240,0.2712
-0.0200,0.7944,0.2595
-0.0450,0.7651,0.2512
0.0250,0.7329,0.2480
0.3400,0.7061,0.2470
-0.1050,0.6768,0.2363
-0.2600,0.6472,0.2152
-0.2300,0.6230,0.1788
-0.1700,0.6016,0.1332
-0.0700,0.5803,0.0994
-0.0300,0.5669,0.0826
-0.0250,0.5562,0.1036
-0.0150,0.5454,0.1573
-0.0100,0.5347,0.2336
0.0000,0.5239,0.3227
0.0050,0.5105,0.4000
0.0150,0.5000,0.4623
0.0250,0.4866,0.4999
0.0400,0.4758,0.5165
0.0600,0.4651,0.5150
0.1000,0.4543,0.5001
0.1400,0.4436,0.4776
0.2000,0.4329,0.4503
0.2350,0.4194,0.4219
0.1850,0.4062,0.3938
0.0750,0.3928,0.3706
-0.0050,0.3848,0.3526
-0.0500,0.3767,0.3435
-0.0650,0.3821,0.3435
-0.0700,0.3955,0.3565
-0.0700,0.4194,0.3804
-0.0700,0.4517,0.4146
-0.0700,0.4893,0.4566
-0.0650,0.5239,0.5038
-0.0200,0.5642,0.5544
-0.0600,0.6042,0.6069
-0.0800,0.6418,0.6604
-0.0750,0.6687,0.7149
-0.0700,0.6926,0.7701
-0.0650,0.7034,0.8256
-0.0700,0.7087,0.8808
-0.0600,0.7007,0.9333
-0.0600,0.6873,0.9829
-0.0500,0.6660,1.0000
-0.0600,0.6392,1.0000
-0.0650,0.6096,1.0000
-0.0600,0.5776,1.0000
-0.0450,0.5508,1.0000
0.1900,0.5239,1.0000
0.2200,0.4998,1.0000
-0.2450,0.4785,1.0000
-0.1600,0.4570,1.0000
-0.0450,0.4355,1.0000
-0.0350,0.4194,1.0000
-0.0300,0.4062,1.0000
-0.0300,0.3901,1.0000
-0.0250,0.3794,1.0000
-0.0150,0.3740,1.0000
-0.0150,0.3633,1.0000
-0.0050,0.3525,1.0000
0.0000,0.3418,1.0000
0.0150,0.3311,1.0000
0.0250,0.3232,1.0000
0.0500,0.3152,1.0000
0.0800,0.3071,1.0000
0.1200,0.2991,1.0000
0.1700,0.2937,1.0000
0.2250,0.2830,1.0000
0.2200,0.2722,1.0000
0.1400,0.2615,1.0000
0.0400,0.2561,1.0000
-0.0250,0.2507,1.0000
-0.0550,0.2534,1.0000
-0.0600,0.2642,1.0000
-0.0650,0.2883,1.0000
-0.0650,0.3230,1.0000
-0.0650,0.3660,1.0000
-0.0650,0.4114,1.0000
-0.0400,0.4651,1.0000
-0.0500,0.5105,1.0000
-0.0700,0.5508,1.0000
-0.0800,0.5881,1.0000
-0.0700,0.6150,1.0000
-0.0600,0.6338,1.0000
-0.0600,0.6418,1.0000
-0.0550,0.6445,1.0000
-0.0500,0.6365,1.0000
-0.0450,0.6230,1.0000
-0.0450,0.6042,1.0000
-0.0550,0.5830,1.0000
-0.0450,0.5588,1.0000
-0.0450,0.5347,1.0000
0.0700,0.5105,1.0000
0.3600,0.4946,1.0000
-0.1100,0.4731,1.0000
-0.2000,0.4543,1.0000
-0.0450,0.4404,1.0000
-0.0150,0.4302,1.0000
-0.0150,0.4199,1.0000
-0.0100,0.4094,1.0000
-0.0100,0.4019,1.0000
-0.0050,0.3940,1.0000
0.0000,0.3889,1.0000
0.0000,0.3813,1.0000
0.0100,0.3733,1.0000
0.0150,0.3657,1.0000
0.0250,0.3579,1.0000
0.0350,0.3528,1.0000
0.0650,0.3452,1.0000
0.0950,0.3374,1.0000
0.1400,0.3320,1.0000
0.1950,0.3218,1.0000
0.2300,0.3115,1.0000
0.1700,0.3064,1.0000
0.0700,0.2961,1.0000
-0.0050,0.2935,1.0000
-0.0500,0.2961,1.0000
-0.0600,0.3091,1.0000
-0.0650,0.3347,1.0000
-0.0700,0.3708,1.0000
-0.0700,0.4121,1.0000
-0.0650,0.4612,1.0000
-0.0500,0.5103,1.0000
-0.0350,0.5540,1.0000
-0.0600,0.5979,1.0000
-0.0750,0.6365,1.0000
-0.0750,0.6650,1.0000
-0.0700,0.6829,1.0000
-0.0600,0.6931,1.0000
-0.0600,0.6958,1.0000
-0.0550,0.6958,1.0000
-0.0550,0.6880,1.0000
-0.0450,0.6753,1.0000
-0.0650,0.6545,1.0000
-0.0550,0.6313,1.0000
-0.0500,0.6055,1.0000
-0.0300,0.5798,1.0000
0.2950,0.5540,1.0000
0.1300,0.5308,1.0000
-0.2300,0.5103,1.0000
-0.1100,0.4973,1.0000
-0.0400,0.4844,1.0000
-0.0350,0.4714,1.0000
-0.0350,0.4612,1.0000
-0.0300,0.4507,1.0000
-0.0250,0.4404,1.0000
-0.0200,0.4302,1.0000
-0.0150,0.4199,1.0000
-0.0100,0.4148,1.0000
-0.0050,0.4043,1.0000
0.0000,0.3992,1.0000
0.0150,0.3916,1.0000
0.0350,0.3838,1.0000
0.0600,0.3787,1.0000
0.1000,0.3708,1.0000
0.1550,0.3630,1.0000
0.2050,0.3528,1.0000
0.1950,0.3477,1.0000
0.1100,0.3374,1.0000
0.0100,0.3320,1.0000
-0.0400,0.3296,1.0000
-0.0650,0.3374,1.0000
-0.0750,0.3503,1.0000
-0.0750,0.3787,1.0000
-0.0700,0.4121,1.0000
-0.0700,0.4585,1.0000
-0.0650,0.5049,1.0000
0.0100,0.5540,1.0000
-0.0600,0.6055,1.0000
-0.0800,0.6545,1.0000
-0.0800,0.6958,1.0000
-0.0700,0.7292,1.0000
-0.0550,0.7527,1.0000
-0.0600,0.7681,1.0000
-0.0450,0.7732,1.0000
-0.0350,0.7732,1.0000
-0.0250,0.7705,1.0000
-0.0400,0.7603,1.0000
-0.0450,0.7449,1.0000
-0.0450,0.7268,1.0000
-0.0400,0.7063,1.0000
0.2050,0.6804,0.9392
0.3650,0.6597,0.8063
-0.1650,0.6392,0.6614
-0.1350,0.6211,0.5111
-0.0450,0.6055,0.3772
-0.0300,0.5901,0.2602
-0.0300,0.5745,0.1634
-0.0300,0.5642,0.0833
-0.0250,0.5540,0.0173
-0.0200,0.5437,-0.0005
-0.0150,0.5332,-0.0005
-0.0100,0.5229,-0.0005
0.0000,0.5178,-0.0005
0.0050,0.5076,-0.0005
0.0100,0.5024,-0.0005
0.0300,0.5000,-0.0005
0.0600,0.4973,-0.0005
0.1000,0.4946,-0.0005
0.1550,0.4895,-0.0005
0.2150,0.4868,-0.0005
0.2200,0.4792,-0.0005
0.1450,0.4714,-0.0005
0.0450,0.4612,-0.0005
-0.0200,0.4561,-0.0005
-0.0600,0.4534,-0.0005
-0.0700,0.4612,-0.0005
-0.0750,0.4741,-0.0005
-0.0700,0.4998,-0.0005
-0.0650,0.5308,-0.0005
-0.0650,0.5720,-0.0005
-0.0200,0.6184,-0.0005
-0.0450,0.6675,-0.0005
-0.0750,0.7114,-0.0005
-0.0850,0.7527,-0.0005
-0.0700,0.7861,-0.0005
-0.0650,0.8093,-0.0005
-0.0650,0.8223,-0.0005
-0.0600,0.8301,-0.0005
-0.0500,0.8223,-0.0005
-0.0500,0.8311,-0.0005
-0.0500,0.8057,-0.0005
-0.0550,0.7776,-0.0005
-0.0500,0.7383,-0.0005
-0.0500,0.7019,-0.0005
0.0450,0.6626,-0.0005
0.3600,0.6260,-0.0005
-0.0900,0.5867,-0.0005
-0.2250,0.5530,-0.0005
-0.0750,0.5249,-0.0005
-0.0400,0.5027,-0.0005
-0.0350,0.4832,-0.0005
-0.0300,0.4607,-0.0005
-0.0250,0.4438,-0.0005
-0.0250,0.4297,-0.0005
-0.0200,0.4158,-0.0005
-0.0100,0.4016,-0.0005
-0.0050,0.3960,-0.0005
-0.0050,0.3848,-0.0005
0.0100,0.3765,-0.0005
0.0250,0.3679,-0.0005
0.0450,0.3623,-0.0005
0.0900,0.3540,-0.0005
0.1350,0.3455,-0.0005
0.1900,0.3342,-0.0005
0.2200,0.3230,-0.0005
0.1650,0.3118,-0.0005
0.0650,0.3005,-0.0005
-0.0150,0.2893,-0.0005
-0.0650,0.2837,-0.0005
-0.0800,0.2837,-0.0005
-0.0800,0.2893,-0.0005
-0.0800,0.3091,-0.0005
-0.0800,0.3398,-0.0005
-0.0750,0.3765,-0.0005
-0.0650,0.4214,-0.0005
-0.0200,0.4663,-0.0005
-0.0650,0.5083,-0.0005
-0.0850,0.5474,-0.0005
-0.0850,0.5811,-0.0005
-0.0800,0.6064,0.0020
-0.0700,0.6260,0.0081
-0.0750,0.6316,0.0144
-0.0650,0.6289,0.0208
-0.0650,0.6204,0.0271
-0.0600,0.6064,0.0335
-0.0700,0.5840,0.0398
-0.0700,0.5615,0.0450
-0.0650,0.5391,0.0496
-0.0500,0.5137,0.0533
0.2500,0.4944,0.0567
0.2050,0.4719,0.0603
-0.2450,0.4495,0.0645
-0.1500,0.4297,0.0689
-0.0500,0.4128,0.0735
-0.0450,0.3989,0.0784
-0.0450,0.3848,0.0833
-0.0350,0.3765,0.0882
-0.0350,0.3679,0.0931
-0.0250,0.3596,0.0975
0.0000,0.3511,0.1019
-0.0100,0.3455,0.1063
-0.0150,0.3398,0.1107
-0.0100,0.3315,0.1139
0.0050,0.3259,0.1161
0.0300,0.3174,0.1178
0.0600,0.3118,0.1187
0.1050,0.3062,0.1173
0.1600,0.2979,0.1141
0.2100,0.2893,0.1114
0.2050,0.2837,0.1097
0.1150,0.2754,0.1092
0.0250,0.2754,0.1099
-0.0400,0.2754,0.1114
-0.0650,0.2781,0.1136
-0.0750,0.2922,0.1173
-0.0750,0.3174,0.1219
-0.0750,0.3511,0.1275
-0.0700,0.3933,0.1336
-0.0700,0.4438,0.1393
-0.0150,0.4915,0.1441
-0.0500,0.5391,0.1498
-0.0750,0.5840,0.1556
-0.0800,0.6204,0.1620
-0.0750,0.6458,0.1681
-0.0700,0.6653,0.1725
-0.0700,0.6738,0.1752
-0.0650,0.6738,0.1764
-0.0700,0.6709,0.1769
-0.0600,0.6597,0.1779
-0.0600,0.6401,0.1788
-0.0650,0.6177,0.1791
-0.0600,0.5923,0.1788
-0.0550,0.5642,0.1781
0.0900,0.5361,0.1769
0.3700,0.5110,0.1752
-0.1400,0.4888,0.1732
-0.2000,0.4663,0.1718
-0.0700,0.4495,0.1710
-0.0450,0.4297,0.1715
-0.0450,0.4185,0.1730
-0.0350,0.4072,0.1752
-0.0350,0.3960,0.1779
-0.0300,0.3877,0.1808
-0.0250,0.3792,0.1842
-0.0200,0.3735,0.1884
-0.0150,0.3679,0.1933
-0.0100,0.3596,0.1969
0.0000,0.3511,0.1994
0.0200,0.3455,0.2018
0.0550,0.3342,0.2040
0.0900,0.3286,0.2045
0.1350,0.3174,0.2035
0.1850,0.3062,0.2033
0.2100,0.3005,0.2038
0.1500,0.2893,0.2047
0.0550,0.2781,0.2065
-0.0200,0.2668,0.2091
-0.0550,0.2642,0.2130
-0.0750,0.2668,0.2192
-0.0750,0.2837,0.2272
-0.0750,0.3062,0.2367
-0.0750,0.3428,0.2482
-0.0700,0.3877,0.2634
-0.0350,0.4353,0.2817
-0.0350,0.4888,0.3015
-0.0700,0.5334,0.3223
-0.0850,0.5784,0.3440
-0.0800,0.6147,0.3662
-0.0700,0.6458,0.3887
-0.0650,0.6682,0.4114
-0.0700,0.6794,0.4334
-0.0600,0.6794,0.4547
-0.0550,0.6709,0.4754
-0.0500,0.6570,0.4955
-0.0550,0.6401,0.5150
-0.0550,0.6177,0.5343
-0.0450,0.5896,0.5524
-0.0050,0.5671,0.5693
0.3750,0.5447,0.5854
0.1400,0.5193,0.6010
-0.2000,0.5027,0.6172
-0.0900,0.4858,0.6335
-0.0350,0.4690,0.6492
-0.0400,0.4578,0.6643
-0.0350,0.4409,0.6790
-0.0300,0.4353,0.6931
-0.0250,0.4241,0.7071
-0.0250,0.4185,0.7207
-0.0150,0.4102,0.7352
-0.0150,0.4045,0.7501
-0.0050,0.3989,0.7637
0.0000,0.3933,0.7760
0.0150,0.3877,0.7870
0.0400,0.3821,0.7970
0.0650,0.3735,0.8055
0.1050,0.3679,0.8124
0.1500,0.3623,0.8172
0.2000,0.3567,0.8207
0.1800,0.3511,0.8236
0.0950,0.3455,0.8265
0.0050,0.3428,0.8295
-0.0400,0.3428,0.8324
-0.0650,0.3511,0.8361
-0.0750,0.3708,0.8405
-0.0650,0.4016,0.8446
-0.0650,0.4382,0.8485
-0.0600,0.4858,0.8532
-0.0600,0.5361,0.8585
0.0300,0.5923,0.8644
-0.0550,0.6428,0.8700
-0.0750,0.6934,0.8732
-0.0750,0.7383,0.8734
-0.0650,0.7720,0.8710
-0.0450,0.7974,0.8659
-0.0450,0.8113,0.8571
-0.0350,0.8198,0.8451
-0.0400,0.8169,0.8309
-0.0300,0.8057,0.8148
-0.0400,0.7917,0.7962
-0.0400,0.7693,0.7757
-0.0350,0.7524,0.7527
-0.0250,0.7300,0.7276
0.2550,0.7075,0.7022
0.2700,0.6851,0.6765
-0.2000,0.6626,0.6506
-0.1200,0.6487,0.6252
-0.0250,0.6248,0.6018
-0.0250,0.6011,0.5803
-0.0250,0.5830,0.5610
-0.0450,0.5652,0.5436
-0.0250,0.5505,0.5277
-0.0100,0.5386,0.5131
0.0050,0.5266,0.4984
0.0100,0.5146,0.4833
0.0150,0.5029,0.4681
0.0250,0.4939,0.4530
0.0400,0.4790,0.4378
0.0600,0.4670,0.4222
0.0850,0.4553,0.4046
0.1200,0.4402,0.3853
0.1700,0.4255,0.3657
0.2250,0.4136,0.3462
0.2200,0.4016,0.3274
0.1350,0.3896,0.3096
0.0400,0.3838,0.2925
-0.0250,0.3750,0.2763
-0.0550,0.3750,0.2629
-0.0650,0.3779,0.2514
-0.0700,0.3987,0.2409
-0.0700,0.4253,0.2309
-0.0650,0.4612,0.2216
-0.0650,0.5027,0.2126
-0.0050,0.5474,0.2050
-0.0400,0.5950,0.1989
-0.0700,0.6338,0.1945
-0.0800,0.6694,0.1915
-0.0700,0.6963,0.1889
-0.0700,0.7112,0.1864
-0.0650,0.7170,0.1847
-0.0600,0.7112,0.1840
-0.0600,0.6992,0.1820
-0.0500,0.6785,0.1781
-0.0550,0.6487,0.1696
-0.0600,0.6157,0.1569
-0.0550,0.5801,0.1407
-0.0600,0.5444,0.1219
0.0300,0.5146,0.1033
0.3600,0.4878,0.0853
-0.0800,0.4641,0.0696
-0.2300,0.4402,0.0557
-0.0850,0.4194,0.0425
-0.0450,0.4016,0.0296
-0.0350,0.3838,0.0142
-0.0350,0.3660,-0.0005
-0.0300,0.3511,-0.0005
-0.0300,0.3362,-0.0005
-0.0200,0.3242,-0.0005
-0.0200,0.3123,-0.0005
-0.0150,0.3035,-0.0005
-0.0050,0.2944,-0.0005
0.0050,0.2886,-0.0005
0.0200,0.2827,-0.0005
0.0500,0.2737,-0.0005
0.0900,0.2646,-0.0005
0.1350,0.2588,-0.0005
0.1900,0.2468,-0.0005
0.2250,0.2349,-0.0005
0.1700,0.2444,-0.0005
0.0700,0.2361,-0.0005
-0.0100,0.2305,-0.0005
-0.0600,0.2361,-0.0005
-0.0800,0.2500,-0.0005
-0.0850,0.2698,-0.0005
-0.0800,0.3035,-0.0005
-0.0750,0.3428,-0.0005
-0.0750,0.3933,-0.0005
-0.0550,0.4465,-0.0005
-0.0250,0.4971,-0.0005
-0.0700,0.5391,-0.0005
-0.0850,0.5811,-0.0005
-0.0850,0.6091,-0.0005
-0.0800,0.6289,-0.0005
-0.0700,0.6401,-0.0005
-0.0700,0.6428,-0.0005
-0.0600,0.6372,-0.0005
-0.0600,0.6345,-0.0005
-0.0550,0.6233,-0.0005
-0.0650,0.6064,-0.0005
-0.0600,0.5840,-0.0005
-0.0600,0.5586,-0.0005
-0.0450,0.5334,0.0032
0.2450,0.5083,0.0076
0.1900,0.4888,0.0115
-0.2350,0.4690,0.0151
-0.1450,0.4521,0.0186
-0.0500,0.4353,0.0220
-0.0450,0.4241,0.0261
-0.0400,0.4128,0.0308
-0.0350,0.4045,0.0359
-0.0350,0.3960,0.0415
-0.0300,0.3877,0.0481
-0.0200,0.3792,0.0557
-0.0150,0.3735,0.0638
-0.0100,0.3652,0.0721
0.0000,0.3596,0.0809
0.0100,0.3540,0.0894
0.0300,0.3484,0.0963
0.0600,0.3398,0.1011
0.1050,0.3342,0.1036
0.1550,0.3259,0.1046
0.2050,0.3174,0.1051
0.1950,0.3091,0.1055
0.1100,0.3005,0.1058
0.0100,0.2922,0.1063
-0.0400,0.2866,0.1085
-0.0650,0.2922,0.1121
-0.0750,0.3035,0.1161
-0.0800,0.3259,0.1200
-0.0800,0.3567,0.1248
-0.0750,0.3933,0.1307
-0.0750,0.4382,0.1380
-0.0250,0.4832,0.1463
-0.0600,0.5278,0.1544
-0.0850,0.5671,0.1622
-0.0850,0.6035,0.1698
-0.0800,0.6345,0.1769
-0.0700,0.6570,0.1830
-0.0650,0.6709,0.1881
-0.0600,0.6738,0.1923
-0.0550,0.6653,0.1955
-0.0500,0.6541,0.1974
-0.0550,0.6345,0.1984
-0.0600,0.6121,0.1994
-0.0500,0.5896,0.2003
-0.0500,0.5642,0.2006
0.1000,0.5391,0.2001
0.3700,0.5166,0.1999
-0.1350,0.4971,0.1999
-0.1950,0.4802,0.1994
-0.0600,0.4634,0.1984
-0.0350,0.4465,0.1979
-0.0350,0.4353,0.1981
-0.0300,0.4241,0.1996
-0.0300,0.4128,0.2023
-0.0250,0.4016,0.2067
-0.0200,0.3933,0.2126
-0.0150,0.3848,0.2194
-0.0100,0.3765,0.2272
0.0000,0.3679,0.2375
0.0100,0.3623,0.2499
0.0250,0.3567,0.2629
0.0450,0.3455,0.2761
0.0850,0.3398,0.2898
0.1300,0.3286,0.3034
0.1850,0.3203,0.3174
0.2100,0.3118,0.3315
0.1550,0.3005,0.3469
0.0600,0.2893,0.3635
-0.0200,0.2866,0.3826
-0.0500,0.2866,0.4041
-0.0650,0.2949,0.4271
-0.0650,0.3174,0.4513
-0.0700,0.3511,0.4754
-0.0650,0.3933,0.4996
-0.0650,0.4409,0.5248
-0.0100,0.4888,0.5505
-0.0300,0.5361,0.5756
-0.0550,0.5840,0.6003
-0.0750,0.6233,0.6247
-0.0700,0.6597,0.6484
-0.0600,0.6851,0.6699
-0.0500,0.6990,0.6895
-0.0550,0.7075,0.7073
-0.0450,0.7046,0.7237
-0.0450,0.6963,0.7371
-0.0400,0.6794,0.7481
-0.0500,0.6570,0.7581
-0.0400,0.6345,0.7677
-0.0400,0.6121,0.7767
0.0150,0.5923,0.7855
0.4150,0.5728,0.7938
0.1300,0.5559,0.8019
-0.1750,0.5417,0.8089
-0.0800,0.5278,0.8151
-0.0350,0.5137,0.8202
-0.0300,0.5081,0.8246
-0.0250,0.5000,0.8285
-0.0300,0.5000,0.8322
-0.0250,0.4944,0.8356
-0.0300,0.4888,0.8385
-0.0200,0.4858,0.8414
-0.0150,0.4802,0.8441
0.0000,0.4746,0.8458
0.0100,0.4690,0.8463
0.0150,0.4634,0.8441
0.0400,0.4578,0.8392
0.0700,0.4521,0.8317
0.1150,0.4465,0.8221
0.1650,0.4409,0.8119
0.2200,0.4353,0.8016
0.1950,0.4297,0.7953
0.1050,0.4270,0.7931
0.0150,0.4270,0.8004
-0.0350,0.4297,0.8165
-0.0500,0.4438,0.8429
-0.0600,0.4663,0.8776
-0.0600,0.4971,0.9174
-0.0600,0.5391,0.9602
-0.0550,0.5867,0.9990
-0.0550,0.6428,1.0000
0.0100,0.6990,1.0000
-0.0550,0.7495,1.0000
-0.0800,0.7974,1.0000
-0.0800,0.8394,1.0000
-0.0650,0.8730,1.0000
-0.0550,0.8984,1.0000
-0.0500,0.9124,1.0000
-0.0500,0.9153,1.0000
-0.0450,0.9067,1.0000
-0.0400,0.8928,0.9983
-0.0500,0.8618,0.9841
-0.0450,0.8281,0.9736
-0.0550,0.7861,0.9651
-0.0350,0.7412,0.9575
0.2450,0.7019,0.9480
0.2050,0.6653,0.9362
-0.2400,0.6372,0.9211
-0.1400,0.6121,0.9040
-0.0400,0.5896,0.8883
-0.0300,0.5728,0.8766
-0.0350,0.5530,0.8793
-0.0350,0.5361,0.8976
-0.0350,0.5193,0.9436
-0.0300,0.5027,1.0000
-0.0200,0.4971,1.0000
-0.0150,0.4858,1.0000
-0.0050,0.4746,1.0000
0.0050,0.4634,1.0000
0.0200,0.4578,1.0000
0.0400,0.4465,1.0000
0.0650,0.4409,1.0000
0.1100,0.4353,1.0000
0.1700,0.4270,1.0000
0.2200,0.4185,1.0000
0.2100,0.4072,1.0000
0.1200,0.3904,1.0000
0.0250,0.3765,1.0000
-0.0400,0.3652,1.0000
-0.0700,0.3596,1.0000
-0.0850,0.3679,1.0000
-0.0850,0.3821,1.0000
-0.0850,0.4128,1.0000
-0.0750,0.4465,1.0000
-0.0650,0.4888,1.0000
-0.0150,0.5222,1.0000
-0.0450,0.5642,1.0000
-0.0700,0.6008,1.0000
-0.0800,0.6372,1.0000
-0.0750,0.6653,1.0000
-0.0650,0.6877,1.0000
-0.0600,0.6990,1.0000
-0.0550,0.7019,1.0000
-0.0450,0.6990,1.0000
-0.0450,0.6794,1.0000
-0.0450,0.6570,1.0000
-0.0500,0.6316,1.0000
-0.0400,0.6064,1.0000
-0.0400,0.5784,1.0000
0.0600,0.5559,1.0000
0.3700,0.5334,1.0000
-0.0850,0.5137,1.0000
-0.2100,0.5000,1.0000
-0.0650,0.4858,1.0000
-0.0250,0.4746,1.0000
-0.0200,0.4578,1.0000
-0.0200,0.4465,1.0000
-0.0250,0.4409,1.0000
-0.0200,0.4297,1.0000
-0.0150,0.4214,1.0000
0.0000,0.4158,1.0000
0.0050,0.4072,1.0000
0.0150,0.4016,1.0000
0.0300,0.3933,1.0000
0.0450,0.3848,1.0000
0.0700,0.3792,1.0000
0.1100,0.3679,1.0000
0.1600,0.3596,1.0000
0.2150,0.3511,1.0000
0.2400,0.3398,1.0000
0.1850,0.3286,1.0000
0.0700,0.3230,1.0000
-0.0150,0.3147,1.0000
-0.0450,0.3147,1.0000
-0.0600,0.3174,1.0000
-0.0650,0.3315,1.0000
-0.0600,0.3540,1.0000
-0.0550,0.3848,1.0000
-0.0550,0.4270,1.0000
-0.0300,0.4690,1.0000
-0.0100,0.5110,1.0000
-0.0500,0.5530,1.0000
-0.0700,0.5923,1.0000
-0.0600,0.6233,1.0000
-0.0550,0.6458,1.0000
-0.0450,0.6597,1.0000
-0.0450,0.6626,1.0000
-0.0350,0.6597,1.0000
-0.0400,0.6484,1.0000
-0.0300,0.6345,1.0000
-0.0450,0.6121,1.0000
-0.0400,0.5896,1.0000
-0.0300,0.5671,1.0000
-0.0150,0.5391,1.0000
0.2900,0.5166,1.0000
0.1850,0.4971,1.0000
-0.2200,0.4792,1.0000
-0.1100,0.4639,1.0000
-0.0150,0.4507,1.0000
-0.0100,0.4404,1.0000
-0.0150,0.4329,1.0000
-0.0100,0.4250,1.0000
-0.0050,0.4199,1.0000
0.0000,0.4121,1.0000
0.0100,0.4094,1.0000
0.0150,0.4043,1.0000
0.0200,0.3967,1.0000
0.0300,0.3889,1.0000
0.0450,0.3813,1.0000
0.0650,0.3733,1.0000
0.0950,0.3657,1.0000
0.1400,0.3579,1.0000
0.1900,0.3528,1.0000
0.2350,0.3425,1.0000
0.2300,0.3320,0.9978
0.1400,0.3218,0.9951
0.0400,0.3167,0.9939
-0.0200,0.3091,0.9941
-0.0450,0.3091,0.9949
-0.0600,0.3115,0.9966
-0.0600,0.3296,0.9985
-0.0550,0.3528,1.0000
-0.0500,0.3838,1.0000
-0.0500,0.4224,1.0000
0.0100,0.4636,1.0000
-0.0350,0.5076,1.0000
-0.0500,0.5461,1.0000
-0.0600,0.5874,1.0000
-0.0500,0.6211,1.0000
-0.0450,0.6494,1.0000
-0.0400,0.6624,1.0000
-0.0400,0.6702,1.0000
-0.0400,0.6675,1.0000
-0.0350,0.6572,1.0000
-0.0400,0.6416,1.0000
-0.0450,0.6235,0.9990
-0.0350,0.6030,0.9966
-0.0300,0.5823,0.9966
0.1350,0.5618,0.9988
0.3800,0.5359,1.0000
-0.1350,0.5154,1.0000
-0.1700,0.4973,1.0000
-0.0400,0.4844,1.0000
-0.0200,0.4690,1.0000
-0.0200,0.4561,1.0000
-0.0150,0.4482,1.0000
-0.0150,0.4404,1.0000
-0.0100,0.4329,1.0000
-0.0050,0.4250,1.0000
0.0000,0.4199,1.0000
0.0100,0.4094,1.0000
0.0200,0.4043,1.0000
0.0250,0.3967,1.0000
0.0450,0.3916,1.0000
0.0700,0.3838,1.0000
0.1050,0.3787,1.0000
0.1500,0.3733,1.0000
0.2050,0.3630,1.0000
0.2300,0.3579,1.0000
0.1650,0.3503,1.0000
0.0700,0.3425,1.0000
-0.0050,0.3401,1.0000
-0.0450,0.3425,1.0000
-0.0550,0.3528,1.0000
-0.0600,0.3657,1.0000
-0.0600,0.3889,1.0000
-0.0600,0.4224,1.0000
-0.0500,0.4636,1.0000
0.0250,0.5049,1.0000
-0.0250,0.5488,1.0000
-0.0500,0.5952,1.0000
-0.0700,0.6392,1.0000
-0.0650,0.6777,1.0000
-0.0550,0.7114,1.0000
-0.0450,0.7319,1.0000
-0.0400,0.7449,1.0000
-0.0300,0.7527,1.0000
-0.0350,0.7476,1.0000
-0.0300,0.7449,1.0000
-0.0350,0.7344,1.0000
-0.0300,0.7190,1.0000
-0.0250,0.7009,1.0000
0.0500,0.6804,1.0000
0.4550,0.6624,1.0000
0.1000,0.6443,0.9834
-0.1500,0.6235,0.8581
-0.0450,0.6082,0.7166
0.0000,0.5928,0.5651
0.0050,0.5798,0.4065
0.0050,0.5693,0.2446
0.0050,0.5591,0.0809
0.0000,0.5515,-0.0005
0.0050,0.5437,-0.0005
0.0050,0.5386,-0.0005
0.0100,0.5332,-0.0005
0.0200,0.5281,-0.0005
0.0250,0.5256,-0.0005
0.0350,0.5205,-0.0005
0.0550,0.5178,-0.0005
0.0900,0.5154,-0.0005
0.1350,0.5154,-0.0005
0.1850,0.5103,-0.0005
0.2300,0.5103,-0.0005
0.1950,0.5051,-0.0005
0.0950,0.5000,-0.0005
0.0000,0.4973,-0.0005
-0.0450,0.4868,-0.0005
-0.0650,0.4817,-0.0005
-0.0750,0.4792,-0.0005
-0.0750,0.4844,-0.0005
-0.0700,0.4973,-0.0005
-0.0650,0.5256,-0.0005
-0.0500,0.5642,-0.0005
0.0000,0.6108,-0.0005
-0.0650,0.6572,-0.0005
-0.0850,0.7009,-0.0005
-0.0700,0.7422,-0.0005
-0.0750,0.7708,-0.0005
-0.0650,0.7939,-0.0005
-0.0650,0.8066,-0.0005
-0.0600,0.8423,-0.0005
-0.0600,0.8394,-0.0005
-0.0550,0.8225,-0.0005
-0.0650,0.8030,-0.0005
-0.0650,0.7720,-0.0005
-0.0600,0.7383,-0.0005
-0.0450,0.7046,-0.0005
0.2400,0.6709,-0.0005
0.1750,0.6372,-0.0005
-0.2650,0.6035,-0.0005
-0.1500,0.5754,-0.0005
-0.0500,0.5503,-0.0005
-0.0450,0.5278,-0.0005
-0.0400,0.5054,-0.0005
-0.0350,0.4944,-0.0005
-0.0250,0.4802,-0.0005
-0.0200,0.4802,-0.0005
-0.0150,0.4998,-0.0005
-0.0100,0.5503,-0.0005
-0.0050,0.6260,-0.0005
0.0050,0.7214,-0.0005
0.0250,0.8142,-0.0005
0.0450,0.8816,-0.0005
0.0800,0.9067,-0.0005
0.1200,0.8843,-0.0005
0.1750,0.8225,-0.0005
0.2250,0.7412,-0.0005
0.2100,0.6597,-0.0005
0.1200,0.5840,-0.0005
0.0200,0.5278,-0.0005
-0.0400,0.4888,-0.0005
-0.0700,0.4521,-0.0005
-0.0750,0.4214,-0.0005
-0.0750,0.3989,-0.0005
-0.0800,0.3877,-0.0005
-0.0750,0.3960,-0.0005
-0.0750,0.4185,-0.0005
-0.0350,0.4607,-0.0005
-0.0550,0.5083,-0.0005
-0.0800,0.5559,-0.0005
-0.0850,0.6035,-0.0005
-0.0800,0.6428,-0.0005
-0.0650,0.6653,-0.0005
-0.0650,0.6765,-0.0005
-0.0600,0.6794,-0.0005
-0.0500,0.6709,-0.0005
-0.0400,0.6570,-0.0005
-0.0350,0.6401,-0.0005
-0.0400,0.6147,-0.0005
-0.0400,0.5867,-0.0005
-0.0400,0.5530,-0.0005
0.0750,0.5222,-0.0005
0.3900,0.4944,-0.0005
-0.0750,0.4663,-0.0005
-0.1900,0.4382,-0.0005
-0.0550,0.4158,-0.0005
-0.0250,0.3933,-0.0005
-0.0250,0.3735,-0.0005
-0.0250,0.3567,-0.0005
-0.0200,0.3398,0.0056
-0.0100,0.3286,0.0159
-0.0100,0.3230,0.0261
0.0000,0.3147,0.0364
0.0100,0.3062,0.0459
0.0150,0.3005,0.0542
0.0250,0.2949,0.0608
0.0350,0.2866,0.0660
0.0650,0.2781,0.0689
0.1000,0.2668,0.0706
0.1450,0.2612,0.0721
0.1950,0.2500,0.0731
0.2250,0.2388,0.0731
0.1750,0.2275,0.0726
0.0800,0.2219,0.0731
-0.0050,0.2136,0.0748
-0.0400,0.2163,0.0774
-0.0600,0.2249,0.0806
-0.0650,0.2417,0.0843
-0.0750,0.2725,0.0884
-0.0700,0.3091,0.0936
-0.0700,0.3567,0.0997
-0.0550,0.4128,0.1063
-0.0300,0.4690,0.1134
-0.0650,0.5193,0.1197
-0.0800,0.5728,0.1253
-0.0750,0.6233,0.1305
-0.0700,0.6653,0.1351
-0.0600,0.6990,0.1383
-0.0700,0.7244,0.1405
-0.0600,0.7356,0.1417
-0.0600,0.7356,0.1424
-0.0550,0.7244,0.1427
-0.0700,0.7019,0.1424
-0.0650,0.6738,0.1410
-0.0650,0.6428,0.1385
-0.0350,0.6121,0.1366
0.3000,0.5840,0.1346
0.1000,0.5559,0.1332
-0.2450,0.5391,0.1319
-0.1250,0.5193,0.1324
-0.0500,0.5027,0.1346
-0.0450,0.4971,0.1380
-0.0450,0.4858,0.1422
-0.0400,0.4746,0.1478
-0.0350,0.4634,0.1544
-0.0250,0.4521,0.1617
-0.0200,0.4409,0.1693
-0.0150,0.4353,0.1779
-0.0050,0.4270,0.1869
0.0050,0.4214,0.1937
0.0200,0.4158,0.1981
0.0350,0.4128,0.2001
0.0700,0.4102,0.2001
0.1050,0.4045,0.1989
0.1600,0.4016,0.1969
0.2000,0.3989,0.1950
0.1850,0.3904,0.1935
0.0950,0.3848,0.1920
0.0050,0.3792,0.1911
-0.0500,0.3765,0.1913
-0.0750,0.3765,0.1925
-0.0800,0.3848,0.1950
-0.0800,0.3960,0.1989
-0.0850,0.4185,0.2043
-0.0750,0.4524,0.2111
-0.0800,0.4873,0.2206
-0.0200,0.5173,0.2321
-0.0650,0.5549,0.2443
-0.0800,0.5874,0.2573
-0.0850,0.6174,0.2717
-0.0800,0.6396,0.2871
-0.0700,0.6572,0.3022
-0.0700,0.6648,0.3176
-0.0650,0.6648,0.3335
-0.0650,0.6572,0.3504
-0.0550,0.6548,0.3677
-0.0650,0.6472,0.3855
-0.0650,0.6299,0.4036
-0.0650,0.6099,0.4217
-0.0650,0.5847,0.4403
0.1500,0.5598,0.4588
0.3550,0.5347,0.4774
-0.1650,0.5122,0.4957
-0.1650,0.4949,0.5131
-0.0600,0.4773,0.5294
-0.0500,0.4624,0.5453
-0.0450,0.4473,0.5602
-0.0400,0.4348,0.5739
-0.0350,0.4248,0.5864
-0.0300,0.4172,0.5991
-0.0300,0.4072,0.6115
-0.0250,0.4023,0.6230
-0.0200,0.3950,0.6338
-0.0100,0.3875,0.6428
0.0000,0.3823,0.6506
0.0200,0.3774,0.6572
0.0450,0.3699,0.6628
0.0800,0.3650,0.6670
0.1200,0.3599,0.6699
0.1750,0.3523,0.6729
0.1950,0.3474,0.6755
0.1250,0.3423,0.6773
0.0250,0.3374,0.6782
-0.0400,0.3323,0.6797
-0.0800,0.3298,0.6817
-0.0950,0.3350,0.6836
-0.1000,0.3447,0.6858
-0.1050,0.3647,0.6873
-0.1000,0.3923,0.6882
-0.0950,0.4299,0.6895
-0.0300,0.4773,0.6912
-0.0650,0.5222,0.6944
-0.0950,0.5723,0.6985
-0.1150,0.6223,0.7024
-0.1000,0.6648,0.7058
-0.0800,0.7024,0.7061
-0.0700,0.7297,0.7027
-0.0650,0.7524,0.6922
-0.0650,0.7622,0.6755
-0.0600,0.7649,0.6543
-0.0600,0.7598,0.6301
-0.0700,0.7473,0.6074
-0.0700,0.7297,0.5864
-0.0650,0.7097,0.5678
0.0450,0.6897,0.5505
0.3900,0.6672,0.5326
-0.0750,0.6448,0.5138
-0.2150,0.6274,0.4925
-0.0850,0.6099,0.4691
-0.0450,0.5923,0.4439
-0.0450,0.5774,0.4178
-0.0450,0.5674,0.3919
-0.0400,0.5574,0.3665
-0.0350,0.5498,0.3430
-0.0300,0.5422,0.3218
-0.0250,0.5349,0.3032
-0.0200,0.5273,0.2863
-0.0150,0.5173,0.2705
0.0000,0.5049,0.2551
0.0150,0.4973,0.2394
0.0400,0.4873,0.2233
0.0750,0.4749,0.2060
0.1150,0.4624,0.1881
0.1700,0.4524,0.1708
0.2050,0.4424,0.1542
0.1600,0.4324,0.1390
0.0550,0.4224,0.1253
-0.0250,0.4124,0.1129
-0.0650,0.4023,0.1014
-0.0850,0.3950,0.0906
-0.0900,0.3975,0.0799
-0.0900,0.4072,0.0660
-0.0850,0.4272,0.0486
-0.0850,0.4573,0.0257
-0.0700,0.4924,-0.0005
-0.0250,0.5298,-0.0005
-0.0650,0.5698,-0.0005
-0.0900,0.6099,-0.0005
-0.0800,0.6423,-0.0005
-0.0750,0.6724,-0.0005
-0.0650,0.6924,-0.0005
-0.0650,0.7024,-0.0005
-0.0650,0.7048,-0.0005
-0.0650,0.6973,-0.0005
-0.0550,0.6848,-0.0005
-0.0700,0.6648,-0.0005
-0.0650,0.6396,-0.0005
-0.0650,0.6147,-0.0005
-0.0500,0.5874,0.0520
0.2400,0.5623,0.1109
0.1450,0.5347,0.1708
-0.2650,0.5122,0.2216
-0.1450,0.4949,0.2617
-0.0500,0.4749,0.2812
-0.0450,0.4597,0.2819
-0.0400,0.4473,0.2604
-0.0400,0.4324,0.2211
-0.0350,0.4272,0.1698
-0.0300,0.4172,0.1109
-0.0250,0.4072,0.0520
-0.0200,0.4023,-0.0005
-0.0050,0.3923,-0.0005
0.0000,0.3850,-0.0005
0.0150,0.3799,-0.0005
0.0400,0.3750,-0.0005
0.0700,0.3723,-0.0005
0.1200,0.3674,-0.0005
0.1700,0.3574,-0.0005
0.2200,0.3364,-0.0005
0.2000,0.3257,-0.0005
0.1100,0.3125,-0.0005
0.0100,0.2991,-0.0005
-0.0500,0.2883,-0.0005
-0.0750,0.2803,-0.0005
-0.0850,0.2803,-0.0005
-0.0850,0.2883,-0.0005
-0.0850,0.3071,-0.0005
-0.0800,0.3311,-0.0005
-0.0750,0.3687,-0.0005
-0.0550,0.4087,-0.0005
-0.0600,0.4490,-0.0005
-0.0800,0.4893,-0.0005
-0.0900,0.5239,-0.0005
-0.0800,0.5562,-0.0005
-0.0800,0.5803,-0.0005
-0.0700,0.5989,-0.0005
-0.0650,0.6042,-0.0005
-0.0600,0.6016,0.0046
-0.0600,0.5935,0.0149
-0.0600,0.5750,0.0252
-0.0650,0.5535,0.0359
-0.0600,0.5320,0.0462
-0.0650,0.5105,0.0564
0.0700,0.4946,0.0655
0.3450,0.4731,0.0733
-0.1500,0.4543,0.0787
-0.2150,0.4382,0.0816
-0.0650,0.4221,0.0831
-0.0350,0.4089,0.0828
-0.0350,0.3955,0.0821
-0.0350,0.3875,0.0806
-0.0300,0.3794,0.0794
-0.0300,0.3713,0.0787
-0.0250,0.3633,0.0794
-0.0150,0.3579,0.0811
-0.0050,0.3499,0.0838
0.0050,0.3445,0.0870
0.0150,0.3364,0.0906
0.0300,0.3311,0.0943
0.0600,0.3232,0.0975
0.0950,0.3152,0.0999
0.1350,0.3044,0.1026
0.1950,0.2991,0.1058
0.2150,0.2883,0.1092
0.1600,0.2776,0.1129
0.0600,0.2722,0.1175
-0.0200,0.2695,0.1231
-0.0550,0.2695,0.1305
-0.0750,0.2776,0.1388
-0.0750,0.2910,0.1471
-0.0750,0.3152,0.1551
-0.0700,0.3472,0.1630
-0.0750,0.3875,0.1703
-0.0700,0.4302,0.1776
-0.0400,0.4785,0.1845
-0.0650,0.5186,0.1913
-0.0800,0.5642,0.1979
-0.0750,0.5989,0.2043
-0.0750,0.6284,0.2104
-0.0650,0.6472,0.2150
-0.0650,0.6580,0.2189
-0.0600,0.6606,0.2231
-0.0600,0.6526,0.2272
-0.0500,0.6392,0.2297
-0.0650,0.6177,0.2304
-0.0600,0.5935,0.2301
-0.0500,0.5669,0.2289
-0.0150,0.5427,0.2260
0.3150,0.5159,0.2221
0.0650,0.4946,0.2192
-0.2450,0.4731,0.2172
-0.1150,0.4570,0.2160
-0.0350,0.4409,0.2155
-0.0350,0.4275,0.2152
-0.0300,0.4167,0.2152
-0.0250,0.4062,0.2157
-0.0200,0.3955,0.2165
-0.0150,0.3901,0.2182
-0.0150,0.3794,0.2209
-0.0100,0.3740,0.2250
0.0000,0.3660,0.2306
0.0100,0.3579,0.2370
0.0250,0.3525,0.2441
0.0450,0.3445,0.2516
0.0750,0.3364,0.2597
0.1200,0.3284,0.2683
0.1650,0.3206,0.2773
0.2100,0.3098,0.2885
0.1900,0.2991,0.3017
0.1050,0.2883,0.3174
0.0100,0.2830,0.3355
-0.0400,0.2749,0.3557
-0.0650,0.2776,0.3782
-0.0700,0.2910,0.4022
-0.0700,0.3125,0.4273
-0.0700,0.3445,0.4542
-0.0650,0.3875,0.4828
-0.0650,0.4329,0.5114
-0.0150,0.4839,0.5395
-0.0500,0.5293,0.5656
-0.0700,0.5750,0.5900
-0.0700,0.6123,0.6128
-0.0600,0.6445,0.6343
-0.0500,0.6660,0.6538
-0.0550,0.6794,0.6719
-0.0450,0.6873,0.6887
-0.0450,0.6821,0.7046
-0.0350,0.6714,0.7188
-0.0450,0.6553,0.7312
-0.0400,0.6338,0.7427
-0.0350,0.6123,0.7532
-0.0300,0.5908,0.7620
0.2150,0.5696,0.7696
0.3650,0.5481,0.7769
-0.1550,0.5293,0.7843
-0.1250,0.5132,0.7916
-0.0350,0.5024,0.7992
-0.0300,0.4919,0.8077
-0.0300,0.4839,0.8175
-0.0300,0.4758,0.8287
-0.0250,0.4705,0.8412
-0.0200,0.4651,0.8527
-0.0150,0.4578,0.8629
-0.0100,0.4521,0.8705
-0.0050,0.4495,0.8754
0.0050,0.4438,0.8764
0.0300,0.4382,0.8747
0.0400,0.4326,0.8734
0.0600,0.4270,0.8752
0.0950,0.4214,0.8891
0.1400,0.4128,0.9150
0.1950,0.4072,0.9524
0.2100,0.3989,0.9973
0.1450,0.3904,1.0000
0.0450,0.3848,1.0000
-0.0250,0.3792,1.0000
-0.0550,0.3821,1.0000
-0.0650,0.3904,1.0000
-0.0650,0.4102,1.0000
-0.0650,0.4409,1.0000
-0.0650,0.4832,1.0000
-0.0600,0.5249,1.0000
0.0000,0.5784,1.0000
-0.0400,0.6316,1.0000
-0.0700,0.6851,0.9780
-0.0800,0.7300,0.9570
-0.0650,0.7749,0.9382
-0.0550,0.8086,0.9230
-0.0500,0.8311,0.9123
-0.0500,0.8450,0.9116
-0.0400,0.8450,0.9211
-0.0350,0.8394,0.9462
-0.0350,0.8225,0.9844
-0.0400,0.8030,1.0000
-0.0350,0.7805,1.0000
-0.0350,0.7524,1.0000
0.0950,0.7244,1.0000
0.3950,0.6963,1.0000
-0.1000,0.6682,1.0000
-0.1900,0.6428,1.0000
-0.0500,0.6177,1.0000
-0.0150,0.5952,1.0000
-0.0200,0.5784,1.0000
-0.0150,0.5615,1.0000
-0.0150,0.5474,1.0000
-0.0100,0.5391,1.0000
-0.0050,0.5305,1.0000
0.0000,0.5249,1.0000
0.0100,0.5193,1.0000
0.0200,0.5166,1.0000
0.0250,0.5110,1.0000
0.0400,0.5054,1.0000
0.0650,0.5000,1.0000
0.1100,0.4971,1.0000
0.1550,0.4858,1.0000
0.2050,0.4746,1.0000
0.2350,0.4578,1.0000
0.1750,0.4438,1.0000
0.0750,0.4297,1.0000
0.0000,0.4185,1.0000
-0.0450,0.4102,1.0000
-0.0650,0.4102,1.0000
-0.0650,0.4185,1.0000
-0.0650,0.4382,1.0000
-0.0650,0.4690,1.0000
-0.0600,0.5027,1.0000
-0.0250,0.5417,1.0000
0.0200,0.5840,1.0000
-0.0550,0.6233,1.0000
-0.0750,0.6541,1.0000
-0.0700,0.6794,1.0000
-0.0650,0.6990,1.0000
-0.0550,0.7046,1.0000
-0.0600,0.7019,1.0000
-0.0500,0.6934,1.0000
-0.0550,0.6765,1.0000
-0.0450,0.6709,1.0000
-0.0600,0.6484,1.0000
-0.0550,0.6204,1.0000
-0.0500,0.5896,1.0000
-0.0350,0.5586,1.0000
0.2500,0.5305,1.0000
0.1700,0.5054,1.0000
-0.2450,0.4832,1.0000
-0.1350,0.4607,0.9892
-0.0400,0.4382,0.9726
-0.0300,0.4214,0.9548
-0.0250,0.4072,0.9367
-0.0250,0.3933,0.9189
-0.0250,0.3792,0.9013
-0.0150,0.3679,0.8839
-0.0150,0.3596,0.8676
-0.0050,0.3511,0.8524
0.0000,0.3398,0.8385
0.0100,0.3315,0.8253
0.0250,0.3230,0.8111
0.0450,0.3118,0.7960
0.0750,0.3062,0.7811
0.1150,0.2949,0.7667
0.1650,0.2837,0.7535
0.2150,0.2725,0.7415
0.2000,0.2612,0.7312
0.1100,0.2500,0.7225
0.0200,0.2388,0.7141
-0.0400,0.2305,0.7058
-0.0700,0.2305,0.6975
-0.0800,0.2361,0.6892
-0.0800,0.2529,0.6809
-0.0750,0.2837,0.6724
-0.0750,0.3203,0.6628
-0.0800,0.3652,0.6528
0.0150,0.4158,0.6421
-0.0550,0.4663,0.6308
-0.0750,0.5083,0.6203
-0.0850,0.5503,0.6108
-0.0800,0.5811,0.6027
-0.0750,0.6035,0.5959
-0.0700,0.6147,0.5903
-0.0650,0.6204,0.5849
-0.0600,0.6147,0.5793
-0.0550,0.6035,0.5734
-0.0650,0.5840,0.5671
-0.0650,0.5615,0.5607
-0.0600,0.5391,0.5541
-0.0650,0.5137,0.5473
0.0800,0.4944,0.5392
0.3500,0.4731,0.5302
-0.1450,0.4517,0.5206
-0.2050,0.4302,0.5109
-0.0750,0.4141,0.5016
-0.0450,0.4009,0.4928
-0.0400,0.3901,0.4845
-0.0400,0.3794,0.4769
-0.0350,0.3713,0.4706
-0.0250,0.3633,0.4654
-0.0250,0.3552,0.4610
-0.0200,0.3499,0.4574
-0.0150,0.3418,0.4542
0.0000,0.3364,0.4513
0.0100,0.3311,0.4488
0.0300,0.3232,0.4461
0.0500,0.3152,0.4417
0.0900,0.3071,0.4359
0.1350,0.2991,0.4298
0.1850,0.2883,0.4237
0.2100,0.2830,0.4185
0.1550,0.2776,0.4146
0.0550,0.2749,0.4122
-0.0150,0.2749,0.4114
-0.0550,0.2776,0.4117
-0.0750,0.2910,0.4127
-0.0750,0.3125,0.4153
-0.0800,0.3418,0.4193
-0.0750,0.3767,0.4232
-0.0700,0.4248,0.4268
-0.0050,0.4731,0.4293
-0.0250,0.5186,0.4307
-0.0650,0.5642,0.4315
-0.0750,0.6069,0.4317
-0.0750,0.6418,0.4317
-0.0700,0.6660,0.4312
-0.0650,0.6819,0.4305
-0.0650,0.6873,0.4295
-0.0600,0.6873,0.4273
-0.0600,0.6846,0.4244
-0.0550,0.6741,0.4219
-0.0650,0.6553,0.4197
-0.0650,0.6338,0.4185
-0.0550,0.6123,0.4185
-0.0200,0.5857,0.4183
0.3300,0.5615,0.4180
0.0650,0.5374,0.4195
-0.2350,0.5159,0.4229
-0.1050,0.5000,0.4295
-0.0450,0.4839,0.4390
-0.0400,0.4705,0.4515
-0.0300,0.4597,0.4664
-0.0300,0.4490,0.4842
-0.0250,0.4382,0.5043
-0.0250,0.4302,0.5270
-0.0200,0.4221,0.5519
-0.0150,0.4143,0.5783
-0.0100,0.4062,0.6057
-0.0050,0.3982,0.6318
0.0100,0.3901,0.6565
0.0300,0.3848,0.6792
0.0600,0.3794,0.7000
0.1000,0.3713,0.7173
0.1550,0.3633,0.7317
0.1950,0.3579,0.7432
0.1750,0.3525,0.7515
0.0900,0.3445,0.7540
0.0000,0.3391,0.7501
-0.0500,0.3337,0.7337
-0.0700,0.3337,0.7049
-0.0750,0.3418,0.6580
-0.0850,0.3579,0.5942
-0.0850,0.3848,0.5075
-0.0800,0.4194,0.4014
-0.0750,0.4624,0.2802
-0.0050,0.5051,0.1476
-0.0700,0.5508,0.0098
-0.0900,0.5962,-0.0005
-0.0900,0.6392,-0.0005
-0.0800,0.6741,-0.0005
-0.0650,0.7034,-0.0005
-0.0650,0.7195,-0.0005
-0.0550,0.7275,-0.0005
-0.0550,0.7249,-0.0005
-0.0450,0.7141,-0.0005
-0.0600,0.6980,-0.0005
-0.0550,0.6768,-0.0005
-0.0500,0.6526,-0.0005
-0.0450,0.6284,-0.0005
0.2400,0.6096,-0.0005
0.3450,0.5935,-0.0005
-0.1750,0.5857,-0.0005
-0.1250,0.5803,-0.0005
-0.0400,0.5803,-0.0005
-0.0400,0.5803,-0.0005
-0.0350,0.5857,-0.0005
-0.0350,0.5857,-0.0005
-0.0300,0.5857,-0.0005
-0.0250,0.5803,-0.0005
-0.0250,0.5750,-0.0005
-0.0200,0.5669,-0.0005
-0.0100,0.5562,-0.0005
-0.0050,0.5508,-0.0005
0.0100,0.5400,-0.0005
0.0300,0.5293,-0.0005
0.0600,0.5186,-0.0005
0.0950,0.5078,-0.0005
0.1350,0.4973,-0.0005
0.1900,0.4866,-0.0005
0.1900,0.4785,-0.0005
0.1100,0.4705,-0.0005
0.0100,0.4624,-0.0005
-0.0600,0.4624,-0.0005
-0.0900,0.4624,-0.0005
-0.0900,0.4758,-0.0005
-0.0900,0.4946,-0.0005
-0.0900,0.5186,-0.0005
-0.0850,0.5588,-0.0005
-0.0850,0.6042,-0.0005
-0.0200,0.6526,-0.0005
-0.0650,0.7007,-0.0005
-0.0900,0.7463,-0.0005
-0.0900,0.7891,-0.0005
-0.0700,0.8293,-0.0005
-0.0550,0.8589,-0.0005
-0.0450,0.9041,-0.0005
-0.0400,0.9153,-0.0005
-0.0350,0.9153,-0.0005
-0.0250,0.9067,-0.0005
-0.0300,0.8928,-0.0005
-0.0400,0.8730,-0.0005
-0.0400,0.8450,-0.0005
-0.0400,0.8057,-0.0005
0.0950,0.7693,-0.0005
0.3700,0.7300,-0.0005
-0.1300,0.6907,-0.0005
-0.2000,0.6541,-0.0005
-0.0500,0.6204,-0.0005
-0.0250,0.5952,-0.0005
-0.0300,0.5728,-0.0005
-0.0300,0.5559,-0.0005
-0.0200,0.5391,-0.0005
-0.0150,0.5249,-0.0005
-0.0100,0.5081,-0.0005
-0.0100,0.4971,-0.0005
-0.0050,0.4832,-0.0005
0.0050,0.4690,-0.0005
0.0150,0.4578,-0.0005
0.0300,0.4495,-0.0005
0.0600,0.4438,-0.0005
0.0950,0.4382,-0.0005
0.1400,0.4353,-0.0005
0.2000,0.4326,-0.0005
0.2250,0.4270,-0.0005
0.1650,0.4185,-0.0005
0.0600,0.4072,0.0064
-0.0150,0.3989,0.1163
-0.0550,0.3904,0.2429
-0.0650,0.3821,0.3804
-0.0700,0.3821,0.5246
-0.0750,0.3848,0.6655
-0.0700,0.3989,0.7989
-0.0600,0.4241,0.9045
-0.0400,0.4578,0.9851
0.0000,0.4971,1.0000
-0.0400,0.5391,1.0000
-0.0550,0.5840,1.0000
-0.0550,0.6260,1.0000
-0.0500,0.6653,1.0000
-0.0500,0.6907,1.0000
-0.0650,0.7102,1.0000
-0.0750,0.7131,0.9599
-0.0850,0.7046,0.8409
-0.0800,0.6851,0.7041
-0.0900,0.6597,0.5541
-0.0900,0.6345,0.3951
-0.0900,0.6121,0.2375
-0.0650,0.5896,0.0872
0.2500,0.5728,-0.0005
0.0500,0.5559,-0.0005
-0.2900,0.5334,-0.0005
-0.1500,0.5110,-0.0005
-0.0700,0.4888,-0.0005
-0.0700,0.4578,-0.0005
-0.0550,0.4270,0.0965
-0.0450,0.4045,0.2079
-0.0400,0.3904,0.3074
-0.0350,0.3821,0.3909
-0.0250,0.3765,0.4417
-0.0050,0.3792,0.4601
0.0150,0.3821,0.4317
0.0200,0.3765,0.3648
0.0550,0.3765,0.2710
0.0800,0.3708,0.1573
0.1050,0.3735,0.0303
0.1400,0.3765,-0.0005
0.1850,0.3821,-0.0005
0.2350,0.3821,-0.0005
0.2150,0.3792,-0.0005
0.1150,0.3679,-0.0005
0.0200,0.3567,-0.0005
-0.0400,0.3455,-0.0005
-0.0650,0.3372,-0.0005
-0.0650,0.3372,-0.0005
-0.0650,0.3455,-0.0005
-0.0600,0.3652,-0.0005
-0.0600,0.3960,-0.0005
-0.0550,0.4297,-0.0005
-0.0200,0.4634,-0.0005
-0.0350,0.4971,-0.0005
-0.0500,0.5278,-0.0005
-0.0550,0.5559,-0.0005
-0.0500,0.5840,-0.0005
-0.0500,0.6064,-0.0005
-0.0500,0.6204,-0.0005
-0.0450,0.6316,-0.0005
-0.0450,0.6401,-0.0005
-0.0350,0.6372,-0.0005
-0.0400,0.6260,-0.0005
-0.0550,0.6064,-0.0005
-0.0550,0.5840,-0.0005
-0.0500,0.5615,-0.0005
0.1200,0.5391,-0.0005
0.3200,0.5193,-0.0005
-0.1950,0.5027,-0.0005
-0.2050,0.4944,0.0386
-0.0700,0.4775,0.0826
-0.0500,0.4578,0.1197
-0.0450,0.4326,0.1505
-0.0450,0.4102,0.1759
-0.0400,0.3821,0.1945
-0.0350,0.3596,0.2069
-0.0300,0.3372,0.2113
-0.0250,0.3203,0.2086
-0.0200,0.3062,0.1994
-0.0100,0.2979,0.1854
0.0000,0.2922,0.1708
0.0300,0.2866,0.1571
0.0600,0.2810,0.1500
0.1050,0.2754,0.1485
0.1500,0.2698,0.1495
0.2000,0.2642,0.1517
0.2150,0.2612,0.1512
0.1500,0.2556,0.1483
0.0550,0.2529,0.1446
-0.0150,0.2556,0.1410
-0.0500,0.2612,0.1398
-0.0600,0.2754,0.1410
-0.0650,0.3005,0.1446
-0.0650,0.3315,0.1507
-0.0650,0.3708,0.1600
-0.0600,0.4158,0.1725
-0.0150,0.4607,0.1874
-0.0200,0.4944,0.2045
-0.0450,0.5278,0.2236
-0.0600,0.5559,0.2441
-0.0550,0.5784,0.2666
-0.0450,0.6008,0.2903
-0.0400,0.6204,0.3122
-0.0400,0.6372,0.3325
-0.0350,0.6458,0.3533
-0.0300,0.6458,0.3748
-0.0250,0.6372,0.3958
-0.0350,0.6177,0.4163
-0.0350,0.5896,0.4364
-0.0350,0.5615,0.4564
0.0150,0.5391,0.4759
0.3800,0.5278,0.4952
0.0900,0.5081,0.5143
-0.1950,0.4971,0.5331
-0.0700,0.4915,0.5509
-0.0200,0.4832,0.5676
-0.0250,0.4775,0.5822
-0.0200,0.4719,0.5957
-0.0150,0.4634,0.6088
-0.0150,0.4521,0.6220
-0.0050,0.4409,0.6352
0.0000,0.4297,0.6484
0.0050,0.4158,0.6628
0.0100,0.4016,0.6780
0.0200,0.3904,0.6936
0.0300,0.3792,0.7097
0.0450,0.3679,0.7251
0.0750,0.3623,0.7398
0.1150,0.3511,0.7527
0.1650,0.3455,0.7647
0.2150,0.3398,0.7767
0.1900,0.3315,0.7889
0.1000,0.3259,0.8011
0.0150,0.3203,0.8133
-0.0350,0.3203,0.8256
-0.0650,0.3230,0.8378
-0.0650,0.3372,0.8500
-0.0650,0.3567,0.8622
-0.0650,0.3904,0.8744
-0.0600,0.4326,0.8866
-0.0450,0.4858,0.8989
0.0250,0.5361,0.9111
-0.0500,0.5923,0.9233
-0.0700,0.6428,0.9353
-0.0750,0.6963,0.9462
-0.0650,0.7383,0.9563
-0.0450,0.7720,0.9646
-0.0450,0.8000,0.9709
-0.0400,0.8169,0.9753
-0.0400,0.8254,0.9778
-0.0300,0.8225,0.9783
-0.0450,0.8113,0.9765
-0.0450,0.7944,0.9724
-0.0350,0.7749,0.9660
-0.0250,0.7524,0.9572
0.2800,0.7300,0.9462
0.2700,0.7102,0.9326
-0.2000,0.6907,0.9172
-0.1200,0.6738,0.9011
-0.0350,0.6597,0.8847
-0.0300,0.6458,0.8681
-0.0300,0.6289,0.8512
-0.0300,0.6147,0.8334
-0.0250,0.6035,0.8148
-0.0250,0.5923,0.7965
-0.0150,0.5811,0.7784
-0.0150,0.5698,0.7608
0.0000,0.5586,0.7432
0.0050,0.5474,0.7249
0.0200,0.5361,0.7058
0.0350,0.5249,0.6873
0.0700,0.5137,0.6692
0.1100,0.5081,0.6504
0.1500,0.5000,0.6311
0.2000,0.4915,0.6113
0.2000,0.4802,0.5915
0.1150,0.4690,0.5724
0.0250,0.4578,0.5541
-0.0350,0.4495,0.5375
-0.0650,0.4495,0.5224
-0.0700,0.4521,0.5092
-0.0800,0.4663,0.4979
-0.0750,0.4888,0.4879
-0.0700,0.5166,0.4789
-0.0700,0.5615,0.4708
-0.0100,0.6064,0.4632
-0.0550,0.6570,0.4571
-0.0800,0.7075,0.4517
-0.0850,0.7495,0.4456
-0.0750,0.7861,0.4386
-0.0700,0.8142,0.4317
-0.0700,0.8311,0.4249
-0.0650,0.8367,0.4173
-0.0600,0.8281,0.4095
-0.0550,0.8142,0.4019
-0.0600,0.7861,0.3948
-0.0650,0.7551,0.3882
-0.0600,0.7158,0.3819
-0.0650,0.6794,0.3748
0.0800,0.6428,0.3667
0.3350,0.6091,0.3570
-0.1650,0.5754,0.3460
-0.2100,0.5447,0.3340
-0.0700,0.5222,0.3215
-0.0400,0.5027,0.3108
-0.0350,0.4858,0.3012
-0.0350,0.4663,0.2927
-0.0300,0.4521,0.2851
-0.0250,0.4382,0.2793
-0.0200,0.4241,0.2746
-0.0150,0.4128,0.2712
-0.0100,0.4016,0.2685
0.0000,0.3904,0.2666
0.0100,0.3792,0.2646
0.0300,0.3679,0.2624
0.0600,0.3633,0.2592
0.1000,0.3525,0.2546
0.1500,0.3418,0.2490
0.2000,0.3311,0.2424
0.2250,0.3206,0.2358
0.1600,0.3071,0.2306
0.0600,0.2937,0.2270
-0.0200,0.2830,0.2243
-0.0600,0.2803,0.2226
-0.0700,0.2803,0.2216
-0.0800,0.2883,0.2214
-0.0800,0.3071,0.2221
-0.0750,0.3364,0.2238
-0.0700,0.3713,0.2253
-0.0500,0.4141,0.2267
-0.0300,0.4570,0.2280
-0.0650,0.4971,0.2292
-0.0750,0.5374,0.2314
-0.0700,0.5723,0.2338
-0.0650,0.5962,0.2360
-0.0550,0.6150,0.2377
-0.0600,0.6230,0.2392
-0.0550,0.6230,0.2402
-0.0500,0.6123,0.2399
-0.0450,0.5962,0.2387
-0.0500,0.5750,0.2370
-0.0500,0.5508,0.2345
-0.0450,0.5266,0.2328
-0.0200,0.5024,0.2319
0.2900,0.4812,0.2311
0.1350,0.4570,0.2306
-0.2300,0.4382,0.2294
-0.1150,0.4194,0.2280
-0.0350,0.4062,0.2267
-0.0300,0.3901,0.2260
-0.0300,0.3794,0.2255
-0.0250,0.3687,0.2255
-0.0250,0.3579,0.2255
-0.0200,0.3525,0.2260
-0.0100,0.3418,0.2275
-0.0050,0.3364,0.2297
0.0100,0.3284,0.2316
0.0150,0.3206,0.2331
0.0250,0.3152,0.2343
0.0500,0.3071,0.2353
0.0750,0.2991,0.2350
0.1150,0.2937,0.2338
0.1700,0.2830,0.2321
0.2150,0.2749,0.2299
0.1950,0.2668,0.2275
0.1100,0.2615,0.2248
0.0200,0.2588,0.2228
-0.0350,0.2588,0.2216
-0.0650,0.2642,0.2209
-0.0700,0.2803,0.2206
-0.0750,0.3044,0.2206
-0.0700,0.3364,0.2209
-0.0700,0.3767,0.2223
-0.0700,0.4248,0.2245
-0.0200,0.4758,0.2277
-0.0600,0.5212,0.2311
-0.0750,0.5642,0.2350
-0.0800,0.6042,0.2389
-0.0750,0.6338,0.2431
-0.0650,0.6553,0.2473
-0.0600,0.6660,0.2504
-0.0550,0.6660,0.2529
-0.0550,0.6606,0.2538
-0.0450,0.6580,0.2534
-0.0550,0.6445,0.2529
-0.0550,0.6230,0.2524
-0.0550,0.5989,0.2512
-0.0500,0.5750,0.2492
0.1250,0.5481,0.2475
0.3350,0.5212,0.2460
-0.1700,0.5024,0.2443
-0.1850,0.4839,0.2419
-0.0550,0.4624,0.2402
-0.0300,0.4436,0.2389
-0.0300,0.4275,0.2392
-0.0300,0.4167,0.2404
-0.0250,0.4062,0.2414
-0.0250,0.3955,0.2424
-0.0200,0.3848,0.2441
-0.0150,0.3767,0.2465
-0.0050,0.3687,0.2495
0.0100,0.3606,0.2529
0.0200,0.3525,0.2556
0.0300,0.3472,0.2575
0.0500,0.3364,0.2590
0.0900,0.3311,0.2602
0.1350,0.3206,0.2631
0.1850,0.3152,0.2680
0.2100,0.3044,0.2749
0.1500,0.2937,0.2837
0.0550,0.2830,0.2937
-0.0100,0.2749,0.3049
-0.0450,0.2695,0.3191
-0.0550,0.2776,0.3357
-0.0600,0.2910,0.3540
-0.0650,0.3152,0.3738
-0.0600,0.3499,0.3958
-0.0600,0.3928,0.4190
-0.0150,0.4409,0.4412
-0.0300,0.4893,0.4625
-0.0600,0.5347,0.4811
-0.0700,0.5803,0.4972
-0.0650,0.6177,0.5104
-0.0550,0.6472,0.5214
-0.0500,0.6687,0.5297
-0.0500,0.6821,0.5358
-0.0400,0.6873,0.5412
-0.0300,0.6821,0.5463
-0.0250,0.6687,0.5519
-0.0450,0.6553,0.5583
-0.0400,0.6338,0.5651
-0.0350,0.6069,0.5727
0.0350,0.5857,0.5812
0.4250,0.5615,0.5908
0.0500,0.5400,0.5991
-0.1850,0.5212,0.6064
-0.0700,0.5051,0.6150
-0.0300,0.4973,0.6245
-0.0250,0.4866,0.6350
-0.0300,0.4758,0.6460
-0.0250,0.4705,0.6575
-0.0200,0.4597,0.6694
-0.0150,0.4490,0.6817
-0.0050,0.4409,0.6939
0.0000,0.4329,0.7054
0.0000,0.4248,0.7156
0.0100,0.4194,0.7242
0.0150,0.4116,0.7315
0.0400,0.4062,0.7376
0.0850,0.4009,0.7432
0.1300,0.3901,0.7481
0.1800,0.3794,0.7525
0.2200,0.3687,0.7564
0.1850,0.3579,0.7606
0.0950,0.3525,0.7664
0.0100,0.3472,0.7738
-0.0350,0.3499,0.7823
-0.0600,0.3579,0.7916
-0.0650,0.3740,0.8006
-0.0650,0.4009,0.8089
-0.0600,0.4409,0.8141
-0.0400,0.4866,0.8160
-0.0150,0.5374,0.8136
0.0000,0.5935,0.8077
-0.0550,0.6472,0.7982
-0.0700,0.7007,0.7862
-0.0750,0.7463,0.7740
-0.0650,0.7810,0.7625
-0.0550,0.8052,0.7559
-0.0500,0.8186,0.7542
-0.0450,0.8267,0.7579
-0.0400,0.8240,0.7659
-0.0350,0.8186,0.7764
-0.0450,0.8025,0.7879
-0.0450,0.7837,0.7957
-0.0400,0.7678,0.7992
-0.0150,0.7410,0.7950
0.3050,0.7168,0.7845
0.1750,0.6846,0.7701
-0.2250,0.6526,0.7530
-0.1100,0.6257,0.7347
-0.0250,0.5935,0.7154
-0.0250,0.5669,0.6944
-0.0250,0.5427,0.6721
-0.0250,0.5212,0.6489
-0.0200,0.5078,0.6257
-0.0100,0.5000,0.6049
0.0000,0.4946,0.5866
0.0000,0.4893,0.5710
0.0100,0.4839,0.5573
0.0200,0.4839,0.5434
0.0300,0.4785,0.5290
0.0500,0.4785,0.5131
0.0850,0.4785,0.4962
0.1300,0.4731,0.4796
0.1750,0.4731,0.4632
0.2200,0.4678,0.4481
0.2050,0.4597,0.4344
0.1200,0.4490,0.4234
0.0250,0.4329,0.4149
-0.0300,0.4194,0.4092
-0.0600,0.4072,0.4063
-0.0650,0.4072,0.4061
-0.0750,0.4214,0.4080
-0.0750,0.4465,0.4114
-0.0700,0.4832,0.4163
-0.0700,0.5249,0.4210
-0.0100,0.5728,0.4251
-0.0450,0.6177,0.4273
-0.0650,0.6597,0.4280
-0.0800,0.6934,0.4280
-0.0700,0.7244,0.4278
-0.0600,0.7383,0.4266
-0.0600,0.7495,0.4241
-0.0550,0.7495,0.4222
-0.0550,0.7383,0.4200
-0.0450,0.7188,0.4163
-0.0500,0.6963,0.4112
-0.0550,0.6682,0.4058
-0.0500,0.6372,0.4002
-0.0500,0.6091,0.3924
0.0900,0.5952,0.3828
0.3450,0.5642,0.3731
-0.1550,0.5361,0.3635
-0.2000,0.5083,0.3550
-0.0600,0.4888,0.3472
-0.0350,0.4690,0.3411
-0.0350,0.4521,0.3359
-0.0250,0.4353,0.3311
-0.0200,0.4241,0.3264
-0.0200,0.4128,0.3235
-0.0150,0.4016,0.3223
-0.0050,0.3933,0.3225
0.0000,0.3848,0.3237
0.0100,0.3735,0.3254
0.0200,0.3623,0.3276
0.0400,0.3511,0.3281
0.0650,0.3428,0.3271
0.1050,0.3342,0.3242
0.1500,0.3230,0.3193
0.2000,0.3118,0.3132
0.2200,0.3062,0.3064
0.1600,0.2949,0.2998
0.0600,0.2837,0.2934
-0.0150,0.2725,0.2876
-0.0500,0.2668,0.2819
-0.0650,0.2642,0.2773
-0.0700,0.2725,0.2739
-0.0650,0.2866,0.2724
-0.0700,0.3118,0.2722
-0.0650,0.3455,0.2731
-0.0400,0.3877,0.2749
-0.0300,0.4326,0.2773
-0.0650,0.4775,0.2802
-0.0800,0.5166,0.2837
-0.0750,0.5530,0.2871
-0.0700,0.5840,0.2910
-0.0650,0.6064,0.2946
-0.0600,0.6204,0.2973
-0.0550,0.6233,0.2995
-0.0550,0.6147,0.3010
-0.0550,0.6008,0.3020
-0.0650,0.5840,0.3027
-0.0600,0.5588,0.3030
-0.0550,0.5374,0.3022
-0.0250,0.5132,0.3000
0.2900,0.4973,0.2961
0.1050,0.4785,0.2912
-0.2450,0.4570,0.2871
-0.1200,0.4409,0.2837
-0.0350,0.4275,0.2800
-0.0300,0.4167,0.2761
-0.0300,0.4062,0.2729
-0.0300,0.3955,0.2707
-0.0250,0.3848,0.2700
-0.0200,0.3794,0.2705
-0.0150,0.3687,0.2710
-0.0100,0.3633,0.2712
-0.0050,0.3525,0.2724
0.0050,0.3472,0.2741
0.0250,0.3418,0.2746
0.0450,0.3337,0.2736
0.0750,0.3284,0.2719
0.1150,0.3232,0.2692
0.1600,0.3152,0.2661
0.2050,0.3044,0.2624
0.1950,0.2991,0.2585
0.1100,0.2883,0.2546
0.0150,0.2776,0.2504
-0.0400,0.2749,0.2463
-0.0600,0.2830,0.2431
-0.0700,0.2964,0.2409
-0.0700,0.3203,0.2392
-0.0700,0.3525,0.2385
-0.0700,0.3928,0.2387
-0.0700,0.4409,0.2402
-0.0100,0.4866,0.2424
-0.0500,0.5293,0.2448
-0.0700,0.5750,0.2470
-0.0750,0.6123,0.2490
-0.0700,0.6445,0.2512
-0.0600,0.6660,0.2541
-0.0600,0.6846,0.2563
-0.0550,0.6873,0.2580
-0.0500,0.6846,0.2592
-0.0450,0.6741,0.2602
-0.0650,0.6553,0.2619
-0.0600,0.6338,0.2641
-0.0600,0.6069,0.2648
-0.0600,0.5830,0.2644
0.1350,0.5588,0.2639
0.3200,0.5347,0.2634
-0.1900,0.5105,0.2629
-0.1800,0.4973,0.2631
-0.0550,0.4812,0.2663
-0.0400,0.4651,0.2722
-0.0350,0.4543,0.2800
-0.0300,0.4436,0.2898
-0.0250,0.4329,0.3015
-0.0200,0.4275,0.3152
-0.0100,0.4167,0.3313
-0.0100,0.4116,0.3494
-0.0050,0.4009,0.3687
0.0050,0.3928,0.3890
0.0150,0.3848,0.4090
0.0300,0.3794,0.4290
0.0550,0.3713,0.4486
0.0900,0.3633,0.4681
0.1300,0.3579,0.4872
0.1850,0.3472,0.5065
0.2050,0.3418,0.5265
0.1450,0.3311,0.5470
0.0550,0.3257,0.5673
-0.0150,0.3232,0.5873
-0.0550,0.3232,0.6079
-0.0600,0.3311,0.6291
-0.0650,0.3499,0.6506
-0.0650,0.3740,0.6726
-0.0550,0.4114,0.6946
-0.0550,0.4570,0.7168
0.0200,0.4998,0.7381
-0.0300,0.5481,0.7581
-0.0600,0.5962,0.7767
-0.0800,0.6392,0.7940
-0.0750,0.6792,0.8111
-0.0550,0.7061,0.8280
-0.0500,0.7249,0.8427
-0.0500,0.7356,0.8561
-0.0450,0.7410,0.8688
-0.0400,0.7383,0.8813
-0.0400,0.7329,0.8927
-0.0450,0.7195,0.9032
-0.0450,0.7034,0.9128
-0.0400,0.6873,0.9218
0.0550,0.6660,0.9291
0.4450,0.6445,0.9355
0.0250,0.6257,0.9419
-0.1700,0.6069,0.9482
-0.0650,0.5908,0.9550
-0.0300,0.5776,0.9616
-0.0300,0.5615,0.9673
-0.0300,0.5562,0.9719
-0.0300,0.5454,0.9761
-0.0250,0.5400,0.9800
-0.0250,0.5347,0.9841
-0.0200,0.5266,0.9885
-0.0150,0.5212,0.9905
-0.0100,0.5159,0.9900
0.0050,0.5105,0.9868
0.0200,0.5051,0.9812
0.0450,0.5000,0.9729
0.0750,0.4973,0.9624
0.1200,0.4919,0.9492
0.1700,0.4839,0.9335
0.2100,0.4758,0.9164
0.1750,0.4678,0.8981
0.0750,0.4624,0.8788
-0.0050,0.4570,0.8590
-0.0500,0.4570,0.8387
-0.0700,0.4597,0.8182
-0.0750,0.4705,0.7984
-0.0750,0.4919,0.7791
-0.0700,0.5186,0.7606
-0.0650,0.5588,0.7425
-0.0550,0.6069,0.7249
-0.0200,0.6580,0.7075
-0.0650,0.7087,0.6914
-0.0850,0.7571,0.6765
-0.0750,0.7971,0.6624
-0.0700,0.8293,0.6487
-0.0700,0.8589,0.6345
-0.0700,0.8774,0.6201
-0.0600,0.8855,0.6062
-0.0600,0.8774,0.5930
-0.0500,0.8640,0.5790
-0.0650,0.8428,0.5646
-0.0650,0.8159,0.5487
-0.0550,0.7810,0.5319
-0.0300,0.7490,0.5153
0.2800,0.7168,0.4987
0.1100,0.6819,0.4813
-0.2550,0.6526,0.4630
-0.1300,0.6257,0.4442
-0.0450,0.6016,0.4251
-0.0350,0.5803,0.4056
-0.0350,0.5588,0.3863
-0.0300,0.5427,0.3689
-0.0300,0.5239,0.3533
-0.0250,0.5078,0.3389
-0.0200,0.4973,0.3254
-0.0150,0.4866,0.3130
-0.0100,0.4758,0.3010
0.0000,0.4651,0.2905
0.0150,0.4543,0.2812
0.0350,0.4436,0.2719
0.0650,0.4329,0.2626
0.1100,0.4221,0.2534
0.1600,0.4116,0.2443
0.2000,0.4009,0.2367
0.1850,0.3901,0.2304
0.1000,0.3794,0.2265
0.0100,0.3687,0.2248
-0.0450,0.3606,0.2238
-0.0700,0.3552,0.2233
-0.0800,0.3606,0.2231
-0.0800,0.3713,0.2231
-0.0800,0.3901,0.2223
-0.0800,0.4167,0.2209
-0.0750,0.4543,0.2189
-0.0250,0.4919,0.2167
-0.0550,0.5320,0.2150
-0.0750,0.5750,0.2140
-0.0850,0.6096,0.2126
-0.0750,0.6392,0.2108
-0.0750,0.6580,0.2096
-0.0700,0.6687,0.2091
-0.0650,0.6687,0.2091
-0.0650,0.6580,0.2094
-0.0600,0.6445,0.2111
-0.0650,0.6230,0.2135
-0.0650,0.6016,0.2155
-0.0650,0.5776,0.2174
-0.0650,0.5508,0.2189
0.0750,0.5239,0.2201
0.3400,0.4998,0.2192
-0.1550,0.4758,0.2162
-0.2100,0.4517,0.2113
-0.0650,0.4329,0.2047
-0.0400,0.4167,0.1979
-0.0350,0.4036,0.1911
-0.0300,0.3901,0.1854
-0.0300,0.3794,0.1806
-0.0250,0.3687,0.1774
-0.0150,0.3579,0.1757
-0.0100,0.3472,0.1759
-0.0100,0.3418,0.1776
0.0050,0.3311,0.1796
0.0200,0.3206,0.1813
0.0350,0.3152,0.1813
0.0600,0.3044,0.1793
0.0950,0.2937,0.1762
0.1350,0.2830,0.1722
0.1900,0.2722,0.1678
0.2150,0.2615,0.1630
0.1550,0.2507,0.1588
0.0500,0.2400,0.1556
-0.0250,0.2346,0.1537
-0.0600,0.2346,0.1529
-0.0750,0.2427,0.1532
-0.0750,0.2588,0.1542
-0.0750,0.2856,0.1556
-0.0700,0.3044,0.1573
-0.0700,0.3391,0.1605
-0.0450,0.3848,0.1647
-0.0350,0.4355,0.1693
-0.0700,0.4866,0.1744
-0.0800,0.5293,0.1798
-0.0750,0.5723,0.1857
-0.0700,0.6042,0.1915
-0.0600,0.6284,0.1972
-0.0600,0.6418,0.2018
-0.0550,0.6445,0.2055
-0.0550,0.6418,0.2077
-0.0500,0.6284,0.2086
-0.0600,0.6123,0.2096
-0.0600,0.5881,0.2104
-0.0550,0.5642,0.2101
-0.0150,0.5374,0.2094
0.3200,0.5105,0.2082
0.0800,0.4919,0.2062
-0.2300,0.4678,0.2043
-0.0950,0.4463,0.2021
-0.0200,0.4275,0.2006
0.0050,0.4116,0.2001
0.0300,0.4009,0.2011
0.0600,0.3901,0.2033
0.0600,0.3794,0.2072
0.0500,0.3740,0.2128
0.1450,0.3687,0.2194
0.1400,0.3606,0.2272
0.0550,0.3552,0.2375
0.0050,0.3472,0.2492
0.0400,0.3418,0.2600
0.0400,0.3364,0.2692
0.0050,0.3284,0.2761
-0.0050,0.3232,0.2815
0.0600,0.3152,0.2844
0.1100,0.3044,0.2856
0.0900,0.2991,0.2863
0.0150,0.2883,0.2868
-0.0650,0.2803,0.2871
-0.0900,0.2698,0.2871
-0.0900,0.2725,0.2871
-0.0700,0.2837,0.2868
-0.0600,0.3035,0.2856
-0.0500,0.3315,0.2837
-0.0550,0.3679,0.2810
-0.0700,0.4102,0.2780
-0.0350,0.4607,0.2753
-0.1350,0.5083,0.2736
-0.1950,0.5559,0.2744
-0.1650,0.6008,0.2775
-0.1200,0.6372,0.2841
-0.0950,0.6682,0.2939
-0.0800,0.6907,0.3059
-0.0550,0.6990,0.3196
-0.0400,0.6990,0.3357
-0.0300,0.6907,0.3535
-0.0350,0.6738,0.3706
-0.0300,0.6514,0.3868
-0.0350,0.6233,0.4002
-0.0400,0.5952,0.4114
0.1800,0.5698,0.4200
0.3750,0.5447,0.4263
-0.1250,0.5222,0.4310
-0.1050,0.5027,0.4346
0.0100,0.4888,0.4393
0.0700,0.4719,0.4452
0.0550,0.4578,0.4527
0.0200,0.4409,0.4620
0.0200,0.4297,0.4732
-0.0200,0.4185,0.4862
-0.0400,0.4072,0.5006
-0.0500,0.4016,0.5160
-0.0400,0.3989,0.5331
-0.0200,0.3960,0.5517
0.0050,0.3904,0.5702
0.0250,0.3848,0.5886
0.0450,0.3735,0.6047
0.0800,0.3623,0.6186
0.1250,0.3511,0.6291
0.1800,0.3398,0.6372
0.2000,0.3315,0.6450
0.1350,0.3259,0.6531
0.0350,0.3203,0.6621
-0.0250,0.3203,0.6724
-0.0650,0.3259,0.6841
-0.0750,0.3372,0.6975
-0.0800,0.3567,0.7119
-0.0750,0.3904,0.7271
-0.0750,0.4353,0.7427
-0.0700,0.4888,0.7589
0.0000,0.5474,0.7752
-0.0500,0.6091,0.7918
-0.0700,0.6709,0.8087
-0.0900,0.7244,0.8256
-0.0800,0.7749,0.8414
-0.0650,0.8113,0.8561
-0.0650,0.8423,0.8681
-0.0600,0.8618,0.8778
-0.0500,0.8704,0.8859
-0.0450,0.8618,0.8923
-0.0450,0.8506,0.8967
-0.0500,0.8423,0.8991
-0.0500,0.8142,0.8996
-0.0500,0.7832,0.8979
0.0800,0.7495,0.8927
0.4250,0.7158,0.8849
-0.0750,0.6877,0.8759
-0.1800,0.6653,0.8659
-0.0600,0.6458,0.8544
-0.0350,0.6289,0.8419
-0.0350,0.6147,0.8292
-0.0300,0.6008,0.8163
-0.0250,0.5867,0.8016
-0.0300,0.5754,0.7852
-0.0300,0.5698,0.7679
-0.0200,0.5615,0.7493
-0.0150,0.5559,0.7300
-0.0050,0.5503,0.7102
0.0050,0.5474,0.6890
0.0200,0.5447,0.6663
0.0450,0.5361,0.6430
0.0800,0.5305,0.6191
0.1200,0.5193,0.5947
0.1800,0.5054,0.5698
0.2100,0.4971,0.5448
0.1600,0.4802,0.5199
0.0600,0.4663,0.4969
-0.0150,0.4521,0.4759
-0.0550,0.4465,0.4571
-0.0700,0.4438,0.4403
-0.0750,0.4465,0.4237
-0.0800,0.4634,0.4075
-0.0750,0.4888,0.3914
-0.0750,0.5166,0.3755
-0.0450,0.5615,0.3611
-0.0200,0.6147,0.3479
-0.0700,0.6653,0.3364
-0.0800,0.7188,0.3262
-0.0750,0.7607,0.3161
-0.0750,0.8000,0.3061
-0.0600,0.8254,0.2971
-0.0600,0.8394,0.2890
-0.0500,0.8450,0.2807
-0.0600,0.8337,0.2722
-0.0450,0.8142,0.2646
-0.0650,0.7888,0.2575
-0.0600,0.7551,0.2502
-0.0550,0.7188,0.2424
-0.0200,0.6794,0.2345
0.3050,0.6428,0.2267
0.0850,0.6091,0.2189
-0.2500,0.5754,0.2113
-0.1150,0.5447,0.2047
-0.0400,0.5166,0.1991
-0.0300,0.4971,0.1952
-0.0300,0.4775,0.1928
-0.0300,0.4578,0.1915
-0.0250,0.4438,0.1908
-0.0150,0.4297,0.1898
-0.0100,0.4214,0.1884
0.0000,0.4128,0.1867
0.0050,0.4045,0.1849
0.0150,0.3989,0.1840
0.0300,0.3992,0.1835
0.0500,0.3940,0.1828
0.0800,0.3838,0.1813
0.1250,0.3733,0.1779
0.1750,0.3630,0.1727
0.2200,0.3528,0.1681
0.1900,0.3425,0.1642
0.1000,0.3320,0.1608
0.0100,0.3193,0.1581
-0.0400,0.3115,0.1566
-0.0650,0.3040,0.1564
-0.0750,0.3064,0.1566
-0.0750,0.3142,0.1576
-0.0700,0.3323,0.1591
-0.0700,0.3579,0.1608
-0.0650,0.3940,0.1639
-0.0150,0.4329,0.1678
-0.0500,0.4766,0.1713
-0.0750,0.5103,0.1747
-0.0800,0.5488,0.1776
-0.0750,0.5798,0.1806
-0.0650,0.6030,0.1830
-0.0700,0.6157,0.1854
-0.0600,0.6238,0.1879
-0.0600,0.6211,0.1898
-0.0550,0.6184,0.1908
-0.0600,0.6082,0.1911
-0.0650,0.5928,0.1903
-0.0600,0.5693,0.1893
-0.0550,0.5464,0.1879
0.1000,0.5229,0.1862
0.3350,0.5024,0.1842
-0.1650,0.4817,0.1823
-0.1950,0.4612,0.1803
-0.0600,0.4431,0.1784
-0.0350,0.4250,0.1771
-0.0350,0.4121,0.1769
-0.0350,0.3992,0.1771
-0.0300,0.3889,0.1781
-0.0300,0.3838,0.1793
-0.0250,0.3733,0.1808
-0.0200,0.3682,0.1823
-0.0100,0.3579,0.1840
0.0000,0.3528,0.1867
0.0100,0.3452,0.1901
0.0300,0.3374,0.1923
0.0500,0.3320,0.1930
0.0900,0.3245,0.1920
0.1400,0.3167,0.1896
0.1900,0.3115,0.1871
0.2100,0.3040,0.1847
0.1500,0.2961,0.1832
0.0550,0.2856,0.1828
-0.0150,0.2805,0.1828
-0.0550,0.2729,0.1835
-0.0700,0.2729,0.1854
-0.0700,0.2805,0.1884
-0.0700,0.2986,0.1911
-0.0700,0.3218,0.1937
-0.0700,0.3579,0.1981
-0.0350,0.3992,0.2035
-0.0400,0.4458,0.2082
-0.0650,0.4895,0.2121
-0.0800,0.5308,0.2165
-0.0700,0.5720,0.2209
-0.0700,0.6030,0.2245
-0.0650,0.6289,0.2272
-0.0600,0.6416,0.2284
-0.0550,0.6494,0.2284
-0.0550,0.6443,0.2284
-0.0450,0.6340,0.2284
-0.0650,0.6184,0.2267
-0.0550,0.5979,0.2238
-0.0550,0.5720,0.2216
-0.0150,0.5488,0.2199
0.3350,0.5229,0.2179
0.0350,0.5024,0.2155
-0.2350,0.4844,0.2130
-0.1000,0.4639,0.2104
-0.0350,0.4456,0.2086
-0.0350,0.4302,0.2077
-0.0300,0.4199,0.2072
-0.0250,0.4094,0.2074
-0.0200,0.4019,0.2089
-0.0200,0.3940,0.2113
-0.0100,0.3865,0.2145
-0.0050,0.3787,0.2182
0.0000,0.3733,0.2221
0.0050,0.3657,0.2262
0.0200,0.3579,0.2287
0.0400,0.3528,0.2297
0.0650,0.3425,0.2304
0.1050,0.3374,0.2311
0.1550,0.3269,0.2328
0.1950,0.3218,0.2358
0.1750,0.3115,0.2409
0.0850,0.3013,0.2485
0.0000,0.2961,0.2585
-0.0450,0.2883,0.2710
-0.0650,0.2856,0.2861
-0.0750,0.2961,0.3034
-0.0750,0.3091,0.3223
-0.0700,0.3374,0.3428
-0.0650,0.3708,0.3660
-0.0650,0.4121,0.3916
-0.0150,0.4585,0.4171
-0.0600,0.5049,0.4425
-0.0800,0.5488,0.4681
-0.0750,0.5928,0.4945
-0.0700,0.6262,0.5202
-0.0600,0.6572,0.5453
-0.0600,0.6777,0.5690
-0.0500,0.6880,0.5913
-0.0500,0.6907,0.6125
-0.0400,0.6855,0.6330
-0.0450,0.6726,0.6531
-0.0500,0.6545,0.6724
-0.0450,0.6340,0.6902
-0.0400,0.6133,0.7071
0.2300,0.5876,0.7229
0.3400,0.5669,0.7378
-0.1700,0.5464,0.7513
-0.1250,0.5256,0.7635
-0.0400,0.5103,0.7757
-0.0350,0.5000,0.7879
-0.0350,0.4866,0.8001
-0.0300,0.4785,0.8124
-0.0300,0.4705,0.8246
-0.0200,0.4624,0.8368
-0.0150,0.4570,0.8490
-0.0150,0.4517,0.8612
-0.0100,0.4436,0.8722
-0.0050,0.4382,0.8825
0.0100,0.4329,0.8908
0.0300,0.4275,0.8979
0.0500,0.4221,0.9035
0.0900,0.4194,0.9084
0.1350,0.4143,0.9116
0.1900,0.4089,0.9135
0.2000,0.4036,0.9167
0.1300,0.3955,0.9206
0.0300,0.3901,0.9240
-0.0300,0.3875,0.9274
-0.0650,0.3875,0.9316
-0.0650,0.3955,0.9362
-0.0700,0.4089,0.9404
-0.0650,0.4382,0.9441
-0.0600,0.4785,0.9462
-0.0550,0.5159,0.9470
0.0000,0.5669,0.9460
-0.0400,0.6204,0.9431
-0.0600,0.6738,0.9382
-0.0750,0.7249,0.9316
-0.0600,0.7676,0.9235
-0.0500,0.8025,0.9142
-0.0550,0.8267,0.9032
-0.0500,0.8455,0.8905
-0.0400,0.8535,0.8759
-0.0350,0.8508,0.8593
-0.0400,0.8455,0.8402
-0.0500,0.8347,0.8194
-0.0450,0.8213,0.7972
-0.0450,0.7944,0.7742
0.1200,0.7678,0.7513
0.3650,0.7383,0.7286
-0.1550,0.7087,0.7051
-0.1800,0.6819,0.6812
-0.0500,0.6553,0.6577
-0.0300,0.6284,0.6350
-0.0300,0.6069,0.6135
-0.0300,0.5884,0.5932
-0.0300,0.5723,0.5742
-0.0200,0.5562,0.5558
-0.0200,0.5454,0.5392
-0.0150,0.5347,0.5238
-0.0050,0.5239,0.5097
0.0000,0.5132,0.4960
0.0150,0.5051,0.4820
0.0300,0.5000,0.4676
0.0600,0.4946,0.4520
0.0950,0.4866,0.4354
0.1400,0.4758,0.4200
0.1950,0.4678,0.4056
0.2150,0.4597,0.3912
0.1500,0.4490,0.3767
0.0500,0.4382,0.3633
-0.0200,0.4241,0.3506
-0.0600,0.4158,0.3396
-0.0750,0.4102,0.3301
-0.0800,0.4128,0.3215
-0.0750,0.4214,0.3137
-0.0800,0.4382,0.3066
-0.0750,0.4690,0.3000
-0.0550,0.5027,0.2937
-0.0300,0.5447,0.2881
-0.0700,0.5896,0.2834
-0.0850,0.6345,0.2797
-0.0850,0.6765,0.2758
-0.0750,0.7102,0.2717
-0.0700,0.7356,0.2673
-0.0700,0.7495,0.2626
-0.0600,0.7524,0.2570
-0.0600,0.7495,0.2507
-0.0550,0.7383,0.2438
-0.0650,0.7188,0.2367
-0.0650,0.6907,0.2301
-0.0600,0.6626,0.2243
-0.0250,0.6316,0.2182
0.2900,0.5979,0.2116
0.0850,0.5642,0.2047
-0.2450,0.5361,0.1979
-0.1150,0.5110,0.1923
-0.0450,0.4944,0.1871
-0.0350,0.4746,0.1828
-0.0350,0.4578,0.1791
-0.0300,0.4409,0.1757
-0.0250,0.4297,0.1727
-0.0200,0.4158,0.1710
-0.0150,0.4016,0.1705
-0.0100,0.3933,0.1715
0.0000,0.3848,0.1740
0.0100,0.3735,0.1752
0.0250,0.3623,0.1759
0.0400,0.3540,0.1757
0.0750,0.3455,0.1752
0.1200,0.3342,0.1742
0.1650,0.3230,0.1727
0.2100,0.3118,0.1713
0.1850,0.3005,0.1698
0.0900,0.2893,0.1681
0.0050,0.2781,0.1664
-0.0500,0.2668,0.1656
-0.0700,0.2612,0.1659
-0.0800,0.2612,0.1666
-0.0800,0.2698,0.1678
-0.0750,0.2866,0.1705
-0.0750,0.3147,0.1742
-0.0700,0.3511,0.1784
-0.0200,0.3933,0.1830
-0.0600,0.4382,0.1871
-0.0800,0.4832,0.1908
-0.0800,0.5222,0.1950
-0.0750,0.5586,0.1994
-0.0650,0.5896,0.2030
-0.0700,0.6091,0.2062
-0.0600,0.6177,0.2079
-0.0550,0.6177,0.2084
-0.0500,0.6091,0.2089
-0.0600,0.5908,0.2096
-0.0650,0.5696,0.2106
-0.0650,0.5481,0.2116
-0.0600,0.5239,0.2126
0.1100,0.5024,0.2133
0.3350,0.4785,0.2130
-0.1800,0.4570,0.2123
-0.1950,0.4355,0.2108
-0.0550,0.4194,0.2086
-0.0350,0.4062,0.2055
-0.0300,0.3901,0.2013
-0.0300,0.3794,0.1962
-0.0300,0.3740,0.1911
-0.0300,0.3633,0.1884
-0.0200,0.3579,0.1879
-0.0150,0.3525,0.1891
-0.0150,0.3445,0.1915
-0.0050,0.3391,0.1940
0.0150,0.3337,0.1959
0.0350,0.3284,0.1967
0.0600,0.3206,0.1967
0.0900,0.3152,0.1959
0.1300,0.3098,0.1950
0.1850,0.3044,0.1942
0.2000,0.2937,0.1942
0.1350,0.2856,0.1947
0.0450,0.2776,0.1955
-0.0300,0.2749,0.1977
-0.0650,0.2749,0.2006
-0.0700,0.2776,0.2030
-0.0750,0.2910,0.2055
-0.0700,0.3152,0.2086
-0.0700,0.3499,0.2121
-0.0650,0.3901,0.2150
-0.0400,0.4382,0.2179
-0.0400,0.4866,0.2223
-0.0600,0.5320,0.2277
-0.0800,0.5803,0.2331
-0.0700,0.6177,0.2382
-0.0600,0.6472,0.2424
-0.0550,0.6714,0.2455
-0.0550,0.6846,0.2477
-0.0550,0.6873,0.2497
-0.0550,0.6846,0.2519
-0.0500,0.6741,0.2548
-0.0600,0.6553,0.2570
-0.0550,0.6338,0.2585
-0.0500,0.6123,0.2575
0.0000,0.5881,0.2546
0.3450,0.5642,0.2502
0.0050,0.5374,0.2448
-0.2350,0.5159,0.2407
-0.1050,0.4973,0.2377
-0.0500,0.4839,0.2367
-0.0400,0.4705,0.2372
-0.0350,0.4543,0.2397
-0.0350,0.4463,0.2441
-0.0300,0.4382,0.2509
-0.0200,0.4302,0.2597
-0.0150,0.4221,0.2719
-0.0100,0.4143,0.2873
0.0000,0.4062,0.3056
0.0100,0.4009,0.3264
0.0200,0.3901,0.3482
0.0400,0.3848,0.3701
0.0650,0.3740,0.3916
0.1050,0.3633,0.4127
0.1550,0.3552,0.4332
0.2000,0.3472,0.4532
0.1700,0.3364,0.4740
0.0850,0.3311,0.4955
0.0000,0.3232,0.5175
-0.0450,0.3179,0.5399
-0.0600,0.3206,0.5624
-0.0650,0.3311,0.5849
-0.0600,0.3499,0.6066
-0.0600,0.3740,0.6277
-0.0550,0.4114,0.6489
-0.0450,0.4543,0.6704
0.0050,0.4971,0.6912
-0.0500,0.5427,0.7110
-0.0750,0.5908,0.7293
-0.0750,0.6311,0.7462
-0.0650,0.6633,0.7620
-0.0500,0.6873,0.7774
-0.0500,0.7061,0.7931
-0.0350,0.7141,0.8089
-0.0400,0.7141,0.8231
-0.0250,0.7061,0.8358
-0.0400,0.7007,0.8480
-0.0400,0.6953,0.8602
-0.0350,0.6819,0.8712
-0.0200,0.6633,0.8817
0.3000,0.6445,0.8925
0.3150,0.6230,0.9032
-0.1600,0.6042,0.9120
-0.0950,0.5857,0.9194
-0.0300,0.5696,0.9255
-0.0250,0.5562,0.9306
-0.0300,0.5400,0.9340
-0.0250,0.5293,0.9362
-0.0200,0.5212,0.9394
-0.0200,0.5132,0.9436
-0.0150,0.5051,0.9482
-0.0100,0.5000,0.9533
0.0000,0.5000,0.9590
0.0050,0.4946,0.9643
0.0200,0.4893,0.9670
0.0350,0.4866,0.9670
0.0600,0.4812,0.9631
0.1000,0.4731,0.9560
0.1500,0.4651,0.9465
0.2000,0.4597,0.9348
0.2000,0.4490,0.9208
0.1200,0.4436,0.9050
0.0300,0.4355,0.8876
-0.0300,0.4302,0.8693
-0.0500,0.4302,0.8500
-0.0600,0.4302,0.8302
-0.0650,0.4382,0.8109
-0.0600,0.4570,0.7921
-0.0600,0.4812,0.7740
-0.0550,0.5132,0.7559
0.0100,0.5562,0.7371
-0.0450,0.6121,0.7181
-0.0700,0.6653,0.6992
-0.0750,0.7188,0.6807
-0.0550,0.7637,0.6619
-0.0550,0.8057,0.6423
-0.0500,0.8394,0.6225
-0.0500,0.8618,0.6025
-0.0450,0.8730,0.5822
-0.0350,0.8760,0.5619
-0.0400,0.8730,0.5426
-0.0450,0.8535,0.5241
-0.0450,0.8311,0.5062
-0.0400,0.8030,0.4889
0.1200,0.7720,0.4720
0.3450,0.7383,0.4554
-0.1800,0.7046,0.4390
-0.1800,0.6765,0.4232
-0.0450,0.6458,0.4095
-0.0350,0.6177,0.3975
-0.0300,0.5952,0.3850
-0.0300,0.5784,0.3721
-0.0350,0.5615,0.3609
-0.0200,0.5447,0.3511
-0.0050,0.5305,0.3433
0.0050,0.5137,0.3374
0.0100,0.5027,0.3328
0.0200,0.4915,0.3289
0.0250,0.4746,0.3237
0.0350,0.4663,0.3174
0.0700,0.4578,0.3091
0.1000,0.4465,0.2990
0.1500,0.4353,0.2881
0.2100,0.4241,0.2761
0.2200,0.4185,0.2639
0.1550,0.4072,0.2514
0.0550,0.3960,0.2399
-0.0200,0.3848,0.2294
-0.0550,0.3735,0.2206
-0.0700,0.3679,0.2133
-0.0700,0.3652,0.2079
-0.0700,0.3735,0.2043
-0.0700,0.3848,0.2008
-0.0600,0.4072,0.1974
-0.0300,0.4353,0.1933
-0.0250,0.4719,0.1884
-0.0600,0.5083,0.1840
-0.0800,0.5447,0.1803
-0.0800,0.5840,0.1781
-0.0650,0.6177,0.1769
-0.0650,0.6458,0.1766
-0.0650,0.6597,0.1771
-0.0550,0.6682,0.1801
-0.0500,0.6653,0.1847
-0.0450,0.6541,0.1889
-0.0500,0.6345,0.1923
-0.0500,0.6121,0.1933
-0.0450,0.5840,0.1923
-0.0200,0.5559,0.1896
0.3100,0.5278,0.1862
0.0900,0.5027,0.1828
-0.2350,0.4802,0.1796
-0.1050,0.4551,0.1766
-0.0350,0.4355,0.1740
-0.0350,0.4194,0.1715
-0.0300,0.4009,0.1693
-0.0250,0.3875,0.1681
-0.0250,0.3740,0.1678
-0.0250,0.3633,0.1681
-0.0150,0.3525,0.1693
-0.0050,0.3418,0.1715
0.0000,0.3364,0.1749
0.0150,0.3284,0.1781
0.0250,0.3206,0.1806
0.0450,0.3152,0.1810
0.0750,0.3071,0.1798
0.1150,0.2991,0.1784
0.1650,0.2937,0.1764
0.2100,0.2830,0.1735
0.1850,0.2749,0.1700
0.0950,0.2668,0.1678
0.0100,0.2561,0.1666
-0.0400,0.2507,0.1664
-0.0600,0.2454,0.1671
-0.0700,0.2507,0.1691
-0.0700,0.2615,0.1722
-0.0700,0.2803,0.1764
-0.0700,0.3098,0.1810
-0.0700,0.3472,0.1859
-0.0100,0.3901,0.1913
-0.0550,0.4355,0.1967
-0.0750,0.4839,0.2021
-0.0750,0.5212,0.2067
-0.0750,0.5562,0.2104
-0.0650,0.5857,0.2133
-0.0650,0.6042,0.2155
-0.0600,0.6150,0.2167
-0.0550,0.6177,0.2165
-0.0450,0.6096,0.2157
-0.0550,0.5962,0.2143
-0.0600,0.5803,0.2133
-0.0550,0.5588,0.2128
-0.0550,0.5374,0.2118
0.1400,0.5105,0.2104
0.3200,0.4946,0.2084
-0.1950,0.4731,0.2060
-0.1850,0.4517,0.2035
-0.0550,0.4302,0.2011
-0.0400,0.4167,0.1986
-0.0350,0.4009,0.1959
-0.0350,0.3901,0.1942
-0.0300,0.3794,0.1935
-0.0250,0.3687,0.1933
-0.0150,0.3633,0.1940
-0.0100,0.3552,0.1969
-0.0050,0.3472,0.2013
0.0050,0.3418,0.2052
0.0200,0.3337,0.2084
0.0350,0.3284,0.2101
0.0600,0.3232,0.2104
0.0950,0.3179,0.2099
0.1400,0.3098,0.2086
0.1900,0.3044,0.2072
0.2000,0.2937,0.2052
0.1400,0.2910,0.2040
0.0400,0.2856,0.2038
-0.0300,0.2803,0.2047
-0.0550,0.2803,0.2067
-0.0750,0.2830,0.2086
-0.0750,0.2964,0.2106
-0.0700,0.3125,0.2133
-0.0700,0.3418,0.2167
-0.0700,0.3821,0.2204
-0.0250,0.4248,0.2245
-0.0450,0.4705,0.2299
-0.0750,0.5132,0.2363
-0.0800,0.5588,0.2421
-0.0750,0.5989,0.2480
-0.0700,0.6284,0.2546
-0.0650,0.6526,0.2622
-0.0650,0.6660,0.2712
-0.0650,0.6714,0.2817
-0.0650,0.6687,0.2927
-0.0600,0.6580,0.3049
-0.0750,0.6418,0.3186
-0.0750,0.6230,0.3335
-0.0700,0.6016,0.3482
0.0000,0.5750,0.3628
0.3750,0.5535,0.3775
0.0000,0.5320,0.3919
-0.2150,0.5105,0.4061
-0.0900,0.4946,0.4205
-0.0500,0.4758,0.4371
-0.0450,0.4624,0.4552
-0.0400,0.4490,0.4735
-0.0400,0.4382,0.4921
-0.0300,0.4275,0.5118
-0.0250,0.4221,0.5324
-0.0250,0.4116,0.5546
-0.0200,0.4062,0.5781
-0.0150,0.3982,0.6015
-0.0050,0.3928,0.6247
0.0100,0.3875,0.6457
0.0300,0.3821,0.6648
0.0600,0.3767,0.6824
0.1000,0.3713,0.6988
0.1550,0.3687,0.7134
0.1900,0.3633,0.7266
0.1650,0.3552,0.7405
0.0800,0.3472,0.7552
0.0000,0.3418,0.7696
-0.0450,0.3364,0.7835
-0.0650,0.3391,0.7960
-0.0650,0.3472,0.8075
-0.0700,0.3660,0.8190
-0.0650,0.3955,0.8307
-0.0650,0.4355,0.8424
-0.0300,0.4785,0.8546
0.0050,0.5239,0.8668
-0.0600,0.5723,0.8791
-0.0800,0.6204,0.8910
-0.0800,0.6633,0.9030
-0.0650,0.7007,0.9140
-0.0550,0.7302,0.9240
-0.0550,0.7571,0.9333
-0.0500,0.7705,0.9419
-0.0500,0.7783,0.9489
-0.0350,0.8064,0.9550
-0.0500,0.8005,0.9602
-0.0450,0.7854,0.9643
-0.0400,0.7676,0.9680
-0.0200,0.7468,0.9709
0.3250,0.7261,0.9717
0.2350,0.7051,0.9702
-0.2000,0.6843,0.9663
-0.1050,0.6665,0.9604
-0.0350,0.6487,0.9528
-0.0350,0.6338,0.9441
-0.0350,0.6218,0.9333
-0.0300,0.6099,0.9208
-0.0300,0.5981,0.9074
-0.0250,0.5862,0.8930
-0.0200,0.5771,0.8778
-0.0150,0.5684,0.8620
-0.0100,0.5593,0.8439
0.0000,0.5535,0.8236
0.0150,0.5444,0.8019
0.0300,0.5356,0.7789
0.0650,0.5266,0.7552
0.1000,0.5146,0.7308
0.1500,0.5059,0.7071
0.2000,0.5000,0.6839
0.1900,0.4910,0.6611
0.1050,0.4819,0.6389
0.0150,0.4731,0.6179
-0.0400,0.4702,0.5983
-0.0650,0.4702,0.5807
-0.0750,0.4761,0.5646
-0.0700,0.4939,0.5497
-0.0700,0.5146,0.5358
-0.0650,0.5503,0.5224
-0.0650,0.5950,0.5097
0.0000,0.6487,0.4962
-0.0500,0.6963,0.4825
-0.0750,0.7439,0.4693
-0.0800,0.7886,0.4566
-0.0750,0.8242,0.4432
-0.0650,0.8511,0.4295
-0.0600,0.8660,0.4166
-0.0550,0.8689,0.4039
-0.0550,0.8599,0.3909
-0.0450,0.8391,0.3775
-0.0550,0.8123,0.3645
-0.0550,0.7795,0.3523
-0.0500,0.7407,0.3406
-0.0500,0.7021,0.3291
0.1250,0.6636,0.3171
0.3300,0.6277,0.3044
-0.1800,0.5950,0.2922
-0.1850,0.5652,0.2807
-0.0500,0.5415,0.2697
-0.0300,0.5176,0.2592
-0.0250,0.5000,0.2502
-0.0250,0.4849,0.2424
-0.0250,0.4731,0.2358
-0.0200,0.4670,0.2299
-0.0200,0.4553,0.2255
-0.0100,0.4463,0.2226
0.0000,0.4373,0.2216
0.0150,0.4297,0.2218
0.0250,0.4185,0.2216
0.0350,0.4128,0.2201
0.0650,0.4016,0.2162
0.1050,0.3904,0.2101
0.1500,0.3792,0.2038
0.2050,0.3679,0.1972
0.2150,0.3567,0.1915
0.1500,0.3398,0.1869
0.0500,0.3286,0.1828
-0.0250,0.3174,0.1791
-0.0500,0.3062,0.1757
-0.0700,0.3005,0.1727
-0.0750,0.3005,0.1700
-0.0700,0.3118,0.1678
-0.0600,0.3315,0.1676
-0.0550,0.3596,0.1688
-0.0300,0.3960,0.1708
-0.0200,0.4382,0.1727
-0.0500,0.4775,0.1747
-0.0700,0.5137,0.1769
-0.0650,0.5474,0.1801
-0.0600,0.5784,0.1840
-0.0550,0.6008,0.1874
-0.0550,0.6147,0.1903
-0.0450,0.6233,0.1930
-0.0450,0.6177,0.1955
-0.0450,0.6064,0.1977
-0.0550,0.5896,0.1994
-0.0500,0.5671,0.1991
-0.0450,0.5447,0.1974
-0.0150,0.5166,0.1950
0.3150,0.4971,0.1925
0.0850,0.4746,0.1901
-0.2350,0.4521,0.1876
-0.0950,0.4326,0.1852
-0.0300,0.4128,0.1830
-0.0300,0.3960,0.1818
-0.0300,0.3848,0.1813
-0.0250,0.3735,0.1815
-0.0250,0.3623,0.1823
-0.0150,0.3511,0.1842
-0.0050,0.3455,0.1871
-0.0050,0.3372,0.1901
0.0050,0.3315,0.1925
0.0150,0.3259,0.1950
0.0250,0.3203,0.1969
0.0550,0.3147,0.1989
0.0850,0.3091,0.2008
0.1250,0.3005,0.2025
0.1800,0.2949,0.2045
0.2200,0.2837,0.2082
0.2000,0.2781,0.2135
0.1100,0.2668,0.2209
0.0200,0.2612,0.2299
-0.0300,0.2585,0.2404
-0.0550,0.2612,0.2516
-0.0600,0.2698,0.2626
-0.0600,0.2866,0.2731
-0.0550,0.3118,0.2815
-0.0550,0.3484,0.2873
-0.0500,0.3933,0.2910
0.0000,0.4463,0.2925
-0.0450,0.4944,0.2925
-0.0600,0.5400,0.2915
-0.0650,0.5830,0.2905
-0.0600,0.6177,0.2895
-0.0500,0.6445,0.2890
-0.0500,0.6580,0.2885
-0.0400,0.6606,0.2881
-0.0400,0.6526,0.2876
-0.0350,0.6392,0.2871
-0.0450,0.6230,0.2863
-0.0400,0.6016,0.2839
-0.0400,0.5803,0.2795
-0.0450,0.5588,0.2739
0.1600,0.5374,0.2675
0.3250,0.5132,0.2614
-0.1850,0.4946,0.2556
-0.1600,0.4731,0.2502
-0.0350,0.4570,0.2453
-0.0250,0.4409,0.2426
-0.0250,0.4275,0.2416
-0.0200,0.4194,0.2411
-0.0200,0.4116,0.2409
-0.0150,0.4062,0.2416
-0.0100,0.4009,0.2436
-0.0100,0.3928,0.2473
-0.0050,0.3848,0.2521
0.0050,0.3794,0.2570
0.0150,0.3713,0.2619
0.0300,0.3633,0.2656
0.0550,0.3552,0.2685
0.0900,0.3472,0.2707
0.1350,0.3391,0.2724
0.1850,0.3311,0.2736
0.2050,0.3206,0.2749
0.1450,0.3152,0.2778
0.0550,0.3044,0.2829
-0.0050,0.2964,0.2922
-0.0450,0.2937,0.3047
-0.0600,0.2964,0.3201
-0.0650,0.3125,0.3376
-0.0600,0.3364,0.3567
-0.0600,0.3687,0.3770
-0.0600,0.4087,0.3980
-0.0050,0.4543,0.4195
-0.0350,0.4998,0.4405
-0.0600,0.5427,0.4613
-0.0650,0.5830,0.4838
-0.0600,0.6204,0.5075
-0.0550,0.6499,0.5312
-0.0500,0.6687,0.5546
-0.0500,0.6794,0.5781
-0.0450,0.6821,0.6018
-0.0350,0.6741,0.6264
-0.0400,0.6633,0.6514
-0.0500,0.6445,0.6751
-0.0450,0.6284,0.6970
-0.0450,0.6069,0.7171
0.0450,0.5857,0.7352
0.4250,0.5642,0.7508
0.0050,0.5427,0.7650
-0.1750,0.5266,0.7799
-0.0650,0.5186,0.7950
-0.0300,0.5051,0.8097
-0.0300,0.4946,0.8238
-0.0300,0.4812,0.8375
-0.0250,0.4705,0.8510
-0.0200,0.4624,0.8642
-0.0150,0.4543,0.8769
-0.0100,0.4463,0.8896
-0.0050,0.4409,0.9020
0.0000,0.4355,0.9135
0.0100,0.4302,0.9238
0.0300,0.4248,0.9321
0.0450,0.4194,0.9389
0.0750,0.4143,0.9445
0.1200,0.4089,0.9494
0.1750,0.4036,0.9536
0.2100,0.3982,0.9572
0.1750,0.3928,0.9607
0.0850,0.3875,0.9638
0.0000,0.3848,0.9675
-0.0400,0.3821,0.9719
-0.0550,0.3875,0.9761
-0.0600,0.3955,0.9797
-0.0550,0.4141,0.9839
-0.0550,0.4436,0.9888
-0.0500,0.4839,0.9929
-0.0200,0.5239,0.9966
0.0050,0.5723,0.9985
-0.0450,0.6257,0.9993
-0.0650,0.6765,0.9983
-0.0600,0.7249,0.9954
-0.0550,0.7651,0.9905
-0.0450,0.7971,0.9836
-0.0500,0.8213,0.9753
-0.0350,0.8347,0.9658
-0.0350,0.8428,0.9546
-0.0300,0.8428,0.9419
-0.0450,0.8347,0.9267
-0.0400,0.8293,0.9098
-0.0400,0.8132,0.8908
0.0050,0.7891,0.8700
0.3450,0.7625,0.8488
0.1050,0.7356,0.8273
-0.2150,0.7087,0.8058
-0.0900,0.6846,0.7843
-0.0300,0.6606,0.7640
-0.0300,0.6392,0.7444
-0.0200,0.6177,0.7256
-0.0200,0.6016,0.7071
-0.0250,0.5857,0.6882
-0.0200,0.5723,0.6689
-0.0150,0.5562,0.6514
-0.0150,0.5454,0.6350
-0.0100,0.5347,0.6189
0.0000,0.5239,0.6027
0.0100,0.5132,0.5866
0.0350,0.5078,0.5705
0.0650,0.5000,0.5544
0.1100,0.4973,0.5382
0.1650,0.4893,0.5224
0.2100,0.4812,0.5067
0.1850,0.4705,0.4911
0.0950,0.4597,0.4757
0.0050,0.4490,0.4620
-0.0450,0.4382,0.4505
-0.0700,0.4302,0.4415
-0.0750,0.4248,0.4337
-0.0750,0.4329,0.4249
-0.0750,0.4436,0.4144
-0.0750,0.4651,0.4039
-0.0700,0.4919,0.3934
0.0000,0.5266,0.3841
-0.0500,0.5696,0.3755
-0.0650,0.6096,0.3679
-0.0700,0.6499,0.3609
-0.0600,0.6873,0.3543
-0.0500,0.7168,0.3479
-0.0500,0.7383,0.3420
-0.0400,0.7490,0.3362
-0.0300,0.7517,0.3303
-0.0250,0.7437,0.3249
-0.0400,0.7302,0.3208
-0.0450,0.7141,0.3171
-0.0450,0.6846,0.3122
-0.0400,0.6580,0.3061
0.1300,0.6257,0.2990
0.3250,0.5935,0.2910
-0.1800,0.5642,0.2817
-0.1800,0.5374,0.2712
-0.0500,0.5159,0.2597
-0.0400,0.4973,0.2480
-0.0400,0.4839,0.2358
-0.0400,0.4705,0.2238
-0.0350,0.4543,0.2128
-0.0350,0.4436,0.2030
-0.0300,0.4329,0.1957
-0.0250,0.4167,0.1906
-0.0100,0.4062,0.1864
0.0050,0.3955,0.1825
0.0250,0.3848,0.1791
0.0400,0.3740,0.1759
0.0700,0.3633,0.1720
0.1050,0.3525,0.1676
0.1500,0.3472,0.1637
0.1950,0.3364,0.1605
0.2100,0.3311,0.1588
0.1400,0.3206,0.1581
0.0450,0.3098,0.1583
-0.0250,0.2991,0.1591
-0.0550,0.2910,0.1603
-0.0700,0.2856,0.1620
-0.0750,0.2883,0.1649
-0.0700,0.2991,0.1688
-0.0650,0.3179,0.1735
-0.0650,0.3472,0.1786
-0.0350,0.3821,0.1840
-0.0350,0.4221,0.1896
-0.0650,0.4678,0.1955
-0.0800,0.5024,0.2013
-0.0700,0.5400,0.2069
-0.0700,0.5696,0.2121
-0.0650,0.5962,0.2155
-0.0600,0.6055,0.2170
-0.0550,0.6133,0.2165
-0.0550,0.6106,0.2143
-0.0500,0.6030,0.2116
-0.0650,0.5876,0.2086
-0.0550,0.5669,0.2047
-0.0600,0.5464,0.1999
-0.0150,0.5205,0.1945
0.3250,0.4998,0.1889
0.0350,0.4792,0.1840
-0.2400,0.4585,0.1798
-0.1050,0.4431,0.1762
-0.0400,0.4277,0.1730
-0.0350,0.4148,0.1710
-0.0350,0.4043,0.1703
-0.0300,0.3940,0.1700
-0.0250,0.3838,0.1708
-0.0200,0.3787,0.1730
-0.0100,0.3682,0.1759
0.0000,0.3630,0.1788
0.0150,0.3555,0.1818
0.0200,0.3503,0.1854
0.0300,0.3452,0.1893
0.0500,0.3401,0.1930
0.0750,0.3347,0.1962
0.1200,0.3296,0.1989
0.1700,0.3218,0.2013
0.2150,0.3142,0.2045
0.1800,0.3064,0.2082
0.0900,0.2961,0.2113
0.0100,0.2856,0.2140
-0.0400,0.2805,0.2162
-0.0550,0.2805,0.2182
-0.0650,0.2856,0.2196
-0.0700,0.3013,0.2211
-0.0650,0.3218,0.2226
-0.0750,0.3555,0.2236
-0.0650,0.3940,0.2245
-0.0250,0.4380,0.2255
-0.0600,0.4871,0.2265
-0.0700,0.5283,0.2277
-0.0600,0.5720,0.2306
-0.0500,0.6106,0.2350
-0.0800,0.6392,0.2385
-0.1150,0.6597,0.2409
-0.0950,0.6675,0.2419
-0.0750,0.6675,0.2416
-0.0550,0.6624,0.2404
-0.0600,0.6519,0.2382
-0.0550,0.6365,0.2358
-0.0500,0.6184,0.2326
-0.0500,0.5979,0.2284
0.1850,0.5771,0.2233
0.2850,0.5566,0.2174
-0.2050,0.5308,0.2111
-0.1450,0.5103,0.2045
-0.0350,0.4946,0.1979
-0.0350,0.4792,0.1923
-0.0350,0.4663,0.1879
-0.0300,0.4507,0.1869
-0.0200,0.4404,0.1891
-0.0150,0.4302,0.1955
-0.0100,0.4199,0.2050
-0.0100,0.4094,0.2179
0.0000,0.4043,0.2333
0.0100,0.3967,0.2509
0.0150,0.3889,0.2695
0.0300,0.3838,0.2866
0.0600,0.3787,0.3015
0.0900,0.3708,0.3130
0.1350,0.3630,0.3218
0.1850,0.3579,0.3293
0.1850,0.3503,0.3364
0.1200,0.3425,0.3450
0.0350,0.3374,0.3552
-0.0200,0.3320,0.3675
-0.0550,0.3296,0.3811
-0.0650,0.3296,0.3960
-0.0650,0.3374,0.4119
-0.0650,0.3528,0.4285
-0.0650,0.3760,0.4459
-0.0600,0.4070,0.4645
0.0050,0.4482,0.4845
-0.0400,0.4895,0.5065
-0.0600,0.5334,0.5297
-0.0750,0.5771,0.5544
-0.0650,0.6184,0.5798
-0.0550,0.6572,0.6047
-0.0500,0.6804,0.6289
-0.0550,0.6985,0.6516
-0.0450,0.7063,0.6731
-0.0400,0.7063,0.6926
-0.0450,0.6985,0.7107
-0.0550,0.6880,0.7264
-0.0400,0.6753,0.7400
-0.0400,0.6597,0.7525
0.0800,0.6392,0.7640
0.4450,0.6211,0.7745
-0.0300,0.6030,0.7843
-0.1600,0.5850,0.7935
-0.0550,0.5693,0.8023
-0.0300,0.5566,0.8107
-0.0350,0.5437,0.8190
-0.0300,0.5386,0.8280
-0.0250,0.5308,0.8378
-0.0250,0.5256,0.8461
-0.0200,0.5205,0.8529
-0.0150,0.5154,0.8585
-0.0150,0.5103,0.8637
-0.0050,0.5051,0.8681
0.0100,0.5024,0.8715
0.0250,0.5000,0.8727
0.0450,0.4973,0.8715
0.0800,0.4919,0.8659
0.1200,0.4844,0.8561
0.1750,0.4766,0.8424
0.2150,0.4714,0.8253
0.1650,0.4612,0.8038
0.0700,0.4561,0.7791
-0.0050,0.4507,0.7537
-0.0450,0.4534,0.7283
-0.0600,0.4561,0.7036
-0.0650,0.4741,0.6795
-0.0650,0.4946,0.6538
-0.0650,0.5278,0.6269
-0.0650,0.5754,0.6003
-0.0250,0.6316,0.5739
-0.0200,0.6877,0.5475
-0.0600,0.7439,0.5214
-0.0800,0.8000,0.4955
-0.0700,0.8479,0.4698
-0.0650,0.8843,0.4452
-0.0500,0.9153,0.4212
-0.0550,0.9292,0.3973
-0.0450,0.9321,0.3728
-0.0450,0.9236,0.3472
-0.0450,0.9067,0.3208
-0.0500,0.8816,0.2939
-0.0500,0.8506,0.2668
-0.0450,0.8169,0.2392
0.0000,0.7832,0.2108
0.3400,0.7468,0.1825
0.0600,0.7102,0.1542
-0.2300,0.6821,0.1283
-0.0950,0.6414,0.1043
-0.0300,0.6077,0.0833
-0.0300,0.5784,0.0645
-0.0300,0.5515,0.0486
-0.0300,0.5334,0.0352
-0.0250,0.5193,0.0244
-0.0200,0.5068,0.0161
-0.0150,0.4985,0.0093
-0.0100,0.4858,0.0039
0.0050,0.4746,0.0005
0.0150,0.4634,-0.0005
0.0250,0.4578,-0.0005
0.0500,0.4465,-0.0005
0.0800,0.4353,-0.0005
0.1200,0.4241,-0.0005
0.1700,0.4128,-0.0005
0.2050,0.3989,-0.0005
0.1800,0.3848,0.0027
0.0900,0.3735,0.0093
0.0050,0.3652,0.0188
-0.0450,0.3596,0.0310
-0.0650,0.3652,0.0440
-0.0700,0.3792,0.0569
-0.0700,0.4045,0.0672
-0.0650,0.4353,0.0750
-0.0600,0.4775,0.0801
-0.0550,0.5166,0.0826
-0.0100,0.5615,0.0826
-0.0500,0.6008,0.0809
-0.0750,0.6372,0.0794
-0.0850,0.6626,0.0784
-0.0700,0.6821,0.0779
-0.0650,0.6934,0.0779
-0.0650,0.6934,0.0779
-0.0600,0.6851,0.0779
-0.0600,0.6682,0.0772
-0.0550,0.6458,0.0757
-0.0600,0.6233,0.0750
-0.0600,0.5923,0.0745
-0.0600,0.5642,0.0745
-0.0600,0.5320,0.0745
0.1250,0.5051,0.0738
0.3200,0.4893,0.0721
-0.1900,0.4678,0.0689
-0.1850,0.4490,0.0652
-0.0550,0.4355,0.0633
-0.0400,0.4221,0.0633
-0.0350,0.4116,0.0647
-0.0300,0.4009,0.0672
-0.0300,0.3901,0.0704
-0.0300,0.3794,0.0738
-0.0200,0.3687,0.0757
-0.0200,0.3579,0.0765
-0.0150,0.3472,0.0782
0.0000,0.3391,0.0806
0.0150,0.3311,0.0826
0.0300,0.3206,0.0843
0.0600,0.3125,0.0867
0.0950,0.3044,0.0897
0.1400,0.2937,0.0919
0.1950,0.2830,0.0936
0.2050,0.2749,0.0938
0.1400,0.2668,0.0933
0.0450,0.2642,0.0941
-0.0150,0.2642,0.0958
-0.0550,0.2668,0.0980
-0.0700,0.2856,0.1009
-0.0700,0.3098,0.1041
-0.0700,0.3499,0.1075
-0.0650,0.3928,0.1112
-0.0600,0.4436,0.1151
-0.0250,0.4893,0.1197
-0.0300,0.5320,0.1253
-0.0600,0.5723,0.1317
-0.0700,0.6016,0.1383
-0.0650,0.6230,0.1451
-0.0600,0.6365,0.1520
-0.0550,0.6392,0.1578
-0.0550,0.6338,0.1627
-0.0550,0.6204,0.1661
-0.0500,0.6016,0.1683
-0.0550,0.5776,0.1703
-0.0600,0.5535,0.1722
-0.0550,0.5266,0.1744
-0.0500,0.5051,0.1766
-0.0050,0.4839,0.1779
0.3450,0.4624,0.1781
0.0150,0.4463,0.1779
-0.2300,0.4302,0.1771
-0.0900,0.4167,0.1781
-0.0300,0.4062,0.1803
-0.0350,0.3955,0.1835
-0.0350,0.3848,0.1876
-0.0300,0.3794,0.1933
-0.0250,0.3713,0.2003
-0.0200,0.3660,0.2079
-0.0100,0.3606,0.2165
-0.0050,0.3552,0.2260
0.0000,0.3552,0.2363
0.0100,0.3472,0.2455
0.0250,0.3418,0.2534
0.0450,0.3364,0.2573
0.0800,0.3320,0.2578
0.1200,0.3245,0.2548
0.1700,0.3167,0.2492
0.2050,0.3064,0.2407
0.1800,0.2961,0.2301
0.0900,0.2908,0.2189
0.0000,0.2883,0.2077
-0.0400,0.2908,0.1972
-0.0650,0.3013,0.1879
-0.0750,0.3218,0.1803
-0.0750,0.3503,0.1740
-0.0700,0.3916,0.1700
-0.0700,0.4353,0.1676
-0.0600,0.4871,0.1676
-0.0200,0.5308,0.1696
-0.0700,0.5771,0.1735
-0.0800,0.6160,0.1793
-0.0750,0.6467,0.1874
-0.0700,0.6702,0.1969
-0.0700,0.6829,0.2055
-0.0700,0.6855,0.2133
-0.0700,0.6880,0.2194
-0.0700,0.6829,0.2243
-0.0600,0.6702,0.2280
-0.0700,0.6494,0.2316
-0.0750,0.6289,0.2372
-0.0700,0.6030,0.2448
-0.0700,0.5747,0.2541
0.1950,0.5488,0.2648
0.2700,0.5256,0.2775
-0.2150,0.5051,0.2917
-0.1450,0.4895,0.3083
-0.0550,0.4714,0.3269
-0.0450,0.4585,0.3477
-0.0450,0.4456,0.3709
-0.0400,0.4353,0.3973
-0.0350,0.4302,0.4266
-0.0300,0.4199,0.4581
-0.0250,0.4148,0.4913
-0.0250,0.4094,0.5270
-0.0150,0.4043,0.5639
-0.0050,0.3992,0.5991
0.0000,0.3940,0.6321
0.0150,0.3916,0.6619
0.0450,0.3865,0.6887
0.0750,0.3813,0.7124
0.1250,0.3760,0.7337
0.1800,0.3682,0.7540
0.1900,0.3630,0.7733
0.1200,0.3528,0.7911
0.0350,0.3452,0.8080
-0.0250,0.3452,0.8248
-0.0600,0.3452,0.8417
-0.0650,0.3555,0.8576
-0.0700,0.3787,0.8725
-0.0700,0.4097,0.8869
-0.0650,0.4482,0.9008
-0.0600,0.4922,0.9140
0.0150,0.5386,0.9272
-0.0400,0.5901,0.9399
-0.0650,0.6340,0.9521
-0.0850,0.6753,0.9621
-0.0700,0.7327,0.9704
-0.0550,0.7607,0.9770
-0.0500,0.7832,0.9829
-0.0450,0.7944,0.9900
-0.0400,0.7974,0.9978
-0.0350,0.7917,1.0000
-0.0450,0.7776,1.0000
-0.0450,0.7637,1.0000
-0.0400,0.7412,1.0000
-0.0450,0.7188,1.0000
0.1050,0.6963,1.0000
0.4450,0.6794,1.0000
-0.0750,0.6597,1.0000
-0.1600,0.6428,1.0000
-0.0550,0.6260,1.0000
-0.0350,0.6147,1.0000
-0.0350,0.6035,1.0000
-0.0300,0.5923,1.0000
-0.0300,0.5840,1.0000
-0.0250,0.5754,1.0000
-0.0250,0.5698,1.0000
-0.0200,0.5586,1.0000
-0.0150,0.5530,0.9912
-0.0050,0.5417,0.9783
0.0100,0.5334,0.9629
0.0200,0.5249,0.9448
0.0500,0.5193,0.9245
0.0800,0.5081,0.9037
0.1200,0.5027,0.8827
0.1750,0.4971,0.8612
0.2000,0.4858,0.8397
0.1550,0.4802,0.8182
0.0600,0.4690,0.7970
-0.0150,0.4663,0.7777
-0.0500,0.4663,0.7601
-0.0700,0.4746,0.7440
-0.0700,0.4944,0.7290
-0.0750,0.5193,0.7146
-0.0700,0.5615,0.7010
-0.0650,0.6064,0.6878
-0.0250,0.6570,0.6751
-0.0200,0.7075,0.6626
-0.0600,0.7524,0.6506
-0.0800,0.7944,0.6396
-0.0750,0.8281,0.6299
-0.0750,0.8535,0.6196
-0.0600,0.8647,0.6093
-0.0600,0.8647,0.5988
-0.0550,0.8535,0.5881
-0.0550,0.8337,0.5761
-0.0500,0.8057,0.5634
-0.0600,0.7720,0.5509
-0.0550,0.7356,0.5387
-0.0500,0.6963,0.5270
0.0000,0.6597,0.5155
0.3400,0.6204,0.5053
0.0300,0.5867,0.4962
-0.2350,0.5586,0.4877
-0.0950,0.5334,0.4798
-0.0350,0.5110,0.4713
-0.0350,0.4971,0.4627
-0.0250,0.4802,0.4557
-0.0200,0.4663,0.4500
-0.0200,0.4521,0.4444
-0.0150,0.4409,0.4388
-0.0100,0.4353,0.4342
0.0050,0.4241,0.4305
0.0100,0.4128,0.4266
0.0150,0.4072,0.4222
0.0300,0.3960,0.4175
0.0500,0.3848,0.4127
0.0800,0.3735,0.4078
0.1250,0.3623,0.4024
0.1750,0.3511,0.3960
0.2100,0.3342,0.3887
0.1800,0.3230,0.3819
0.0900,0.3062,0.3755
0.0100,0.2979,0.3704
-0.0400,0.2922,0.3662
-0.0600,0.2949,0.3631
-0.0650,0.3091,0.3606
-0.0700,0.3286,0.3587
-0.0650,0.3623,0.3570
-0.0600,0.3989,0.3555
-0.0600,0.4438,0.3543
-0.0050,0.4888,0.3533
-0.0500,0.5222,0.3523
-0.0700,0.5586,0.3513
-0.0750,0.5896,0.3508
-0.0650,0.6091,0.3504
-0.0600,0.6177,0.3499
-0.0600,0.6204,0.3494
-0.0550,0.6091,0.3486
-0.0550,0.5952,0.3469
-0.0550,0.5728,0.3442
-0.0600,0.5503,0.3411
-0.0600,0.5222,0.3372
-0.0600,0.4998,0.3330
-0.0600,0.4775,0.3286
0.1350,0.4551,0.3237
0.3100,0.4326,0.3188
-0.2000,0.4102,0.3140
-0.1800,0.3904,0.3091
-0.0550,0.3735,0.3052
-0.0400,0.3623,0.3020
-0.0300,0.3511,0.2995
-0.0300,0.3455,0.2976
-0.0250,0.3398,0.2961
-0.0250,0.3286,0.2949
-0.0150,0.3230,0.2949
-0.0100,0.3118,0.2959
0.0000,0.3035,0.2966
0.0050,0.2949,0.2968
0.0150,0.2893,0.2961
0.0350,0.2810,0.2942
0.0600,0.2754,0.2915
0.0950,0.2668,0.2883
0.1450,0.2585,0.2846
0.1950,0.2529,0.2807
0.2050,0.2473,0.2775
0.1350,0.2444,0.2751
0.0400,0.2417,0.2731
-0.0250,0.2500,0.2719
-0.0550,0.2612,0.2729
-0.0700,0.2964,0.2756
-0.0750,0.3284,0.2790
-0.0750,0.3713,0.2827
-0.0700,0.4221,0.2866
-0.0700,0.4705,0.2903
-0.0400,0.5159,0.2932
-0.0500,0.5588,0.2951
-0.0700,0.5935,0.2956
-0.0850,0.6177,0.2949
-0.0750,0.6311,0.2929
-0.0650,0.6392,0.2905
-0.0650,0.6392,0.2883
-0.0600,0.6311,0.2866
-0.0600,0.6123,0.2851
-0.0500,0.5935,0.2834
-0.0550,0.5696,0.2802
-0.0600,0.5400,0.2753
-0.0550,0.5132,0.2692
-0.0550,0.4893,0.2624
0.0150,0.4624,0.2563
0.3500,0.4463,0.2504
-0.0350,0.4329,0.2451
-0.2350,0.4221,0.2404
-0.0950,0.4143,0.2377
-0.0400,0.4062,0.2370
-0.0400,0.4009,0.2377
-0.0300,0.3955,0.2394
-0.0300,0.3875,0.2416
-0.0300,0.3821,0.2446
-0.0200,0.3767,0.2477
-0.0150,0.3740,0.2514
-0.0100,0.3713,0.2565
-0.0050,0.3660,0.2624
0.0100,0.3606,0.2670
0.0200,0.3525,0.2705
0.0400,0.3418,0.2719
0.0750,0.3257,0.2717
0.1100,0.3152,0.2683
0.1650,0.3125,0.2624
0.2000,0.3018,0.2558
0.1650,0.2937,0.2487
0.0750,0.2856,0.2433
0.0000,0.2856,0.2397
-0.0500,0.2883,0.2389
-0.0750,0.2991,0.2409
-0.0750,0.3179,0.2455
-0.0700,0.3418,0.2526
-0.0750,0.3821,0.2634
-0.0700,0.4248,0.2775
-0.0600,0.4705,0.2942
-0.0200,0.5105,0.3127
-0.0650,0.5535,0.3335
-0.0850,0.5881,0.3565
-0.0800,0.6204,0.3806
-0.0750,0.6445,0.4058
-0.0700,0.6633,0.4320
-0.0700,0.6714,0.4586
-0.0600,0.6714,0.4847
-0.0600,0.6687,0.5099
-0.0500,0.6553,0.5336
-0.0650,0.6392,0.5561
-0.0650,0.6177,0.5776
-0.0550,0.5962,0.5981
-0.0500,0.5750,0.6172
0.2550,0.5535,0.6347
0.2650,0.5320,0.6511
-0.2000,0.5105,0.6670
-0.1250,0.4946,0.6819
-0.0500,0.4785,0.6966
-0.0450,0.4651,0.7107
-0.0400,0.4543,0.7244
-0.0400,0.4436,0.7381
-0.0300,0.4329,0.7515
-0.0250,0.4221,0.7659
-0.0200,0.4116,0.7808
-0.0200,0.4009,0.7953
-0.0150,0.3955,0.8092
-0.0050,0.3928,0.8229
0.0050,0.3901,0.8358
0.0250,0.3875,0.8466
0.0500,0.3875,0.8554
0.0850,0.3821,0.8627
0.1350,0.3767,0.8688
0.1850,0.3687,0.8739
0.1850,0.3660,0.8788
0.1150,0.3606,0.8839
0.0200,0.3633,0.8896
-0.0400,0.3687,0.8954
-0.0650,0.3848,0.9020
-0.0700,0.4062,0.9096
-0.0750,0.4355,0.9182
-0.0700,0.4731,0.9265
-0.0650,0.5159,0.9345
-0.0650,0.5669,0.9423
0.0100,0.6204,0.9499
-0.0500,0.6687,0.9572
-0.0750,0.7087,0.9641
-0.0850,0.7437,0.9680
-0.0750,0.7678,0.9690
-0.0600,0.7864,0.9656
-0.0600,0.7944,0.9587
-0.0500,0.7944,0.9484
-0.0450,0.7944,0.9353
-0.0450,0.7864,0.9201
-0.0450,0.7729,0.9035
-0.0500,0.7571,0.8876
-0.0500,0.7356,0.8725
-0.0450,0.7141,0.8568
0.1550,0.6926,0.8409
0.3550,0.6741,0.8236
-0.1750,0.6553,0.8053
-0.1650,0.6392,0.7872
-0.0500,0.6230,0.7696
-0.0350,0.6096,0.7520
-0.0300,0.5935,0.7349
-0.0300,0.5830,0.7190
-0.0300,0.5723,0.7041
-0.0250,0.5615,0.6900
-0.0200,0.5508,0.6763
-0.0200,0.5454,0.6621
-0.0150,0.5374,0.6474
-0.0050,0.5293,0.6323
0.0050,0.5239,0.6167
0.0250,0.5132,0.5988
0.0500,0.5024,0.5793
0.0850,0.4973,0.5592
0.1300,0.4866,0.5390
0.1850,0.4758,0.5175
0.2000,0.4597,0.4952
0.1350,0.4490,0.4745
0.0400,0.4409,0.4547
-0.0350,0.4409,0.4361
-0.0700,0.4409,0.4183
-0.0750,0.4463,0.4022
-0.0750,0.4543,0.3875
-0.0800,0.4705,0.3750
-0.0750,0.4919,0.3643
-0.0750,0.5186,0.3560
-0.0400,0.5588,0.3494
-0.0350,0.6016,0.3433
-0.0700,0.6445,0.3376
-0.0850,0.6846,0.3330
-0.0650,0.7141,0.3291
-0.0550,0.7329,0.3252
-0.0400,0.7490,0.3208
-0.0450,0.7544,0.3164
-0.0350,0.7544,0.3118
-0.0400,0.7490,0.3069
-0.0350,0.7302,0.3020
-0.0450,0.7061,0.2959
-0.0400,0.6741,0.2890
-0.0350,0.6418,0.2827
0.0150,0.6096,0.2763
0.3600,0.5776,0.2692
0.0100,0.5508,0.2617
-0.2250,0.5186,0.2538
-0.0750,0.4946,0.2458
-0.0200,0.4731,0.2387
-0.0250,0.4517,0.2323
-0.0200,0.4382,0.2267
-0.0150,0.4221,0.2216
-0.0150,0.4116,0.2170
-0.0100,0.4009,0.2128
-0.0050,0.3955,0.2099
0.0050,0.3901,0.2082
0.0100,0.3848,0.2069
0.0200,0.3794,0.2065
0.0400,0.3687,0.2065
0.0550,0.3579,0.2065
0.0900,0.3472,0.2050
0.1400,0.3364,0.2021
0.1900,0.3311,0.1991
0.2250,0.3206,0.1962
0.1850,0.3098,0.1945
0.0950,0.2991,0.1935
0.0100,0.2883,0.1933
-0.0350,0.2803,0.1933
-0.0600,0.2803,0.1937
-0.0700,0.2883,0.1947
-0.0650,0.3071,0.1957
-0.0650,0.3337,0.1967
-0.0650,0.3713,0.1981
-0.0600,0.4087,0.1996
-0.0100,0.4517,0.2011
-0.0500,0.4919,0.2025
-0.0700,0.5239,0.2040
-0.0750,0.5535,0.2055
-0.0700,0.5750,0.2067
-0.0550,0.5857,0.2079
-0.0500,0.5884,0.2091
-0.0500,0.5830,0.2104
-0.0500,0.5723,0.2106
-0.0400,0.5535,0.2101
-0.0500,0.5374,0.2099
-0.0550,0.5132,0.2099
-0.0450,0.4946,0.2104
-0.0350,0.4731,0.2108
0.1800,0.4517,0.2106
0.3150,0.4302,0.2094
-0.1850,0.4116,0.2079
-0.1400,0.3955,0.2060
-0.0200,0.3821,0.2038
-0.0100,0.3740,0.2016
-0.0100,0.3633,0.2001
-0.0100,0.3579,0.1996
-0.0050,0.3525,0.2006
0.0000,0.3472,0.2028
0.0050,0.3418,0.2060
0.0100,0.3364,0.2096
0.0200,0.3311,0.2138
0.0300,0.3257,0.2179
0.0400,0.3179,0.2204
0.0600,0.3125,0.2214
0.0800,0.3044,0.2211
0.1150,0.2964,0.2201
0.1600,0.2883,0.2184
0.2050,0.2830,0.2165
0.2150,0.2749,0.2140
0.1500,0.2695,0.2116
0.0550,0.2695,0.2089
-0.0100,0.2695,0.2062
-0.0450,0.2776,0.2045
-0.0550,0.2964,0.2035
-0.0600,0.3257,0.2033
-0.0600,0.3606,0.2038
-0.0550,0.4036,0.2062
-0.0500,0.4517,0.2104
-0.0150,0.4971,0.2152
-0.0300,0.5427,0.2201
-0.0500,0.5830,0.2250
-0.0650,0.6177,0.2297
-0.0550,0.6445,0.2333
-0.0500,0.6580,0.2363
-0.0450,0.6687,0.2375
-0.0400,0.6660,0.2375
-0.0350,0.6580,0.2375
-0.0400,0.6445,0.2375
-0.0400,0.6230,0.2367
-0.0450,0.6016,0.2350
-0.0450,0.5750,0.2328
-0.0400,0.5508,0.2304
0.0400,0.5266,0.2275
0.3800,0.5051,0.2245
-0.0450,0.4893,0.2214
-0.2050,0.4705,0.2182
-0.0700,0.4543,0.2160
-0.0300,0.4436,0.2148
-0.0300,0.4329,0.2140
-0.0250,0.4221,0.2138
-0.0200,0.4143,0.2150
-0.0200,0.4062,0.2174
-0.0150,0.3982,0.2214
-0.0100,0.3901,0.2270
-0.0100,0.3848,0.2343
0.0050,0.3740,0.2436
0.0100,0.3687,0.2551
0.0200,0.3606,0.2683
0.0400,0.3525,0.2819
0.0700,0.3472,0.2956
0.1050,0.3364,0.3098
0.1600,0.3311,0.3242
0.1950,0.3206,0.3406
0.1600,0.3098,0.3589
0.0750,0.3018,0.3785
0.0000,0.2964,0.3992
-0.0450,0.3018,0.4217
-0.0600,0.3125,0.4456
-0.0600,0.3337,0.4708
-0.0600,0.3660,0.4967
-0.0600,0.4087,0.5231
-0.0550,0.4570,0.5500
-0.0350,0.5024,0.5761
-0.0100,0.5454,0.6013
-0.0450,0.5881,0.6247
-0.0400,0.6257,0.6470
-0.0200,0.6553,0.6682
-0.0100,0.6768,0.6885
-0.0400,0.6899,0.7071
-0.0650,0.6926,0.7244
-0.0700,0.6846,0.7408
-0.0650,0.6821,0.7562
-0.0650,0.6687,0.7708
-0.0600,0.6499,0.7848
-0.0550,0.6311,0.7975
-0.0650,0.6123,0.8089
0.1900,0.5908,0.8194
0.3650,0.5723,0.8292
-0.1750,0.5535,0.8385
-0.1350,0.5400,0.8473
-0.0550,0.5266,0.8556
-0.0500,0.5132,0.8639
-0.0450,0.5078,0.8717
-0.0450,0.5000,0.8796
-0.0400,0.4973,0.8871
-0.0350,0.4919,0.8949
-0.0350,0.4866,0.9035
-0.0200,0.4812,0.9125
-0.0150,0.4758,0.9204
-0.0100,0.4731,0.9267
0.0000,0.4678,0.9321
0.0150,0.4624,0.9365
0.0450,0.4570,0.9394
0.0800,0.4490,0.9411
0.1250,0.4436,0.9419
0.1850,0.4355,0.9416
0.1900,0.4275,0.9406
0.1150,0.4194,0.9389
0.0250,0.4167,0.9350
-0.0350,0.4167,0.9291
-0.0650,0.4275,0.9228
-0.0750,0.4438,0.9160
-0.0750,0.4690,0.9069
-0.0700,0.5083,0.8959
-0.0700,0.5530,0.8835
-0.0700,0.6035,0.8700
-0.0650,0.6597,0.8556
0.0000,0.7102,0.8405
-0.0500,0.7581,0.8251
-0.0750,0.8000,0.8092
-0.0800,0.8337,0.7918
-0.0700,0.8591,0.7735
-0.0600,0.8730,0.7545
-0.0600,0.8816,0.7347
-0.0550,0.8787,0.7146
-0.0600,0.8591,0.6941
-0.0450,0.8367,0.6736
-0.0500,0.8057,0.6526
-0.0500,0.7720,0.6316
-0.0450,0.7383,0.6108
-0.0400,0.7046,0.5910
0.1900,0.6765,0.5720
0.2900,0.6484,0.5527
-0.2100,0.6233,0.5331
-0.1550,0.6064,0.5143
-0.0500,0.5896,0.4965
-0.0400,0.5728,0.4801
-0.0350,0.5586,0.4652
-0.0300,0.5474,0.4513
-0.0300,0.5305,0.4383
-0.0250,0.5193,0.4271
-0.0200,0.5081,0.4168
-0.0200,0.5000,0.4065
-0.0050,0.4915,0.3963
0.0000,0.4802,0.3860
0.0100,0.4690,0.3758
0.0250,0.4578,0.3643
0.0550,0.4465,0.3521
0.0950,0.4353,0.3391
0.1400,0.4241,0.3259
0.1900,0.4128,0.3132
0.2000,0.4016,0.3012
0.1250,0.3904,0.2898
0.0400,0.3792,0.2788
-0.0300,0.3765,0.2692
-0.0650,0.3765,0.2609
-0.0750,0.3877,0.2536
-0.0750,0.4102,0.2470
-0.0750,0.4409,0.2411
-0.0750,0.4775,0.2360
-0.0700,0.5166,0.2321
-0.0400,0.5615,0.2294
-0.0400,0.6035,0.2275
-0.0700,0.6428,0.2262
-0.0850,0.6738,0.2255
-0.0750,0.6963,0.2250
-0.0700,0.7102,0.2238
-0.0750,0.7131,0.2221
-0.0650,0.7046,0.2199
-0.0600,0.6907,0.2172
-0.0550,0.6738,0.2135
-0.0550,0.6458,0.2089
-0.0650,0.6177,0.2035
-0.0650,0.5830,0.1977
-0.0600,0.5562,0.1915
-0.0100,0.5293,0.1849
0.3300,0.5051,0.1774
-0.0050,0.4839,0.1691
-0.2400,0.4651,0.1613
-0.1000,0.4463,0.1542
-0.0450,0.4329,0.1493
-0.0400,0.4194,0.1466
-0.0350,0.4062,0.1454
-0.0350,0.3955,0.1451
-0.0300,0.3901,0.1459
-0.0200,0.3794,0.1471
-0.0200,0.3687,0.1498
-0.0150,0.3633,0.1537
0.0000,0.3525,0.1573
0.0100,0.3445,0.1605
0.0200,0.3364,0.1627
0.0450,0.3257,0.1639
0.0800,0.3152,0.1644
0.1200,0.3098,0.1642
0.1700,0.2991,0.1637
0.2050,0.2856,0.1630
0.1650,0.2722,0.1627
0.0750,0.2668,0.1634
-0.0050,0.2588,0.1647
-0.0500,0.2588,0.1661
-0.0700,0.2668,0.1678
-0.0750,0.2803,0.1698
-0.0750,0.3098,0.1718
-0.0800,0.3445,0.1740
-0.0750,0.3875,0.1784
-0.0750,0.4355,0.1840
-0.0250,0.4812,0.1898
-0.0650,0.5159,0.1957
-0.0800,0.5508,0.2016
-0.0800,0.5750,0.2072
-0.0750,0.5935,0.2118
-0.0650,0.6016,0.2155
-0.0700,0.6016,0.2187
-0.0650,0.5962,0.2214
-0.0650,0.5962,0.2233
-0.0550,0.5884,0.2250
-0.0650,0.5723,0.2265
-0.0700,0.5535,0.2277
-0.0650,0.5293,0.2280
-0.0650,0.5051,0.2272
0.1750,0.4893,0.2255
0.2600,0.4678,0.2233
-0.2250,0.4463,0.2209
-0.1650,0.4275,0.2184
-0.0500,0.4089,0.2167
-0.0450,0.3955,0.2155
-0.0400,0.3848,0.2150
-0.0400,0.3740,0.2150
-0.0300,0.3633,0.2150
-0.0250,0.3579,0.2155
-0.0250,0.3472,0.2172
-0.0150,0.3418,0.2196
-0.0050,0.3364,0.2228
0.0050,0.3284,0.2262
0.0200,0.3206,0.2282
0.0400,0.3218,0.2284
0.0600,0.3167,0.2277
0.0950,0.3091,0.2265
0.1400,0.3013,0.2245
0.1900,0.2935,0.2221
0.1950,0.2883,0.2196
0.1200,0.2832,0.2170
0.0300,0.2832,0.2152
-0.0300,0.2781,0.2143
-0.0600,0.2832,0.2138
-0.0750,0.2908,0.2138
-0.0750,0.3040,0.2150
-0.0700,0.3269,0.2172
-0.0750,0.3606,0.2201
-0.0750,0.4019,0.2238
-0.0350,0.4458,0.2277
-0.0550,0.4895,0.2319
-0.0750,0.5308,0.2363
-0.0900,0.5720,0.2407
-0.0800,0.6055,0.2451
-0.0750,0.6289,0.2495
-0.0750,0.6467,0.2529
-0.0650,0.6545,0.2556
-0.0650,0.6545,0.2575
-0.0650,0.6467,0.2590
-0.0650,0.6313,0.2600
-0.0700,0.6133,0.2612
-0.0650,0.5928,0.2641
-0.0650,0.5720,0.2685
0.0350,0.5488,0.2741
0.3750,0.5256,0.2807
-0.0800,0.5051,0.2890
-0.2050,0.4895,0.2990
-0.0750,0.4741,0.3113
-0.0450,0.4585,0.3252
-0.0400,0.4456,0.3401
-0.0400,0.4353,0.3562
-0.0350,0.4250,0.3743
-0.0350,0.4148,0.3936
-0.0250,0.4070,0.4139
-0.0200,0.3992,0.4351
-0.0100,0.3940,0.4581
0.0000,0.3865,0.4823
0.0100,0.3813,0.5062
0.0250,0.3733,0.5299
0.0500,0.3682,0.5527
0.0700,0.3630,0.5744
0.1150,0.3579,0.5952
0.1650,0.3503,0.6152
0.2000,0.3425,0.6338
0.1600,0.3374,0.6511
0.0750,0.3296,0.6687
-0.0050,0.3245,0.6863
-0.0500,0.3245,0.7039
-0.0600,0.3296,0.7212
-0.0650,0.3425,0.7376
-0.0650,0.3657,0.7532
-0.0600,0.3967,0.7694
-0.0550,0.4329,0.7855
-0.0250,0.4792,0.8009
-0.0100,0.5205,0.8155
-0.0500,0.5669,0.8287
-0.0750,0.6177,0.8407
-0.0750,0.6626,0.8524
-0.0650,0.6963,0.8639
-0.0500,0.7214,0.8737
-0.0500,0.7383,0.8817
-0.0400,0.7468,0.8896
-0.0400,0.7468,0.8971
-0.0350,0.7383,0.9032
-0.0450,0.7271,0.9089
-0.0400,0.7102,0.9135
-0.0400,0.6907,0.9177
0.0000,0.6682,0.9211
0.3800,0.6458,0.9245
0.1950,0.6289,0.9287
-0.1700,0.6091,0.9333
-0.0750,0.5952,0.9362
-0.0250,0.5811,0.9379
-0.0250,0.5698,0.9387
-0.0300,0.5586,0.9384
-0.0300,0.5530,0.9365
-0.0200,0.5447,0.9331
-0.0200,0.5361,0.9277
-0.0150,0.5305,0.9206
-0.0150,0.5222,0.9123
-0.0050,0.5166,0.9025
0.0050,0.5110,0.8903
0.0200,0.5027,0.8756
0.0350,0.5000,0.8593
0.0650,0.4971,0.8414
0.1050,0.4888,0.8214
0.1550,0.4832,0.7999
0.2050,0.4746,0.7772
0.1900,0.4690,0.7537
0.1000,0.4607,0.7308
0.0150,0.4551,0.7080
-0.0350,0.4495,0.6868
-0.0650,0.4551,0.6665
-0.0700,0.4663,0.6472
-0.0700,0.4888,0.6289
-0.0650,0.5166,0.6110
-0.0650,0.5559,0.5937
-0.0600,0.6064,0.5778
0.0050,0.6541,0.5629
-0.0500,0.7019,0.5490
-0.0700,0.7468,0.5358
-0.0750,0.7832,0.5231
-0.0700,0.8142,0.5109
-0.0600,0.8367,0.4979
-0.0600,0.8506,0.4842
-0.0500,0.8535,0.4701
-0.0500,0.8479,0.4554
-0.0450,0.8311,0.4408
-0.0550,0.8030,0.4258
-0.0600,0.7720,0.4119
-0.0500,0.7383,0.3990
-0.0400,0.7046,0.3865
0.1750,0.6709,0.3743
0.2850,0.6401,0.3618
-0.2050,0.6091,0.3486
-0.1550,0.5840,0.3362
-0.0400,0.5615,0.3242
-0.0250,0.5391,0.3127
-0.0250,0.5193,0.3017
-0.0250,0.5027,0.2922
-0.0150,0.4944,0.2837
-0.0150,0.4802,0.2761
-0.0050,0.4690,0.2690
0.0000,0.4578,0.2636
0.0100,0.4465,0.2592
0.0150,0.4409,0.2541
0.0350,0.4297,0.2480
0.0500,0.4185,0.2411
0.0750,0.4102,0.2338
0.1150,0.4016,0.2265
0.1650,0.3877,0.2192
0.2100,0.3735,0.2116
0.2150,0.3623,0.2040
0.1400,0.3455,0.1979
0.0450,0.3342,0.1925
-0.0200,0.3259,0.1889
-0.0500,0.3230,0.1867
-0.0550,0.3286,0.1854
-0.0650,0.3398,0.1854
-0.0650,0.3623,0.1876
-0.0600,0.3960,0.1918
-0.0600,0.4297,0.1967
-0.0250,0.4719,0.2016
-0.0300,0.5083,0.2057
-0.0600,0.5417,0.2091
-0.0800,0.5728,0.2121
-0.0650,0.5952,0.2145
-0.0650,0.6147,0.2165
-0.0600,0.6204,0.2182
-0.0600,0.6204,0.2196
-0.0500,0.6091,0.2209
-0.0500,0.5952,0.2211
-0.0450,0.5728,0.2204
-0.0550,0.5503,0.2192
-0.0550,0.5222,0.2170
-0.0450,0.5027,0.2138
0.0100,0.4832,0.2094
0.3500,0.4634,0.2043
0.0050,0.4438,0.1984
-0.2200,0.4241,0.1925
-0.0850,0.4072,0.1864
-0.0300,0.3904,0.1820
-0.0300,0.3792,0.1793
-0.0250,0.3652,0.1781
-0.0300,0.3511,0.1776
-0.0200,0.3398,0.1779
-0.0200,0.3286,0.1786
-0.0150,0.3174,0.1796
-0.0050,0.3118,0.1810
0.0000,0.3035,0.1825
0.0100,0.2979,0.1840
0.0250,0.2979,0.1857
0.0500,0.2922,0.1874
0.0800,0.2866,0.1881
0.1250,0.2781,0.1879
0.1750,0.2725,0.1871
0.2100,0.2612,0.1862
0.1750,0.2529,0.1857
0.0850,0.2529,0.1859
0.0050,0.2529,0.1876
-0.0450,0.2668,0.1903
-0.0650,0.2776,0.1940
-0.0750,0.2964,0.1981
-0.0700,0.3257,0.2028
-0.0700,0.3579,0.2079
-0.0600,0.3982,0.2140
-0.0600,0.4409,0.2206
-0.0150,0.4893,0.2260
-0.0550,0.5266,0.2301
-0.0750,0.5669,0.2333
-0.0750,0.5962,0.2358
-0.0650,0.6177,0.2367
-0.0550,0.6311,0.2365
-0.0600,0.6338,0.2353
-0.0500,0.6284,0.2336
-0.0500,0.6177,0.2311
-0.0500,0.6123,0.2287
-0.0600,0.5962,0.2270
-0.0600,0.5750,0.2255
-0.0550,0.5535,0.2238
-0.0500,0.5293,0.2216
0.2050,0.5051,0.2192
0.2600,0.4893,0.2162
-0.2150,0.4678,0.2123
-0.1450,0.4463,0.2077
-0.0400,0.4329,0.2043
-0.0350,0.4167,0.2023
-0.0350,0.4062,0.2023
-0.0250,0.3955,0.2035
-0.0300,0.3848,0.2060
-0.0250,0.3767,0.2089
-0.0200,0.3687,0.2116
-0.0100,0.3633,0.2140
-0.0050,0.3579,0.2160
0.0050,0.3525,0.2177
0.0200,0.3472,0.2192
0.0350,0.3418,0.2204
0.0600,0.3337,0.2194
0.1000,0.3257,0.2170
0.1450,0.3206,0.2140
0.1950,0.3098,0.2113
0.2000,0.3044,0.2094
0.1250,0.2964,0.2082
0.0350,0.2883,0.2077
-0.0200,0.2856,0.2079
-0.0550,0.2937,0.2091
-0.0650,0.3044,0.2116
-0.0650,0.3230,0.2157
-0.0700,0.3525,0.2216
-0.0700,0.3928,0.2292
-0.0650,0.4355,0.2387
-0.0200,0.4839,0.2514
-0.0400,0.5212,0.2670
-0.0650,0.5669,0.2846
-0.0800,0.6042,0.3039
-0.0700,0.6365,0.3242
-0.0650,0.6580,0.3455
-0.0600,0.6741,0.3672
-0.0600,0.6768,0.3897
-0.0500,0.6768,0.4124
-0.0450,0.6687,0.4354
-0.0450,0.6499,0.4574
-0.0550,0.6338,0.4784
-0.0500,0.6123,0.4977
-0.0500,0.5908,0.5160
0.0750,0.5696,0.5341
0.4200,0.5481,0.5522
-0.0600,0.5266,0.5693
-0.1700,0.5105,0.5856
-0.0600,0.4973,0.6022
-0.0350,0.4866,0.6194
-0.0300,0.4758,0.6365
-0.0300,0.4651,0.6540
-0.0250,0.4543,0.6716
-0.0250,0.4436,0.6892
-0.0250,0.4382,0.7068
-0.0150,0.4302,0.7242
-0.0100,0.4248,0.7405
-0.0100,0.4167,0.7559
0.0050,0.4116,0.7696
0.0250,0.4089,0.7821
0.0400,0.4036,0.7931
0.0750,0.3982,0.8033
0.1150,0.3955,0.8119
0.1700,0.3901,0.8192
0.2000,0.3875,0.8265
0.1600,0.3821,0.8339
0.0650,0.3767,0.8412
-0.0050,0.3767,0.8485
-0.0450,0.3821,0.8571
-0.0550,0.3955,0.8664
-0.0650,0.4167,0.8752
-0.0600,0.4490,0.8835
-0.0600,0.4893,0.8915
-0.0500,0.5320,0.8993
-0.0100,0.5828,0.9059
-0.0100,0.6365,0.9118
-0.0500,0.6846,0.9177
-0.0700,0.7302,0.9238
-0.0650,0.7651,0.9289
-0.0550,0.7971,0.9333
-0.0450,0.8186,0.9350
-0.0500,0.8293,0.9345
-0.0400,0.8374,0.9323
-0.0400,0.8320,0.9287
-0.0400,0.8213,0.9233
-0.0450,0.8052,0.9160
-0.0450,0.7891,0.9062
-0.0400,0.7651,0.8947
0.0150,0.7410,0.8820
0.3800,0.7141,0.8681
0.0800,0.6926,0.8524
-0.2050,0.6687,0.8348
-0.0800,0.6499,0.8153
-0.0300,0.6311,0.7943
-0.0300,0.6177,0.7740
-0.0300,0.6042,0.7545
-0.0300,0.5935,0.7347
-0.0250,0.5830,0.7146
-0.0250,0.5696,0.6953
-0.0200,0.5562,0.6768
-0.0200,0.5454,0.6587
-0.0100,0.5293,0.6411
0.0050,0.5186,0.6237
0.0200,0.5105,0.6064
0.0400,0.5024,0.5873
0.0700,0.4973,0.5668
0.1100,0.4919,0.5463
0.1600,0.4812,0.5255
0.2000,0.4705,0.5060
0.1750,0.4651,0.4872
0.0850,0.4543,0.4693
0.0050,0.4490,0.4520
-0.0500,0.4463,0.4364
-0.0750,0.4543,0.4219
-0.0750,0.4678,0.4097
-0.0750,0.4919,0.3987
-0.0750,0.5212,0.3880
-0.0700,0.5642,0.3775
-0.0700,0.6069,0.3682
-0.0100,0.6499,0.3596
-0.0550,0.6926,0.3508
-0.0750,0.7275,0.3418
-0.0800,0.7571,0.3337
-0.0650,0.7756,0.3262
-0.0600,0.7891,0.3193
-0.0600,0.7917,0.3125
-0.0600,0.7810,0.3054
-0.0550,0.7729,0.2973
-0.0500,0.7544,0.2890
-0.0600,0.7275,0.2802
-0.0600,0.7007,0.2712
-0.0550,0.6687,0.2619
-0.0550,0.6338,0.2529
0.1800,0.6016,0.2438
0.2650,0.5723,0.2363
-0.2250,0.5427,0.2294
-0.1600,0.5186,0.2226
-0.0450,0.5000,0.2155
-0.0350,0.4839,0.2104
-0.0350,0.4678,0.2069
-0.0250,0.4543,0.2047
-0.0200,0.4436,0.2033
-0.0200,0.4329,0.2016
-0.0100,0.4221,0.1996
-0.0050,0.4116,0.1984
0.0000,0.4062,0.1979
0.0150,0.3955,0.1979
0.0250,0.3848,0.1984
0.0400,0.3794,0.1981
0.0750,0.3687,0.1969
0.1150,0.3579,0.1945
0.1600,0.3525,0.1911
0.2100,0.3418,0.1876
0.2050,0.3311,0.1842
0.1250,0.3206,0.1803
0.0300,0.3098,0.1759
-0.0300,0.2991,0.1730
-0.0600,0.2964,0.1713
-0.0750,0.2991,0.1705
-0.0750,0.3125,0.1708
-0.0750,0.3337,0.1727
-0.0700,0.3633,0.1759
-0.0700,0.4036,0.1796
-0.0300,0.4463,0.1840
-0.0400,0.4866,0.1879
-0.0700,0.5212,0.1913
-0.0800,0.5562,0.1942
-0.0750,0.5857,0.1967
-0.0750,0.6069,0.1991
-0.0650,0.6204,0.2011
-0.0600,0.6230,0.2030
-0.0550,0.6177,0.2050
-0.0500,0.6042,0.2065
-0.0500,0.5857,0.2079
-0.0650,0.5669,0.2094
-0.0550,0.5427,0.2106
-0.0550,0.5212,0.2108
0.0150,0.5024,0.2104
0.3550,0.4839,0.2091
-0.0300,0.4624,0.2074
-0.2250,0.4436,0.2055
-0.0850,0.4275,0.2030
-0.0400,0.4167,0.2006
-0.0350,0.4062,0.1981
-0.0300,0.3955,0.1964
-0.0250,0.3848,0.1959
-0.0200,0.3794,0.1969
-0.0150,0.3687,0.1989
-0.0150,0.3633,0.2008
-0.0050,0.3552,0.2028
0.0000,0.3472,0.2055
0.0100,0.3418,0.2086
0.0300,0.3337,0.2106
0.0500,0.3284,0.2113
0.0850,0.3232,0.2111
0.1250,0.3152,0.2101
0.1750,0.3071,0.2086
0.2100,0.2991,0.2067
0.1700,0.2883,0.2045
0.0800,0.2830,0.2023
0.0050,0.2749,0.2018
-0.0400,0.2776,0.2028
-0.0650,0.2856,0.2040
-0.0700,0.3018,0.2057
-0.0700,0.3311,0.2091
-0.0650,0.3660,0.2140
-0.0650,0.4060,0.2182
-0.0550,0.4543,0.2216
-0.0150,0.4998,0.2253
-0.0600,0.5454,0.2292
-0.0800,0.5854,0.2333
-0.0750,0.6204,0.2375
-0.0700,0.6445,0.2407
-0.0550,0.6633,0.2431
-0.0600,0.6660,0.2451
-0.0500,0.6633,0.2463
-0.0550,0.6526,0.2463
-0.0500,0.6392,0.2453
-0.0600,0.6177,0.2443
-0.0650,0.5962,0.2436
-0.0550,0.5750,0.2424
-0.0500,0.5481,0.2402
0.2250,0.5266,0.2377
0.2200,0.5051,0.2348
-0.2300,0.4893,0.2319
-0.1400,0.4705,0.2287
-0.0450,0.4597,0.2265
-0.0400,0.4409,0.2248
-0.0300,0.4326,0.2238
-0.0300,0.4241,0.2233
-0.0300,0.4128,0.2231
-0.0250,0.4045,0.2233
-0.0200,0.3960,0.2258
-0.0150,0.3877,0.2299
-0.0100,0.3792,0.2343
-0.0050,0.3735,0.2389
0.0100,0.3652,0.2446
0.0300,0.3567,0.2512
0.0550,0.3511,0.2582
0.0900,0.3398,0.2661
0.1350,0.3342,0.2744
0.1850,0.3230,0.2832
0.1800,0.3147,0.2942
0.1050,0.3062,0.3074
0.0250,0.3005,0.3230
-0.0300,0.2979,0.3408
-0.0600,0.3005,0.3611
-0.0700,0.3147,0.3836
-0.0700,0.3372,0.4075
-0.0700,0.3708,0.4327
-0.0600,0.4158,0.4586
-0.0550,0.4634,0.4850
0.0000,0.5110,0.5109
-0.0450,0.5615,0.5360
-0.0650,0.6064,0.5607
-0.0750,0.6484,0.5849
-0.0650,0.6821,0.6079
-0.0550,0.7046,0.6296
-0.0550,0.7158,0.6504
-0.0450,0.7158,0.6707
-0.0450,0.7046,0.6892
-0.0350,0.6934,0.7066
-0.0400,0.6738,0.7227
-0.0450,0.6514,0.7381
-0.0450,0.6289,0.7527
-0.0450,0.6091,0.7669
0.1100,0.5896,0.7806
0.4350,0.5698,0.7940
-0.0750,0.5530,0.8060
-0.1450,0.5361,0.8168
-0.0450,0.5249,0.8258
-0.0300,0.5137,0.8334
-0.0300,0.5027,0.8407
-0.0250,0.5000,0.8480
-0.0250,0.4944,0.8554
-0.0200,0.4888,0.8627
-0.0200,0.4832,0.8700
-0.0150,0.4775,0.8774
-0.0100,0.4719,0.8847
-0.0050,0.4663,0.8918
0.0050,0.4607,0.8979
0.0200,0.4578,0.9030
0.0400,0.4495,0.9064
0.0700,0.4438,0.9086
0.1100,0.4382,0.9106
0.1700,0.4326,0.9125
0.2000,0.4270,0.9135
0.1500,0.4214,0.9138
0.0550,0.4158,0.9133
-0.0150,0.4185,0.9120
-0.0500,0.4297,0.9094
-0.0650,0.4495,0.9054
-0.0700,0.4802,0.8998
-0.0700,0.5166,0.8925
-0.0700,0.5642,0.8839
-0.0650,0.6204,0.8747
-0.0200,0.6765,0.8646
-0.0250,0.7271,0.8541
-0.0650,0.7749,0.8422
-0.0850,0.8198,0.8287
-0.0700,0.8562,0.8148
-0.0600,0.8816,0.7999
-0.0600,0.8955,0.7835
-0.0600,0.9041,0.7657
-0.0500,0.9011,0.7462
-0.0550,0.8899,0.7249
-0.0450,0.8760,0.7034
-0.0550,0.8479,0.6819
-0.0500,0.8169,0.6604
-0.0500,0.7832,0.6389
0.0250,0.7495,0.6179
0.3750,0.7158,0.5969
-0.0250,0.6821,0.5759
-0.2150,0.6541,0.5551
-0.0750,0.6289,0.5365
-0.0300,0.6091,0.5197
-0.0350,0.5896,0.5031
-0.0300,0.5754,0.4867
-0.0250,0.5642,0.4718
-0.0200,0.5474,0.4579
-0.0150,0.5361,0.4447
-0.0150,0.5249,0.4320
-0.0100,0.5137,0.4200
0.0000,0.5027,0.4083
0.0100,0.5000,0.3970
0.0250,0.4915,0.3858
0.0450,0.4802,0.3748
0.0750,0.4746,0.3638
0.1200,0.4634,0.3518
0.1750,0.4521,0.3394
0.2100,0.4409,0.3264
0.1650,0.4297,0.3130
0.0750,0.4185,0.3012
-0.0050,0.4072,0.2912
-0.0500,0.4016,0.2822
-0.0700,0.4016,0.2741
-0.0750,0.4128,0.2670
-0.0800,0.4326,0.2604
-0.0750,0.4634,0.2546
-0.0700,0.4971,0.2490
-0.0650,0.5391,0.2448
-0.0100,0.5867,0.2416
-0.0600,0.6316,0.2394
-0.0800,0.6709,0.2380
-0.0800,0.7046,0.2370
-0.0750,0.7300,0.2363
-0.0600,0.7439,0.2350
-0.0650,0.7468,0.2328
-0.0550,0.7439,0.2292
-0.0550,0.7300,0.2248
-0.0450,0.7075,0.2204
-0.0600,0.6741,0.2160
-0.0600,0.6472,0.2108
-0.0550,0.6177,0.2055
-0.0500,0.5908,0.2006
0.1800,0.5615,0.1962
0.2650,0.5374,0.1923
-0.2200,0.5159,0.1886
-0.1550,0.4973,0.1852
-0.0450,0.4785,0.1823
-0.0400,0.4651,0.1793
-0.0350,0.4490,0.1766
-0.0300,0.4382,0.1752
-0.0250,0.4275,0.1749
-0.0250,0.4167,0.1762
-0.0250,0.4062,0.1788
-0.0200,0.4009,0.1823
-0.0100,0.3901,0.1862
0.0050,0.3821,0.1886
0.0200,0.3740,0.1898
0.0400,0.3633,0.1901
0.0700,0.3579,0.1896
0.1050,0.3472,0.1886
0.1550,0.3364,0.1871
0.2000,0.3257,0.1845
0.2000,0.3152,0.1810
0.1250,0.3044,0.1788
0.0300,0.2937,0.1776
-0.0300,0.2883,0.1774
-0.0600,0.2883,0.1779
-0.0700,0.2991,0.1796
-0.0700,0.3179,0.1828
-0.0750,0.3418,0.1864
-0.0700,0.3821,0.1908
-0.0600,0.4248,0.1957
-0.0200,0.4678,0.2006
-0.0400,0.5105,0.2057
-0.0650,0.5508,0.2108
-0.0800,0.5857,0.2150
-0.0750,0.6123,0.2184
-0.0650,0.6311,0.2223
-0.0600,0.6418,0.2265
-0.0600,0.6418,0.2297
-0.0600,0.6365,0.2323
-0.0550,0.6204,0.2343
-0.0500,0.6016,0.2360
-0.0600,0.5803,0.2363
-0.0550,0.5723,0.2355
-0.0500,0.5508,0.2338
0.0250,0.5266,0.2316
0.3650,0.5051,0.2280
-0.0500,0.4893,0.2236
-0.2200,0.4705,0.2192
-0.0800,0.4543,0.2150
-0.0350,0.4382,0.2123
-0.0350,0.4275,0.2106
-0.0350,0.4167,0.2094
-0.0300,0.4062,0.2089
-0.0250,0.4009,0.2089
-0.0200,0.3901,0.2096
-0.0100,0.3848,0.2121
-0.0100,0.3813,0.2162
0.0000,0.3760,0.2199
0.0050,0.3682,0.2228
0.0250,0.3630,0.2253
0.0450,0.3555,0.2270
0.0800,0.3477,0.2265
0.1200,0.3425,0.2243
0.1650,0.3320,0.2214
0.2000,0.3218,0.2187
0.1600,0.3167,0.2165
0.0700,0.3064,0.2150
-0.0050,0.2988,0.2133
-0.0450,0.2935,0.2113
-0.0600,0.2988,0.2101
-0.0650,0.3091,0.2096
-0.0650,0.3269,0.2094
-0.0650,0.3606,0.2096
-0.0650,0.4019,0.2113
-0.0500,0.4482,0.2140
-0.0150,0.4922,0.2172
-0.0550,0.5359,0.2209
-0.0800,0.5771,0.2260
-0.0750,0.6160,0.2319
-0.0650,0.6443,0.2367
-0.0600,0.6650,0.2404
-0.0650,0.6753,0.2443
-0.0550,0.6753,0.2482
-0.0550,0.6726,0.2514
-0.0400,0.6572,0.2538
-0.0600,0.6392,0.2568
-0.0600,0.6184,0.2600
-0.0550,0.5952,0.2626
-0.0450,0.5720,0.2646
0.2500,0.5464,0.2670
0.2100,0.5256,0.2702
-0.2250,0.5051,0.2749
-0.1250,0.4946,0.2807
-0.0400,0.4766,0.2885
-0.0450,0.4663,0.2981
-0.0350,0.4561,0.3098
-0.0350,0.4456,0.3232
-0.0300,0.4353,0.3381
-0.0250,0.4277,0.3543
-0.0200,0.4199,0.3731
-0.0150,0.4148,0.3943
-0.0050,0.4070,0.4163
0.0050,0.4019,0.4386
0.0100,0.3940,0.4601
0.0350,0.3889,0.4808
0.0550,0.3813,0.4999
0.0900,0.3733,0.5180
0.1400,0.3682,0.5360
0.1850,0.3579,0.5544
0.1850,0.3528,0.5737
0.1150,0.3425,0.5937
0.0250,0.3374,0.6132
-0.0300,0.3347,0.6325
-0.0550,0.3401,0.6516
-0.0600,0.3528,0.6704
-0.0600,0.3735,0.6890
-0.0600,0.4070,0.7073
-0.0550,0.4458,0.7254
-0.0550,0.4888,0.7432
0.0250,0.5417,0.7601
-0.0450,0.5923,0.7757
-0.0600,0.6458,0.7896
-0.0750,0.6907,0.8021
-0.0600,0.7271,0.8133
-0.0500,0.7524,0.8238
-0.0500,0.7749,0.8334
-0.0450,0.7832,0.8424
-0.0400,0.7861,0.8512
-0.0350,0.7776,0.8595
-0.0400,0.7637,0.8676
-0.0450,0.7468,0.8752
-0.0400,0.7244,0.8817
-0.0400,0.7075,0.8876
0.1500,0.6851,0.8935
0.4450,0.6682,0.8996
-0.1000,0.6514,0.9047
-0.1350,0.6372,0.9094
-0.0450,0.6204,0.9133
-0.0300,0.6091,0.9169
-0.0300,0.5979,0.9191
-0.0300,0.5923,0.9201
-0.0250,0.5840,0.9204
-0.0200,0.5754,0.9199
-0.0200,0.5698,0.9189
-0.0150,0.5615,0.9172
-0.0150,0.5530,0.9133
-0.0050,0.5474,0.9069
0.0000,0.5361,0.8984
0.0150,0.5278,0.8876
0.0450,0.5193,0.8742
0.0750,0.5110,0.8585
0.1200,0.5027,0.8417
0.1700,0.5000,0.8234
0.1900,0.4944,0.8033
0.1300,0.4915,0.7818
0.0350,0.4888,0.7601
-0.0300,0.4888,0.7386
-0.0650,0.4971,0.7183
-0.0800,0.5054,0.6985
-0.0750,0.5278,0.6785
-0.0750,0.5642,0.6582
-0.0750,0.6064,0.6389
-0.0700,0.6541,0.6201
-0.0200,0.7075,0.6020
-0.0350,0.7607,0.5847
-0.0650,0.8086,0.5688
-0.0800,0.8535,0.5539
-0.0750,0.8872,0.5399
-0.0650,0.9067,0.5268
-0.0550,0.9153,0.5140
-0.0550,0.9124,0.5018
-0.0500,0.8984,0.4889
-0.0450,0.8760,0.4752
-0.0450,0.8450,0.4613
-0.0500,0.8142,0.4469
-0.0500,0.7832,0.4322
-0.0400,0.7495,0.4175
0.0300,0.7158,0.4024
0.3700,0.6821,0.3872
-0.0250,0.6541,0.3721
-0.2150,0.6233,0.3570
-0.0700,0.5952,0.3420
-0.0200,0.5671,0.3271
-0.0200,0.5447,0.3132
-0.0200,0.5222,0.3005
-0.0200,0.5054,0.2895
-0.0150,0.4944,0.2800
-0.0050,0.4802,0.2714
0.0000,0.4690,0.2641
0.0050,0.4578,0.2582
0.0150,0.4521,0.2538
0.0250,0.4409,0.2497
0.0400,0.4353,0.2453
0.0600,0.4241,0.2402
0.0900,0.4128,0.2341
0.1300,0.4016,0.2275
0.1900,0.3904,0.2206
0.2250,0.3765,0.2135
0.1800,0.3623,0.2065
0.0900,0.3511,0.2013
0.0050,0.3398,0.1977
-0.0400,0.3372,0.1945
-0.0500,0.3398,0.1915
-0.0600,0.3540,0.1898
-0.0550,0.3821,0.1891
-0.0550,0.4158,0.1898
-0.0500,0.4607,0.1918
-0.0450,0.5027,0.1937
0.0050,0.5447,0.1959
-0.0400,0.5896,0.1989
-0.0550,0.6260,0.2023
-0.0550,0.6570,0.2055
-0.0450,0.6765,0.2082
-0.0400,0.6851,0.2094
-0.0400,0.6821,0.2096
-0.0350,0.6738,0.2099
-0.0350,0.6682,0.2101
-0.0250,0.6514,0.2086
-0.0350,0.6233,0.2060
-0.0450,0.5952,0.2040
-0.0400,0.5642,0.2028
-0.0350,0.5361,0.2013
0.2000,0.5083,0.1994
0.2900,0.4888,0.1962
-0.1950,0.4663,0.1923
-0.1350,0.4465,0.1886
-0.0250,0.4297,0.1854
-0.0200,0.4128,0.1832
-0.0150,0.4016,0.1820
-0.0150,0.3904,0.1808
-0.0150,0.3792,0.1796
-0.0050,0.3679,0.1801
0.0000,0.3567,0.1820
0.0050,0.3455,0.1852
0.0150,0.3398,0.1886
0.0250,0.3286,0.1920
0.0300,0.3203,0.1947
0.0450,0.3118,0.1952
0.0750,0.3035,0.1940
0.1100,0.2949,0.1920
0.1600,0.2866,0.1901
0.2050,0.2781,0.1879
0.2100,0.2856,0.1857
0.1300,0.2754,0.1835
0.0400,0.2678,0.1813
-0.0150,0.2600,0.1801
-0.0500,0.2573,0.1798
-0.0600,0.2651,0.1801
-0.0650,0.2856,0.1808
-0.0600,0.3167,0.1830
-0.0600,0.3606,0.1864
-0.0550,0.4097,0.1913
-0.0150,0.4612,0.1979
-0.0400,0.5103,0.2050
-0.0600,0.5566,0.2126
-0.0650,0.5901,0.2189
-0.0600,0.6184,0.2238
-0.0500,0.6365,0.2267
-0.0500,0.6443,0.2280
-0.0450,0.6443,0.2289
-0.0450,0.6365,0.2297
-0.0400,0.6262,0.2294
-0.0450,0.6106,0.2282
-0.0500,0.5928,0.2265
-0.0450,0.5669,0.2240
-0.0450,0.5464,0.2216
0.0400,0.5205,0.2187
0.3750,0.5024,0.2157
-0.0600,0.4844,0.2128
-0.2000,0.4639,0.2099
-0.0600,0.4482,0.2069
-0.0250,0.4329,0.2050
-0.0300,0.4199,0.2038
-0.0250,0.4043,0.2033
-0.0200,0.3940,0.2033
-0.0200,0.3838,0.2038
-0.0150,0.3760,0.2047
-0.0150,0.3682,0.2077
-0.0100,0.3630,0.2123
0.0000,0.3579,0.2172
0.0100,0.3528,0.2218
0.0250,0.3477,0.2248
0.0450,0.3425,0.2260
0.0800,0.3347,0.2260
0.1200,0.3269,0.2250
0.1700,0.3167,0.2223
0.2050,0.3064,0.2184
0.1600,0.2961,0.2157
0.0700,0.2856,0.2140
0.0000,0.2805,0.2128
-0.0400,0.2805,0.2126
-0.0600,0.2908,0.2145
-0.0650,0.3091,0.2187
-0.0700,0.3374,0.2231
-0.0700,0.3760,0.2277
-0.0700,0.4199,0.2333
-0.0450,0.4714,0.2399
-0.0300,0.5154,0.2482
-0.0700,0.5618,0.2585
-0.0850,0.6030,0.2707
-0.0800,0.6365,0.2849
-0.0750,0.6597,0.3022
-0.0700,0.6753,0.3220
-0.0700,0.6804,0.3420
-0.0600,0.6726,0.3618
-0.0600,0.6572,0.3814
-0.0500,0.6365,0.4009
-0.0650,0.6106,0.4205
-0.0600,0.5850,0.4395
-0.0600,0.5618,0.4586
-0.0400,0.5359,0.4774
0.2900,0.5154,0.4952
0.2050,0.5000,0.5121
-0.2100,0.4868,0.5292
-0.1100,0.4741,0.5465
-0.0450,0.4612,0.5629
-0.0450,0.4561,0.5790
-0.0400,0.4456,0.5954
-0.0400,0.4404,0.6123
-0.0300,0.4329,0.6306
-0.0300,0.4250,0.6496
-0.0300,0.4199,0.6687
-0.0150,0.4094,0.6875
-0.0150,0.3992,0.7061
-0.0050,0.3940,0.7244
0.0100,0.3838,0.7413
0.0300,0.3733,0.7569
0.0500,0.3682,0.7699
0.0900,0.3579,0.7804
0.1350,0.3528,0.7901
0.1900,0.3452,0.7994
0.1800,0.3401,0.8082
0.1050,0.3347,0.8165
0.0150,0.3347,0.8248
-0.0400,0.3374,0.8329
-0.0650,0.3503,0.8407
-0.0750,0.3735,0.8485
-0.0800,0.4043,0.8563
-0.0700,0.4458,0.8637
-0.0700,0.4895,0.8710
-0.0650,0.5386,0.8783
0.0100,0.5901,0.8857
-0.0550,0.6416,0.8930
-0.0750,0.6855,0.9003
-0.0850,0.7241,0.9076
-0.0700,0.7527,0.9150
-0.0550,0.7732,0.9221
-0.0550,0.7837,0.9282
-0.0500,0.7837,0.9331
-0.0450,0.7759,0.9365
-0.0350,0.7629,0.9379
-0.0450,0.7476,0.9362
-0.0500,0.7268,0.9321
-0.0400,0.7063,0.9262
-0.0450,0.6804,0.9184
0.1800,0.6597,0.9086
0.3750,0.6443,0.8969
-0.1600,0.6262,0.8839
-0.1400,0.6106,0.8700
-0.0450,0.5979,0.8554
-0.0300,0.5876,0.8402
-0.0300,0.5798,0.8246
-0.0300,0.5720,0.8085
-0.0250,0.5642,0.7911
-0.0200,0.5566,0.7730
-0.0100,0.5488,0.7549
-0.0100,0.5386,0.7374
-0.0100,0.5308,0.7200
-0.0050,0.5266,0.7027
0.0100,0.5186,0.6846
0.0250,0.5078,0.6658
0.0500,0.4973,0.6462
0.0850,0.4866,0.6262
0.1350,0.4758,0.6062
0.1950,0.4651,0.5856
0.2050,0.4543,0.5651
0.1400,0.4436,0.5448
0.0450,0.4329,0.5255
-0.0200,0.4275,0.5072
-0.0500,0.4248,0.4906
-0.0600,0.4329,0.4752
-0.0650,0.4517,0.4608
-0.0650,0.4758,0.4476
-0.0600,0.5051,0.4361
-0.0550,0.5427,0.4258
-0.0150,0.5881,0.4156
-0.0300,0.6338,0.4056
-0.0600,0.6714,0.3965
-0.0750,0.7061,0.3882
-0.0700,0.7302,0.3794
-0.0650,0.7490,0.3704
-0.0600,0.7571,0.3611
-0.0650,0.7571,0.3513
-0.0550,0.7463,0.3416
-0.0550,0.7302,0.3318
-0.0500,0.7061,0.3220
-0.0600,0.6792,0.3122
-0.0550,0.6472,0.3025
-0.0550,0.6150,0.2925
0.0200,0.5830,0.2827
0.3600,0.5535,0.2729
-0.0450,0.5266,0.2631
-0.2250,0.5051,0.2536
-0.0750,0.4893,0.2443
-0.0350,0.4731,0.2353
-0.0350,0.4597,0.2277
-0.0300,0.4436,0.2211
-0.0250,0.4329,0.2162
-0.0250,0.4221,0.2130
-0.0250,0.4116,0.2108
-0.0200,0.4009,0.2094
-0.0100,0.3901,0.2077
0.0000,0.3794,0.2057
0.0100,0.3687,0.2045
0.0200,0.3579,0.2040
0.0450,0.3472,0.2028
0.0800,0.3311,0.2011
0.1250,0.3206,0.1981
0.1750,0.3098,0.1942
0.2100,0.2991,0.1906
0.1600,0.2883,0.1874
0.0700,0.2776,0.1852
-0.0050,0.2668,0.1840
-0.0500,0.2642,0.1837
-0.0700,0.2668,0.1840
-0.0700,0.2776,0.1847
-0.0750,0.2964,0.1857
-0.0700,0.3257,0.1871
-0.0700,0.3606,0.1886
-0.0600,0.3982,0.1913
-0.0150,0.4382,0.1947
-0.0600,0.4758,0.1977
-0.0750,0.5051,0.2001
-0.0700,0.5320,0.2023
-0.0750,0.5508,0.2043
-0.0650,0.5588,0.2062
-0.0650,0.5588,0.2079
-0.0550,0.5508,0.2094
-0.0550,0.5347,0.2108
-0.0500,0.5159,0.2123
-0.0650,0.4973,0.2135
-0.0600,0.4758,0.2138
-0.0600,0.4517,0.2130
-0.0500,0.4302,0.2118
0.1900,0.4089,0.2101
0.2600,0.3875,0.2082
-0.2200,0.3687,0.2057
-0.1500,0.3525,0.2033
-0.0450,0.3391,0.2008
-0.0350,0.3284,0.1991
-0.0300,0.3206,0.1984
-0.0250,0.3098,0.1981
-0.0200,0.3044,0.1984
-0.0150,0.2964,0.2001
-0.0150,0.2883,0.2028
-0.0100,0.2830,0.2062
0.0050,0.2803,0.2101
0.0100,0.2803,0.2133
0.0200,0.2776,0.2160
0.0350,0.2749,0.2172
0.0700,0.2749,0.2172
0.1050,0.2749,0.2165
0.1550,0.2695,0.2150
0.2000,0.2695,0.2130
0.2050,0.2642,0.2111
0.1300,0.2642,0.2096
0.0350,0.2642,0.2089
-0.0250,0.2668,0.2086
-0.0500,0.2776,0.2086
-0.0600,0.2964,0.2091
-0.0700,0.3203,0.2096
-0.0650,0.3552,0.2106
-0.0600,0.3955,0.2116
-0.0600,0.4409,0.2135
-0.0200,0.4839,0.2165
-0.0400,0.5212,0.2199
-0.0600,0.5615,0.2238
-0.0650,0.5908,0.2280
-0.0600,0.6096,0.2321
-0.0600,0.6204,0.2355
-0.0550,0.6230,0.2382
-0.0500,0.6230,0.2402
-0.0450,0.6150,0.2416
-0.0450,0.6016,0.2419
-0.0450,0.5857,0.2411
-0.0500,0.5642,0.2404
-0.0450,0.5374,0.2399
-0.0500,0.5132,0.2387
0.0600,0.4946,0.2367
0.3750,0.4705,0.2343
-0.0850,0.4465,0.2316
-0.2000,0.4270,0.2294
-0.0650,0.4102,0.2282
-0.0300,0.3960,0.2275
-0.0300,0.3848,0.2270
-0.0250,0.3735,0.2270
-0.0300,0.3623,0.2270
-0.0250,0.3567,0.2272
-0.0200,0.3455,0.2277
-0.0150,0.3398,0.2292
-0.0050,0.3286,0.2316
0.0050,0.3230,0.2345
0.0150,0.3147,0.2380
0.0250,0.3062,0.2416
0.0500,0.3005,0.2455
0.0700,0.2922,0.2497
0.1150,0.2866,0.2541
0.1700,0.2810,0.2597
0.2000,0.2754,0.2663
0.1550,0.2725,0.2746
0.0700,0.2698,0.2844
-0.0050,0.2698,0.2966
-0.0400,0.2725,0.3105
-0.0600,0.2810,0.3267
-0.0650,0.2979,0.3447
-0.0650,0.3286,0.3643
-0.0650,0.3652,0.3853
-0.0600,0.4102,0.4090
-0.0250,0.4551,0.4346
-0.0200,0.5027,0.4601
-0.0600,0.5447,0.4852
-0.0750,0.5867,0.5099
-0.0700,0.6204,0.5343
-0.0650,0.6458,0.5583
-0.0500,0.6597,0.5820
-0.0500,0.6653,0.6035
-0.0450,0.6626,0.6230
-0.0400,0.6541,0.6421
-0.0350,0.6372,0.6609
-0.0500,0.6177,0.6782
-0.0450,0.5952,0.6946
-0.0400,0.5728,0.7100
-0.0150,0.5474,0.7247
0.3500,0.5278,0.7378
0.2050,0.5054,0.7498
-0.1800,0.4944,0.7620
-0.0850,0.4802,0.7740
-0.0250,0.4634,0.7850
-0.0300,0.4578,0.7955
-0.0300,0.4465,0.8063
-0.0300,0.4409,0.8172
-0.0300,0.4326,0.8278
-0.0250,0.4270,0.8373
-0.0250,0.4214,0.8463
-0.0150,0.4185,0.8551
-0.0100,0.4128,0.8634
0.0000,0.4072,0.8715
0.0150,0.4016,0.8781
0.0300,0.3989,0.8837
0.0550,0.3933,0.8876
0.0950,0.3877,0.8898
0.1450,0.3848,0.8910
0.1950,0.3792,0.8915
0.1850,0.3735,0.8923
0.0950,0.3708,0.8932
0.0100,0.3652,0.8947
-0.0350,0.3708,0.8962
-0.0600,0.3792,0.8979
-0.0650,0.3989,0.8996
-0.0650,0.4297,0.8991
-0.0650,0.4663,0.8971
-0.0550,0.5083,0.8927
-0.0500,0.5559,0.8866
0.0100,0.6064,0.8800
-0.0450,0.6570,0.8732
-0.0700,0.6990,0.8651
-0.0700,0.7327,0.8561
-0.0600,0.7637,0.8466
-0.0500,0.7832,0.8358
-0.0500,0.7944,0.8229
-0.0400,0.7974,0.8077
-0.0450,0.7888,0.7911
-0.0350,0.7776,0.7730
-0.0400,0.7637,0.7530
-0.0400,0.7439,0.7320
-0.0350,0.7244,0.7117
-0.0300,0.7019,0.6922
0.2150,0.6794,0.6724
0.2850,0.6570,0.6521
-0.2000,0.6372,0.6316
-0.1300,0.6204,0.6113
-0.0350,0.6035,0.5917
-0.0300,0.5923,0.5729
-0.0250,0.5811,0.5548
-0.0250,0.5728,0.5373
-0.0200,0.5642,0.5202
-0.0150,0.5530,0.5035
-0.0050,0.5474,0.4882
-0.0050,0.5361,0.4737
0.0050,0.5278,0.4593
0.0150,0.5193,0.4447
0.0250,0.5081,0.4307
0.0400,0.5027,0.4175
0.0700,0.4971,0.4029
0.1050,0.4858,0.3870
0.1550,0.4746,0.3714
0.2050,0.4634,0.3557
0.2100,0.4521,0.3401
0.1350,0.4409,0.3249
0.0400,0.4297,0.3120
-0.0150,0.4241,0.3008
-0.0500,0.4241,0.2912
-0.0600,0.4297,0.2829
-0.0650,0.4495,0.2763
-0.0650,0.4746,0.2712
-0.0650,0.5054,0.2663
-0.0600,0.5391,0.2614
-0.0150,0.5784,0.2578
-0.0300,0.6147,0.2548
-0.0600,0.6484,0.2514
-0.0750,0.6738,0.2480
-0.0700,0.6934,0.2453
-0.0600,0.7019,0.2433
-0.0550,0.7019,0.2409
-0.0550,0.6934,0.2380
-0.0500,0.6794,0.2350
-0.0450,0.6570,0.2316
-0.0500,0.6345,0.2270
-0.0600,0.6035,0.2218
-0.0550,0.5754,0.2170
-0.0550,0.5474,0.2126
0.0200,0.5222,0.2074
0.3600,0.4971,0.2016
-0.0450,0.4775,0.1955
-0.2200,0.4607,0.1893
-0.0750,0.4409,0.1840
-0.0350,0.4270,0.1793
-0.0350,0.4128,0.1764
-0.0300,0.4016,0.1749
-0.0250,0.3904,0.1754
-0.0250,0.3877,0.1771
-0.0200,0.3792,0.1791
-0.0150,0.3708,0.1813
-0.0050,0.3623,0.1845
0.0100,0.3540,0.1881
0.0200,0.3455,0.1903
0.0300,0.3372,0.1915
0.0600,0.3286,0.1918
0.0900,0.3230,0.1911
0.1300,0.3118,0.1889
0.1850,0.3062,0.1857
0.2150,0.2949,0.1828
0.1700,0.2837,0.1798
0.0800,0.2725,0.1769
-0.0050,0.2668,0.1744
-0.0450,0.2612,0.1732
-0.0650,0.2612,0.1727
-0.0750,0.2725,0.1730
-0.0750,0.2922,0.1737
-0.0800,0.3230,0.1759
-0.0700,0.3596,0.1791
-0.0700,0.4045,0.1832
-0.0200,0.4495,0.1879
-0.0600,0.4915,0.1928
-0.0750,0.5249,0.1981
-0.0750,0.5530,0.2035
-0.0700,0.5754,0.2086
-0.0650,0.5867,0.2128
-0.0600,0.5896,0.2162
-0.0550,0.5867,0.2182
-0.0550,0.5728,0.2189
-0.0500,0.5559,0.2194
-0.0600,0.5334,0.2199
-0.0650,0.5110,0.2196
-0.0550,0.4944,0.2184
-0.0550,0.4719,0.2167
0.2150,0.4495,0.2148
0.2350,0.4270,0.2123
-0.2200,0.4102,0.2096
-0.1350,0.3960,0.2060
-0.0450,0.3792,0.2016
-0.0350,0.3708,0.1984
-0.0350,0.3623,0.1962
-0.0350,0.3540,0.1950
-0.0250,0.3484,0.1947
-0.0250,0.3398,0.1959
-0.0200,0.3418,0.1984
-0.0150,0.3364,0.2016
-0.0050,0.3311,0.2055
0.0100,0.3284,0.2086
0.0250,0.3232,0.2113
0.0400,0.3179,0.2126
0.0700,0.3125,0.2128
0.1050,0.3071,0.2121
0.1550,0.3071,0.2106
0.2050,0.3018,0.2089
0.1950,0.2991,0.2069
0.1200,0.2964,0.2057
0.0350,0.2964,0.2050
-0.0200,0.2964,0.2047
-0.0450,0.3044,0.2050
-0.0550,0.3179,0.2067
-0.0600,0.3418,0.2091
-0.0500,0.3740,0.2113
-0.0550,0.3928,0.2133
-0.0500,0.4248,0.2160
-0.0050,0.4678,0.2196
-0.0400,0.5105,0.2245
-0.0600,0.5481,0.2304
-0.0700,0.5881,0.2363
-0.0600,0.6150,0.2416
-0.0550,0.6365,0.2458
-0.0500,0.6526,0.2490
-0.0450,0.6553,0.2514
-0.0450,0.6526,0.2534
-0.0450,0.6418,0.2548
-0.0500,0.6284,0.2556
-0.0550,0.6096,0.2553
-0.0550,0.5881,0.2538
-0.0550,0.5642,0.2516
0.0700,0.5427,0.2490
0.3750,0.5212,0.2468
-0.1050,0.5024,0.2455
-0.1850,0.4866,0.2465
-0.0600,0.4705,0.2495
-0.0350,0.4570,0.2541
-0.0350,0.4436,0.2602
-0.0350,0.4382,0.2692
-0.0300,0.4275,0.2807
-0.0300,0.4194,0.2939
-0.0200,0.4116,0.3088
-0.0200,0.4062,0.3259
-0.0050,0.3982,0.3442
0.0000,0.3901,0.3631
0.0100,0.3848,0.3821
0.0250,0.3794,0.4009
0.0400,0.3740,0.4200
0.0750,0.3660,0.4388
0.1200,0.3606,0.4579
0.1700,0.3552,0.4776
0.2050,0.3472,0.4982
0.1550,0.3418,0.5184
0.0600,0.3364,0.5385
-0.0100,0.3311,0.5592
-0.0450,0.3284,0.5805
-0.0550,0.3337,0.6022
-0.0600,0.3445,0.6240
-0.0550,0.3687,0.6450
-0.0500,0.3838,0.6655
-0.0450,0.4285,0.6863
-0.0050,0.4761,0.7075
-0.0100,0.5176,0.7269
-0.0500,0.5652,0.7447
-0.0650,0.6128,0.7611
-0.0600,0.6516,0.7767
-0.0500,0.6814,0.7916
-0.0400,0.7051,0.8060
-0.0450,0.7170,0.8197
-0.0350,0.7202,0.8331
-0.0350,0.7170,0.8451
-0.0300,0.7112,0.8561
-0.0450,0.6963,0.8661
-0.0400,0.6785,0.8754
-0.0400,0.6604,0.8832
0.0100,0.6396,0.8898
0.4100,0.6218,0.8952
0.1500,0.6040,0.8998
-0.1650,0.5920,0.9040
-0.0700,0.5801,0.9076
-0.0350,0.5684,0.9111
-0.0350,0.5564,0.9140
-0.0300,0.5505,0.9169
-0.0250,0.5444,0.9196
-0.0200,0.5386,0.9221
-0.0150,0.5325,0.9245
-0.0150,0.5266,0.9269
-0.0050,0.5208,0.9289
0.0000,0.5146,0.9289
0.0100,0.5088,0.9269
0.0200,0.5029,0.9226
0.0400,0.5000,0.9162
0.0700,0.4968,0.9074
0.1100,0.4910,0.8964
0.1650,0.4849,0.8830
0.2100,0.4790,0.8673
0.1800,0.4731,0.8493
0.0900,0.4702,0.8290
0.0100,0.4641,0.8085
-0.0400,0.4670,0.7874
-0.0650,0.4731,0.7664
-0.0750,0.4939,0.7454
-0.0700,0.5146,0.7239
-0.0700,0.5503,0.7027
-0.0650,0.5950,0.6824
-0.0650,0.6426,0.6631
0.0000,0.6963,0.6445
-0.0550,0.7439,0.6267
-0.0750,0.7886,0.6103
-0.0800,0.8242,0.5949
-0.0700,0.8540,0.5798
-0.0650,0.8748,0.5641
-0.0600,0.8867,0.5485
-0.0550,0.8867,0.5329
-0.0600,0.8777,0.5172
-0.0500,0.8660,0.5013
-0.0600,0.8450,0.4845
-0.0600,0.8181,0.4669
-0.0550,0.7886,0.4498
-0.0450,0.7527,0.4329
0.2200,0.7229,0.4163
0.2450,0.6873,0.4002
-0.2250,0.6575,0.3841
-0.1400,0.6306,0.3684
-0.0450,0.6069,0.3540
-0.0350,0.5830,0.3408
-0.0250,0.5652,0.3293
-0.0250,0.5474,0.3193
-0.0250,0.5325,0.3103
-0.0200,0.5176,0.3022
-0.0200,0.5029,0.2949
-0.0100,0.4968,0.2883
-0.0050,0.4880,0.2832
0.0100,0.4790,0.2788
0.0200,0.4670,0.2736
0.0350,0.4612,0.2673
0.0650,0.4524,0.2602
0.1050,0.4434,0.2526
0.1500,0.4373,0.2448
0.2050,0.4255,0.2370
0.2000,0.4194,0.2301
0.1150,0.4077,0.2240
0.0250,0.3958,0.2177
-0.0350,0.3838,0.2111
-0.0500,0.3779,0.2052
-0.0700,0.3779,0.2003
-0.0750,0.3838,0.1969
-0.0700,0.4045,0.1947
-0.0700,0.4314,0.1923
-0.0700,0.4670,0.1901
-0.0250,0.5059,0.1901
-0.0400,0.5474,0.1913
-0.0700,0.5862,0.1928
-0.0850,0.6248,0.1945
-0.0750,0.6545,0.1972
-0.0700,0.6785,0.2006
-0.0700,0.6904,0.2035
-0.0650,0.6934,0.2057
-0.0550,0.6873,0.2069
-0.0550,0.6724,0.2072
-0.0550,0.6545,0.2065
-0.0650,0.6306,0.2052
-0.0600,0.6040,0.2035
-0.0600,0.5771,0.2013
0.0250,0.5503,0.1981
0.3600,0.5237,0.1937
-0.0700,0.5029,0.1898
-0.2150,0.4819,0.1864
-0.0800,0.4612,0.1832
-0.0450,0.4463,0.1806
-0.0400,0.4314,0.1788
-0.0350,0.4194,0.1781
-0.0300,0.4106,0.1779
-0.0300,0.4016,0.1784
-0.0250,0.3928,0.1793
-0.0150,0.3838,0.1806
-0.0050,0.3750,0.1820
0.0000,0.3660,0.1835
0.0050,0.3599,0.1852
0.0250,0.3540,0.1867
0.0400,0.3452,0.1862
0.0800,0.3362,0.1845
0.1250,0.3303,0.1825
0.1750,0.3315,0.1803
0.2050,0.3230,0.1781
0.1600,0.3118,0.1759
0.0650,0.3035,0.1747
-0.0150,0.2949,0.1744
-0.0600,0.2922,0.1749
-0.0750,0.2922,0.1759
-0.0750,0.3005,0.1771
-0.0750,0.3203,0.1786
-0.0750,0.3455,0.1813
-0.0700,0.3792,0.1849
-0.0600,0.4214,0.1891
-0.0250,0.4607,0.1937
-0.0700,0.5027,0.1986
-0.0850,0.5417,0.2038
-0.0850,0.5754,0.2079
-0.0800,0.6064,0.2113
-0.0650,0.6233,0.2152
-0.0750,0.6316,0.2194
-0.0700,0.6345,0.2228
-0.0650,0.6260,0.2255
-0.0600,0.6121,0.2267
-0.0700,0.5952,0.2265
-0.0650,0.5728,0.2258
-0.0600,0.5503,0.2240
-0.0500,0.5278,0.2221
0.2400,0.5054,0.2196
0.1850,0.4888,0.2170
-0.2350,0.4690,0.2143
-0.1300,0.4521,0.2126
-0.0400,0.4353,0.2113
-0.0400,0.4241,0.2108
-0.0350,0.4128,0.2108
-0.0300,0.4016,0.2111
-0.0250,0.3960,0.2116
-0.0250,0.3877,0.2121
-0.0200,0.3792,0.2130
-0.0150,0.3735,0.2148
-0.0050,0.3679,0.2172
0.0050,0.3596,0.2187
0.0200,0.3540,0.2189
0.0350,0.3484,0.2182
0.0600,0.3428,0.2167
0.1000,0.3342,0.2148
0.1500,0.3286,0.2123
0.1950,0.3203,0.2099
0.1850,0.3118,0.2074
0.1050,0.3035,0.2057
0.0250,0.2979,0.2047
-0.0300,0.2922,0.2045
-0.0600,0.2949,0.2047
-0.0700,0.3091,0.2062
-0.0650,0.3315,0.2086
-0.0650,0.3623,0.2108
-0.0650,0.4016,0.2130
-0.0600,0.4495,0.2170
-0.0150,0.4941,0.2221
-0.0450,0.5391,0.2282
-0.0600,0.5840,0.2355
-0.0650,0.6204,0.2443
-0.0600,0.6514,0.2546
-0.0600,0.6738,0.2658
-0.0550,0.6851,0.2780
-0.0500,0.6907,0.2917
-0.0450,0.6851,0.3066
-0.0400,0.6738,0.3215
-0.0400,0.6682,0.3364
-0.0500,0.6514,0.3523
-0.0450,0.6289,0.3689
-0.0500,0.6064,0.3860
0.1000,0.5784,0.4036
0.4050,0.5559,0.4215
-0.0950,0.5334,0.4395
-0.1600,0.5166,0.4576
-0.0500,0.5000,0.4762
-0.0350,0.4915,0.4960
-0.0300,0.4802,0.5165
-0.0300,0.4690,0.5377
-0.0250,0.4607,0.5592
-0.0200,0.4551,0.5800
-0.0200,0.4465,0.6005
-0.0150,0.4409,0.6213
-0.0100,0.4326,0.6426
0.0000,0.4270,0.6631
0.0100,0.4214,0.6829
0.0250,0.4158,0.7012
0.0450,0.4072,0.7181
0.0800,0.4016,0.7327
0.1250,0.3960,0.7459
0.1750,0.3904,0.7579
0.2000,0.3821,0.7689
0.1450,0.3765,0.7789
0.0600,0.3679,0.7887
-0.0050,0.3652,0.7987
-0.0450,0.3652,0.8094
-0.0600,0.3679,0.8207
-0.0650,0.3848,0.8319
-0.0600,0.4102,0.8424
-0.0600,0.4465,0.8522
-0.0600,0.4888,0.8612
-0.0050,0.5361,0.8700
-0.0300,0.5867,0.8783
-0.0600,0.6401,0.8864
-0.0750,0.6907,0.8942
-0.0650,0.7356,0.9020
-0.0600,0.7720,0.9096
-0.0550,0.7974,0.9169
-0.0500,0.8169,0.9230
-0.0400,0.8254,0.9282
-0.0400,0.8254,0.9328
-0.0350,0.8169,0.9365
-0.0500,0.8057,0.9389
-0.0400,0.7888,0.9399
-0.0400,0.7693,0.9379
0.0300,0.7468,0.9335
0.4100,0.7244,0.9272
0.0500,0.7019,0.9194
-0.1750,0.6794,0.9091
-0.0650,0.6570,0.8976
-0.0300,0.6401,0.8859
-0.0300,0.6260,0.8734
-0.0300,0.6121,0.8593
-0.0300,0.5979,0.8434
-0.0250,0.5867,0.8270
-0.0250,0.5754,0.8104
-0.0200,0.5698,0.7926
-0.0100,0.5586,0.7738
-0.0050,0.5474,0.7545
0.0050,0.5391,0.7344
0.0250,0.5305,0.7132
0.0450,0.5249,0.6904
0.0750,0.5137,0.6672
0.1200,0.5027,0.6433
0.1700,0.5000,0.6198
0.2050,0.4915,0.5971
0.1700,0.4802,0.5759
0.0800,0.4690,0.5561
0.0000,0.4607,0.5370
-0.0450,0.4551,0.5192
-0.0650,0.4578,0.5050
-0.0750,0.4690,0.4943
-0.0750,0.4888,0.4879
-0.0700,0.5137,0.4847
-0.0650,0.5530,0.4823
-0.0650,0.5979,0.4796
-0.0050,0.6458,0.4732
-0.0600,0.6963,0.4635
-0.0750,0.7383,0.4500
-0.0800,0.7776,0.4339
-0.0700,0.8030,0.4166
-0.0600,0.8254,0.3990
-0.0650,0.8337,0.3816
-0.0600,0.8281,0.3650
-0.0550,0.8169,0.3499
-0.0450,0.7944,0.3359
-0.0600,0.7664,0.3230
-0.0600,0.7327,0.3105
-0.0550,0.6990,0.2988
-0.0450,0.6653,0.2873
0.2200,0.6316,0.2763
0.2250,0.6008,0.2658
-0.2300,0.5728,0.2565
-0.1350,0.5447,0.2485
-0.0450,0.5249,0.2414
-0.0350,0.5054,0.2353
-0.0300,0.4944,0.2297
-0.0300,0.4802,0.2245
-0.0250,0.4690,0.2201
-0.0250,0.4578,0.2160
-0.0150,0.4465,0.2128
-0.0150,0.4409,0.2108
-0.0050,0.4297,0.2096
0.0100,0.4185,0.2089
0.0250,0.4128,0.2067
0.0450,0.4016,0.2030
0.0750,0.3904,0.1986
0.1100,0.3792,0.1937
0.1600,0.3679,0.1893
0.2100,0.3567,0.1852
0.1900,0.3455,0.1818
0.1050,0.3342,0.1786
0.0150,0.3230,0.1766
-0.0400,0.3174,0.1759
-0.0650,0.3147,0.1757
-0.0750,0.3174,0.1762
-0.0750,0.3315,0.1771
-0.0800,0.3540,0.1786
-0.0750,0.3848,0.1810
-0.0700,0.4214,0.1847
-0.0250,0.4663,0.1889
-0.0550,0.5027,0.1933
-0.0750,0.5417,0.1972
-0.0800,0.5754,0.2003
-0.0800,0.6064,0.2033
-0.0700,0.6260,0.2057
-0.0650,0.6345,0.2077
-0.0550,0.6345,0.2094
-0.0600,0.6260,0.2101
-0.0550,0.6147,0.2099
-0.0600,0.5952,0.2089
-0.0700,0.5728,0.2074
-0.0700,0.5447,0.2055
-0.0700,0.5222,0.2033
0.0250,0.4971,0.2008
0.3550,0.4775,0.1984
-0.0800,0.4578,0.1959
-0.2200,0.4382,0.1935
-0.0850,0.4241,0.1918
-0.0500,0.4102,0.1908
-0.0450,0.3989,0.1898
-0.0450,0.3904,0.1886
-0.0400,0.3792,0.1891
-0.0350,0.3735,0.1908
-0.0300,0.3652,0.1928
-0.0250,0.3567,0.1947
-0.0150,0.3511,0.1974
-0.0050,0.3484,0.2008
0.0000,0.3428,0.2038
0.0200,0.3372,0.2065
0.0450,0.3315,0.2077
0.0800,0.3230,0.2079
0.1200,0.3174,0.2072
0.1750,0.3091,0.2060
0.2050,0.3005,0.2043
0.1500,0.2922,0.2025
0.0600,0.2837,0.2025
-0.0200,0.2754,0.2038
-0.0550,0.2698,0.2062
-0.0800,0.2754,0.2091
-0.0850,0.2866,0.2118
-0.0850,0.3091,0.2143
-0.0800,0.3398,0.2162
-0.0750,0.3765,0.2182
-0.0650,0.4214,0.2209
-0.0300,0.4719,0.2240
-0.0750,0.5166,0.2277
-0.0900,0.5615,0.2316
-0.0850,0.5979,0.2358
-0.0800,0.6289,0.2399
-0.0750,0.6484,0.2431
-0.0700,0.6597,0.2455
-0.0600,0.6626,0.2475
-0.0650,0.6541,0.2490
-0.0550,0.6428,0.2499
-0.0700,0.6260,0.2507
-0.0650,0.6064,0.2502
-0.0600,0.5840,0.2485
-0.0500,0.5559,0.2453
0.2550,0.5320,0.2409
0.1700,0.5105,0.2365
-0.2350,0.4946,0.2321
-0.1300,0.4731,0.2280
-0.0500,0.4570,0.2240
-0.0450,0.4436,0.2214
-0.0400,0.4275,0.2196
-0.0400,0.4167,0.2184
-0.0350,0.4116,0.2177
-0.0250,0.4009,0.2184
-0.0250,0.3955,0.2204
-0.0150,0.3901,0.2231
-0.0050,0.3848,0.2265
0.0050,0.3794,0.2292
0.0150,0.3740,0.2314
0.0350,0.3687,0.2331
0.0600,0.3633,0.2345
0.1000,0.3579,0.2355
0.1450,0.3499,0.2365
0.1900,0.3418,0.2382
0.1800,0.3337,0.2411
0.1000,0.3257,0.2465
0.0200,0.3152,0.2543
-0.0350,0.3125,0.2648
-0.0600,0.3098,0.2775
-0.0700,0.3152,0.2929
-0.0700,0.3284,0.3103
-0.0700,0.3525,0.3293
-0.0700,0.3875,0.3499
-0.0700,0.4248,0.3731
-0.0100,0.4705,0.3987
-0.0550,0.5105,0.4241
-0.0700,0.5588,0.4493
-0.0800,0.5989,0.4750
-0.0750,0.6311,0.5013
-0.0600,0.6606,0.5270
-0.0600,0.6768,0.5522
-0.0500,0.6873,0.5759
-0.0500,0.6873,0.5978
-0.0400,0.6794,0.6179
-0.0500,0.6660,0.6367
-0.0550,0.6472,0.6550
-0.0500,0.6284,0.6733
-0.0500,0.6069,0.6902
0.1350,0.5857,0.7061
0.4200,0.5642,0.7203
-0.1100,0.5427,0.7330
-0.1500,0.5266,0.7444
-0.0550,0.5132,0.7549
-0.0400,0.5024,0.7647
-0.0400,0.4973,0.7742
-0.0350,0.4866,0.7830
-0.0350,0.4785,0.7918
-0.0350,0.4731,0.8014
-0.0250,0.4651,0.8116
-0.0200,0.4624,0.8212
-0.0150,0.4570,0.8302
-0.0050,0.4517,0.8390
0.0050,0.4490,0.8471
0.0200,0.4436,0.8541
0.0400,0.4409,0.8600
0.0750,0.4355,0.8639
0.1150,0.4270,0.8664
0.1700,0.4214,0.8688
0.1950,0.4185,0.8712
0.1350,0.4128,0.8737
0.0400,0.4102,0.8761
-0.0250,0.4045,0.8796
-0.0550,0.4102,0.8837
-0.0700,0.4214,0.8888
-0.0750,0.4438,0.8940
-0.0700,0.4746,0.8976
-0.0650,0.5110,0.8996
-0.0650,0.5615,0.8996
-0.0050,0.6147,0.8979
-0.0350,0.6709,0.8947
-0.0700,0.7214,0.8903
-0.0800,0.7693,0.8844
-0.0700,0.8113,0.8766
-0.0650,0.8423,0.8668
-0.0600,0.8647,0.8551
-0.0550,0.8787,0.8412
-0.0500,0.8816,0.8253
-0.0450,0.8787,0.8082
-0.0450,0.8647,0.7901
-0.0550,0.8423,0.7720
-0.0500,0.8169,0.7542
-0.0450,0.7861,0.7347
0.0400,0.7551,0.7134
0.3850,0.7271,0.6919
-0.0650,0.6990,0.6704
-0.2050,0.6738,0.6492
-0.0750,0.6458,0.6281
-0.0400,0.6289,0.6091
-0.0350,0.6064,0.5917
-0.0300,0.5923,0.5751
-0.0300,0.5754,0.5585
-0.0250,0.5642,0.5421
-0.0250,0.5530,0.5260
-0.0200,0.5417,0.5111
-0.0150,0.5305,0.4972
-0.0050,0.5193,0.4840
0.0050,0.5110,0.4710
0.0200,0.5027,0.4566
0.0400,0.4971,0.4408
0.0750,0.4915,0.4251
0.1200,0.4802,0.4095
0.1700,0.4719,0.3951
0.2000,0.4634,0.3814
0.1600,0.4521,0.3675
0.0650,0.4409,0.3535
-0.0150,0.4326,0.3416
-0.0550,0.4270,0.3311
-0.0700,0.4297,0.3220
-0.0750,0.4409,0.3137
-0.0750,0.4634,0.3052
-0.0750,0.4944,0.2964
-0.0700,0.5278,0.2883
-0.0600,0.5728,0.2810
-0.0100,0.6177,0.2741
-0.0600,0.6626,0.2678
-0.0800,0.6990,0.2607
-0.0750,0.7300,0.2534
-0.0650,0.7524,0.2468
-0.0600,0.7664,0.2407
-0.0600,0.7693,0.2353
-0.0500,0.7664,0.2301
-0.0500,0.7524,0.2255
-0.0400,0.7271,0.2211
-0.0500,0.6990,0.2160
-0.0550,0.6653,0.2101
-0.0500,0.6316,0.2050
-0.0400,0.5979,0.2003
0.2350,0.5671,0.1952
0.2200,0.5391,0.1896
-0.2250,0.5110,0.1837
-0.1250,0.4944,0.1779
-0.0350,0.4775,0.1727
-0.0250,0.4634,0.1683
-0.0250,0.4465,0.1647
-0.0250,0.4353,0.1615
-0.0200,0.4241,0.1598
-0.0150,0.4158,0.1591
-0.0100,0.4072,0.1593
-0.0050,0.3989,0.1603
0.0050,0.3904,0.1615
0.0200,0.3877,0.1630
0.0250,0.3792,0.1637
0.0400,0.3735,0.1639
0.0700,0.3623,0.1637
0.1050,0.3540,0.1630
0.1600,0.3455,0.1608
0.2100,0.3342,0.1578
0.1950,0.3230,0.1561
0.1100,0.3118,0.1556
0.0250,0.3005,0.1559
-0.0300,0.2922,0.1569
-0.0600,0.2866,0.1583
-0.0650,0.2922,0.1600
-0.0650,0.3005,0.1620
-0.0700,0.3203,0.1639
-0.0700,0.3511,0.1664
-0.0650,0.3904,0.1688
-0.0250,0.4326,0.1720
-0.0500,0.4775,0.1759
-0.0750,0.5166,0.1796
-0.0750,0.5586,0.1830
-0.0700,0.5923,0.1869
-0.0650,0.6147,0.1913
-0.0600,0.6316,0.1950
-0.0550,0.6345,0.1981
-0.0500,0.6316,0.2011
-0.0450,0.6204,0.2035
-0.0450,0.6008,0.2057
-0.0550,0.5784,0.2074
-0.0500,0.5559,0.2069
-0.0550,0.5334,0.2047
0.0550,0.5110,0.2023
0.3750,0.4944,0.1999
-0.0900,0.4719,0.1974
-0.2050,0.4551,0.1950
-0.0650,0.4382,0.1925
-0.0350,0.4241,0.1901
-0.0300,0.4128,0.1896
-0.0250,0.4016,0.1906
-0.0250,0.3904,0.1920
-0.0200,0.3901,0.1935
-0.0150,0.3821,0.1962
-0.0100,0.3740,0.1996
-0.0050,0.3687,0.2035
0.0000,0.3633,0.2077
0.0100,0.3552,0.2101
0.0250,0.3472,0.2113
0.0500,0.3418,0.2113
0.0800,0.3364,0.2106
0.1250,0.3284,0.2094
0.1750,0.3206,0.2074
0.2100,0.3152,0.2052
0.1600,0.3044,0.2030
0.0700,0.2964,0.2016
-0.0050,0.2910,0.2008
-0.0400,0.2856,0.2006
-0.0550,0.2937,0.2008
-0.0600,0.3071,0.2013
-0.0600,0.3337,0.2023
-0.0550,0.3687,0.2045
-0.0600,0.4087,0.2074
-0.0400,0.4570,0.2108
-0.0150,0.5024,0.2148
-0.0550,0.5481,0.2179
-0.0700,0.5881,0.2209
-0.0650,0.6230,0.2240
-0.0650,0.6499,0.2280
-0.0600,0.6687,0.2319
-0.0600,0.6768,0.2358
-0.0500,0.6741,0.2389
-0.0500,0.6687,0.2411
-0.0450,0.6526,0.2419
-0.0550,0.6338,0.2414
-0.0550,0.6123,0.2402
-0.0550,0.5908,0.2382
-0.0300,0.5642,0.2367
0.2900,0.5427,0.2358
0.1450,0.5212,0.2341
-0.2250,0.5024,0.2321
-0.1100,0.4866,0.2304
-0.0350,0.4705,0.2297
-0.0350,0.4597,0.2311
-0.0300,0.4490,0.2348
-0.0300,0.4382,0.2407
-0.0250,0.4302,0.2487
-0.0200,0.4221,0.2595
-0.0200,0.4167,0.2724
-0.0100,0.4089,0.2878
-0.0050,0.4009,0.3054
0.0000,0.3955,0.3245
0.0150,0.3875,0.3445
0.0300,0.3794,0.3645
0.0550,0.3740,0.3843
0.0900,0.3633,0.4026
0.1400,0.3579,0.4202
0.1900,0.3499,0.4390
0.1800,0.3418,0.4591
0.1000,0.3337,0.4798
0.0200,0.3284,0.5013
-0.0350,0.3284,0.5233
-0.0550,0.3311,0.5458
-0.0650,0.3445,0.5683
-0.0700,0.3660,0.5908
-0.0650,0.3955,0.6137
-0.0600,0.4355,0.6365
-0.0550,0.4839,0.6582
0.0000,0.5266,0.6790
-0.0450,0.5750,0.6990
-0.0650,0.6177,0.7185
-0.0800,0.6553,0.7376
-0.0650,0.6873,0.7559
-0.0500,0.7114,0.7733
-0.0500,0.7249,0.7892
-0.0400,0.7302,0.8021
-0.0400,0.7275,0.8131
-0.0300,0.7195,0.8238
-0.0400,0.7141,0.8348
-0.0450,0.6980,0.8453
-0.0400,0.6794,0.8549
-0.0400,0.6606,0.8639
0.1950,0.6392,0.8725
0.4150,0.6230,0.8808
-0.1250,0.6042,0.8888
-0.1200,0.5884,0.8967
-0.0400,0.5776,0.9045
-0.0350,0.5669,0.9118
-0.0300,0.5562,0.9191
-0.0250,0.5508,0.9265
-0.0250,0.5427,0.9338
-0.0250,0.5374,0.9411
-0.0200,0.5320,0.9482
-0.0150,0.5239,0.9543
-0.0100,0.5186,0.9592
-0.0050,0.5132,0.9624
0.0050,0.5078,0.9636
0.0200,0.5000,0.9607
0.0450,0.5000,0.9543
0.0850,0.4946,0.9443
0.1300,0.4866,0.9313
0.1850,0.4812,0.9162
0.1950,0.4758,0.8993
0.1300,0.4678,0.8822
0.0400,0.4624,0.8654
-0.0250,0.4570,0.8495
-0.0600,0.4597,0.8344
-0.0700,0.4678,0.8177
-0.0700,0.4866,0.8001
-0.0700,0.5105,0.7826
-0.0650,0.5508,0.7650
-0.0650,0.5989,0.7466
-0.0100,0.6499,0.7276
-0.0350,0.7007,0.7093
-0.0600,0.7490,0.6912
-0.0750,0.7891,0.6736
-0.0650,0.8240,0.6560
-0.0600,0.8481,0.6377
-0.0500,0.8667,0.6191
-0.0500,0.8748,0.6010
-0.0500,0.8694,0.5832
-0.0400,0.8589,0.5661
-0.0450,0.8374,0.5490
-0.0500,0.8159,0.5324
-0.0500,0.7864,0.5158
-0.0450,0.7598,0.4996
0.0550,0.7383,0.4835
0.3750,0.7102,0.4674
-0.0900,0.6794,0.4515
-0.2050,0.6514,0.4359
-0.0700,0.6233,0.4205
-0.0300,0.6008,0.4061
-0.0350,0.5784,0.3926
-0.0300,0.5615,0.3797
-0.0250,0.5447,0.3675
-0.0250,0.5305,0.3557
-0.0200,0.5166,0.3447
-0.0150,0.5027,0.3347
-0.0100,0.4971,0.3262
-0.0050,0.4858,0.3181
0.0000,0.4746,0.3105
0.0200,0.4634,0.3015
0.0450,0.4578,0.2910
0.0800,0.4495,0.2795
0.1300,0.4438,0.2673
0.1800,0.4353,0.2558
0.2100,0.4297,0.2453
0.1600,0.4185,0.2353
0.0650,0.4072,0.2260
-0.0100,0.3960,0.2189
-0.0500,0.3848,0.2138
-0.0650,0.3821,0.2094
-0.0700,0.3904,0.2052
-0.0700,0.4102,0.2025
-0.0700,0.4353,0.2008
-0.0650,0.4690,0.2001
-0.0550,0.5083,0.1999
-0.0150,0.5447,0.2001
-0.0600,0.5896,0.2006
-0.0800,0.6260,0.2013
-0.0750,0.6597,0.2023
-0.0700,0.6851,0.2033
-0.0650,0.6990,0.2043
-0.0650,0.7019,0.2045
-0.0550,0.6990,0.2038
-0.0550,0.6877,0.2025
-0.0500,0.6682,0.2008
-0.0550,0.6428,0.1989
-0.0600,0.6147,0.1967
-0.0500,0.5867,0.1942
-0.0450,0.5559,0.1918
0.2250,0.5278,0.1893
0.2150,0.5027,0.1869
-0.2250,0.4832,0.1845
-0.1350,0.4607,0.1823
-0.0400,0.4438,0.1810
-0.0350,0.4297,0.1806
-0.0350,0.4185,0.1808
-0.0350,0.4072,0.1815
-0.0250,0.3960,0.1825
-0.0200,0.3848,0.1837
-0.0150,0.3792,0.1852
-0.0100,0.3679,0.1869
0.0000,0.3596,0.1896
0.0100,0.3511,0.1928
0.0150,0.3428,0.1947
0.0300,0.3428,0.1955
0.0600,0.3342,0.1945
0.0950,0.3259,0.1918
0.1500,0.3174,0.1891
0.1900,0.3062,0.1867
0.1800,0.3005,0.1842
0.1000,0.2893,0.1818
0.0150,0.2781,0.1806
-0.0400,0.2668,0.1801
-0.0700,0.2642,0.1813
-0.0750,0.2642,0.1837
-0.0800,0.2754,0.1862
-0.0750,0.2922,0.1886
-0.0750,0.3259,0.1918
-0.0750,0.3652,0.1957
-0.0300,0.4128,0.2001
-0.0500,0.4634,0.2047
-0.0750,0.5083,0.2096
-0.0800,0.5474,0.2145
-0.0750,0.5811,0.2194
-0.0700,0.6121,0.2245
-0.0650,0.6289,0.2287
-0.0600,0.6401,0.2316
-0.0550,0.6372,0.2331
-0.0500,0.6316,0.2333
-0.0550,0.6147,0.2333
-0.0600,0.5952,0.2331
-0.0550,0.5728,0.2311
-0.0550,0.5503,0.2280
0.0600,0.5222,0.2245
0.3700,0.5027,0.2211
-0.1150,0.4832,0.2177
-0.2000,0.4607,0.2143
-0.0700,0.4438,0.2121
-0.0400,0.4270,0.2106
-0.0450,0.4128,0.2099
-0.0350,0.4016,0.2096
-0.0300,0.3960,0.2096
-0.0300,0.3848,0.2101
-0.0200,0.3765,0.2118
-0.0100,0.3679,0.2143
-0.0100,0.3623,0.2165
0.0000,0.3540,0.2184
0.0100,0.3484,0.2199
0.0250,0.3428,0.2211
0.0450,0.3372,0.2214
0.0750,0.3286,0.2206
0.1150,0.3230,0.2194
0.1750,0.3147,0.2174
0.2000,0.3062,0.2152
0.1500,0.2949,0.2128
0.0600,0.2893,0.2104
-0.0100,0.2781,0.2077
-0.0500,0.2781,0.2060
-0.0650,0.2837,0.2050
-0.0650,0.2979,0.2045
-0.0650,0.3230,0.2047
-0.0650,0.3596,0.2072
-0.0600,0.4016,0.2113
-0.0400,0.4521,0.2162
-0.0250,0.4998,0.2211
-0.0550,0.5474,0.2272
-0.0750,0.5952,0.2338
-0.0700,0.6316,0.2414
-0.0750,0.6653,0.2495
-0.0600,0.6877,0.2578
-0.0650,0.6990,0.2666
-0.0600,0.7019,0.2766
-0.0550,0.6990,0.2878
-0.0500,0.6851,0.3010
-0.0700,0.6626,0.3154
-0.0650,0.6401,0.3301
-0.0600,0.6147,0.3445
-0.0350,0.5896,0.3599
0.3250,0.5615,0.3760
0.1450,0.5391,0.3919
-0.2050,0.5166,0.4075
-0.0950,0.5027,0.4239
-0.0400,0.4915,0.4408
-0.0400,0.4802,0.4581
-0.0400,0.4690,0.4759
-0.0350,0.4634,0.4947
-0.0300,0.4551,0.5148
-0.0250,0.4495,0.5355
-0.0250,0.4409,0.5570
-0.0200,0.4353,0.5788
-0.0150,0.4270,0.6008
-0.0050,0.4185,0.6220
0.0100,0.4128,0.6421
0.0250,0.4045,0.6597
0.0500,0.3960,0.6753
0.0900,0.3904,0.6900
0.1400,0.3848,0.7041
0.1850,0.3765,0.7171
0.1800,0.3679,0.7290
0.0950,0.3623,0.7420
0.0150,0.3596,0.7559
-0.0350,0.3596,0.7696
-0.0550,0.3652,0.7830
-0.0650,0.3821,0.7962
-0.0700,0.4072,0.8094
-0.0700,0.4438,0.8221
-0.0650,0.4888,0.8348
-0.0550,0.5334,0.8475
0.0200,0.5867,0.8600
-0.0550,0.6401,0.8715
-0.0750,0.6907,0.8820
-0.0800,0.7356,0.8915
-0.0700,0.7776,0.9006
-0.0550,0.8057,0.9091
-0.0550,0.8281,0.9172
-0.0450,0.8367,0.9240
-0.0450,0.8394,0.9296
-0.0350,0.8337,0.9345
-0.0450,0.8198,0.9387
-0.0450,0.8030,0.9414
-0.0350,0.7805,0.9426
-0.0350,0.7607,0.9428
0.2250,0.7356,0.9421
0.3650,0.7131,0.9389
-0.1600,0.6907,0.9338
-0.1200,0.6682,0.9279
-0.0400,0.6484,0.9213
-0.0300,0.6289,0.9125
-0.0300,0.6147,0.9015
-0.0300,0.5979,0.8903
-0.0300,0.5867,0.8788
-0.0250,0.5754,0.8659
-0.0200,0.5642,0.8519
-0.0150,0.5530,0.8375
-0.0100,0.5417,0.8221
0.0000,0.5305,0.8055
0.0100,0.5249,0.7874
0.0300,0.5137,0.7674
0.0550,0.5081,0.7459
0.0900,0.5000,0.7232
0.1350,0.4915,0.6997
0.1900,0.4802,0.6768
0.1950,0.4690,0.6540
0.1200,0.4634,0.6318
0.0300,0.4551,0.6101
-0.0300,0.4495,0.5893
-0.0650,0.4551,0.5700
-0.0800,0.4663,0.5524
-0.0950,0.4888,0.5365
-0.0950,0.5137,0.5216
-0.1000,0.5559,0.5077
-0.1000,0.6035,0.4947
-0.0450,0.6541,0.4823
-0.0750,0.7019,0.4703
-0.1000,0.7468,0.4588
-0.1050,0.7832,0.4483
-0.0950,0.8169,0.4390
-0.0800,0.8423,0.4295
-0.0750,0.8535,0.4197
-0.0750,0.8535,0.4100
-0.0700,0.8450,0.3997
-0.0650,0.8254,0.3885
-0.0650,0.7974,0.3763
-0.0750,0.7664,0.3645
-0.0700,0.7271,0.3533
-0.0700,0.6877,0.3420
0.0450,0.6484,0.3311
0.3500,0.6121,0.3191
-0.1200,0.5784,0.3069
-0.2200,0.5503,0.2949
-0.0800,0.5278,0.2837
-0.0450,0.5054,0.2739
-0.0400,0.4944,0.2653
-0.0350,0.4802,0.2578
-0.0300,0.4690,0.2512
-0.0300,0.4578,0.2451
-0.0250,0.4465,0.2394
-0.0200,0.4353,0.2353
-0.0150,0.4241,0.2323
-0.0050,0.4185,0.2294
0.0150,0.4072,0.2260
0.0300,0.3960,0.2226
0.0600,0.3848,0.2192
0.0900,0.3735,0.2148
0.1350,0.3596,0.2096
0.1900,0.3455,0.2038
0.2100,0.3428,0.1979
0.1550,0.3342,0.1928
0.0600,0.3230,0.1881
-0.0150,0.3118,0.1852
-0.0550,0.3035,0.1835
-0.0650,0.2979,0.1828
-0.0700,0.3152,0.1828
-0.0650,0.3284,0.1832
-0.0700,0.3525,0.1842
-0.0650,0.3848,0.1852
-0.0500,0.4248,0.1867
-0.0100,0.4678,0.1891
-0.0600,0.5078,0.1925
-0.0800,0.5481,0.1964
-0.0800,0.5830,0.2008
-0.0750,0.6123,0.2045
-0.0700,0.6311,0.2074
-0.0700,0.6392,0.2091
-0.0600,0.6365,0.2094
-0.0600,0.6257,0.2091
-0.0500,0.6123,0.2079
-0.0600,0.5908,0.2062
-0.0600,0.5669,0.2040
-0.0550,0.5427,0.2008
-0.0400,0.5159,0.1967
0.2400,0.4946,0.1928
0.1950,0.4705,0.1893
-0.2350,0.4463,0.1859
-0.1300,0.4302,0.1830
-0.0400,0.4116,0.1801
-0.0350,0.4009,0.1774
-0.0300,0.3901,0.1759
-0.0300,0.3794,0.1757
-0.0250,0.3687,0.1769
-0.0200,0.3606,0.1793
-0.0200,0.3525,0.1818
-0.0100,0.3445,0.1842
0.0000,0.3364,0.1862
0.0100,0.3311,0.1881
0.0250,0.3257,0.1901
0.0500,0.3179,0.1918
0.0700,0.3098,0.1918
0.1100,0.3018,0.1901
0.1550,0.2937,0.1889
0.2050,0.2856,0.1884
0.2000,0.2776,0.1876
0.1200,0.2668,0.1867
0.0300,0.2588,0.1862
-0.0300,0.2588,0.1864
-0.0550,0.2615,0.1879
-0.0600,0.2749,0.1906
-0.0600,0.2964,0.1930
-0.0600,0.3257,0.1955
-0.0600,0.3660,0.1974
-0.0550,0.4114,0.1996
-0.0200,0.4597,0.2023
-0.0450,0.5078,0.2060
-0.0600,0.5535,0.2101
-0.0700,0.5935,0.2145
-0.0650,0.6230,0.2192
-0.0550,0.6445,0.2238
-0.0550,0.6580,0.2275
-0.0500,0.6606,0.2304
-0.0450,0.6580,0.2319
-0.0400,0.6445,0.2319
-0.0450,0.6284,0.2319
-0.0500,0.6069,0.2319
-0.0500,0.5803,0.2311
-0.0500,0.5562,0.2297
0.0950,0.5293,0.2277
0.3750,0.5051,0.2253
-0.1250,0.4893,0.2226
-0.1800,0.4678,0.2196
-0.0500,0.4490,0.2167
-0.0300,0.4355,0.2140
-0.0250,0.4221,0.2130
-0.0200,0.4116,0.2135
-0.0200,0.4036,0.2143
-0.0150,0.3955,0.2152
-0.0100,0.3848,0.2170
0.0000,0.3794,0.2196
0.0000,0.3713,0.2231
0.0100,0.3687,0.2267
0.0200,0.3633,0.2299
0.0350,0.3552,0.2321
0.0600,0.3472,0.2331
0.0950,0.3418,0.2328
0.1350,0.3311,0.2316
0.1850,0.3206,0.2299
0.2050,0.3152,0.2297
0.1550,0.3044,0.2309
0.0600,0.2937,0.2338
-0.0050,0.2883,0.2387
-0.0450,0.2830,0.2455
-0.0550,0.2883,0.2546
-0.0600,0.2991,0.2658
-0.0600,0.3203,0.2793
-0.0550,0.3499,0.2964
-0.0550,0.3901,0.3159
-0.0200,0.4355,0.3367
-0.0250,0.4866,0.3584
-0.0550,0.5293,0.3819
-0.0700,0.5750,0.4065
-0.0700,0.6177,0.4310
-0.0650,0.6499,0.4552
-0.0500,0.6768,0.4781
-0.0550,0.6899,0.4999
-0.0500,0.6980,0.5211
-0.0400,0.6953,0.5414
-0.0350,0.6846,0.5602
-0.0500,0.6687,0.5778
-0.0400,0.6499,0.5942
-0.0400,0.6230,0.6101
0.0100,0.6016,0.6252
0.3850,0.5776,0.6399
0.1100,0.5535,0.6540
-0.1800,0.5320,0.6682
-0.0700,0.5159,0.6831
-0.0300,0.5024,0.6985
-0.0300,0.4919,0.7122
-0.0350,0.4812,0.7249
-0.0300,0.4705,0.7383
-0.0250,0.4597,0.7530
-0.0250,0.4543,0.7672
-0.0150,0.4463,0.7808
-0.0100,0.4382,0.7943
-0.0100,0.4329,0.8072
0.0000,0.4275,0.8192
0.0150,0.4221,0.8300
0.0300,0.4167,0.8387
0.0650,0.4116,0.8461
0.1050,0.4062,0.8522
0.1550,0.3982,0.8573
0.2000,0.3928,0.8620
0.1750,0.3875,0.8664
0.0900,0.3821,0.8710
0.0100,0.3767,0.8764
-0.0350,0.3767,0.8810
-0.0550,0.3794,0.8854
-0.0600,0.3928,0.8901
-0.0600,0.4167,0.8954
-0.0600,0.4490,0.9013
-0.0550,0.4893,0.9076
-0.0450,0.5347,0.9140
0.0250,0.5881,0.9204
-0.0450,0.6418,0.9260
-0.0700,0.6926,0.9306
-0.0700,0.7356,0.9348
-0.0550,0.7756,0.9382
-0.0450,0.8052,0.9404
-0.0500,0.8267,0.9411
-0.0450,0.8401,0.9414
-0.0450,0.8428,0.9406
-0.0350,0.8347,0.9397
-0.0450,0.8240,0.9382
-0.0400,0.8052,0.9362
-0.0400,0.7837,0.9340
-0.0250,0.7625,0.9309
0.2700,0.7356,0.9267
0.2950,0.7087,0.9228
-0.1800,0.6819,0.9191
-0.1050,0.6606,0.9157
-0.0300,0.6392,0.9123
-0.0350,0.6204,0.9094
-0.0350,0.6042,0.9064
-0.0300,0.5884,0.9035
-0.0250,0.5776,0.9008
-0.0200,0.5669,0.8991
-0.0150,0.5562,0.8984
-0.0150,0.5454,0.8984
-0.0100,0.5347,0.8989
0.0000,0.5239,0.8986
0.0150,0.5186,0.8979
0.0300,0.5105,0.8967
0.0550,0.5024,0.8949
0.0950,0.5000,0.8923
0.1500,0.4919,0.8881
0.2050,0.4866,0.8835
0.2000,0.4758,0.8781
0.1100,0.4678,0.8734
0.0200,0.4597,0.8693
-0.0350,0.4570,0.8656
-0.0650,0.4570,0.8622
-0.0700,0.4651,0.8590
-0.0750,0.4812,0.8561
-0.0700,0.5051,0.8532
-0.0650,0.5427,0.8507
-0.0700,0.5854,0.8502
0.0000,0.6338,0.8515
-0.0400,0.6819,0.8532
-0.0700,0.7412,0.8551
-0.0800,0.7832,0.8571
-0.0750,0.8169,0.8590
-0.0600,0.8479,0.8602
-0.0600,0.8618,0.8605
-0.0500,0.8647,0.8600
-0.0450,0.8562,0.8590
-0.0350,0.8394,0.8578
-0.0400,0.8142,0.8563
-0.0400,0.7888,0.8544
-0.0400,0.7581,0.8524
-0.0400,0.7271,0.8505
0.1200,0.6963,0.8485
0.4100,0.6653,0.8463
-0.1100,0.6401,0.8441
-0.1600,0.6177,0.8429
-0.0450,0.5952,0.8424
-0.0300,0.5754,0.8417
-0.0300,0.5615,0.8407
-0.0250,0.5474,0.8392
-0.0250,0.5361,0.8378
-0.0200,0.5249,0.8370
-0.0200,0.5137,0.8370
-0.0100,0.5081,0.8368
0.0000,0.5000,0.8358
0.0100,0.4944,0.8346
0.0200,0.4915,0.8331
0.0350,0.4858,0.8314
0.0650,0.4802,0.8292
0.1050,0.4690,0.8251
0.1550,0.4634,0.8192
0.2100,0.4521,0.8129
0.2250,0.4465,0.8063
0.1600,0.4353,0.7992
0.0600,0.4270,0.7916
-0.0050,0.4185,0.7838
-0.0500,0.4158,0.7757
-0.0650,0.4158,0.7674
-0.0650,0.4241,0.7589
-0.0650,0.4382,0.7493
-0.0600,0.4634,0.7388
-0.0550,0.4971,0.7276
-0.0350,0.5391,0.7159
-0.0150,0.5840,0.7039
-0.0550,0.6345,0.6914
-0.0750,0.6794,0.6768
-0.0700,0.7158,0.6602
-0.0650,0.7468,0.6421
-0.0450,0.7693,0.6230
-0.0550,0.7805,0.6032
-0.0400,0.7805,0.5829
-0.0450,0.7776,0.5612
-0.0350,0.7607,0.5385
-0.0450,0.7412,0.5170
-0.0400,0.7158,0.4965
-0.0350,0.6851,0.4759
0.0100,0.6541,0.4554
0.3500,0.6260,0.4349
0.0550,0.5979,0.4144
-0.2200,0.5728,0.3951
-0.0850,0.5503,0.3763
-0.0200,0.5305,0.3584
-0.0200,0.5132,0.3416
-0.0200,0.5024,0.3262
-0.0200,0.4973,0.3118
-0.0150,0.4919,0.2983
-0.0100,0.4812,0.2861
-0.0050,0.4705,0.2756
0.0100,0.4651,0.2666
0.0150,0.4543,0.2585
0.0250,0.4436,0.2512
0.0400,0.4382,0.2426
0.0600,0.4275,0.2331
0.0950,0.4167,0.2228
0.1450,0.4062,0.2121
0.2000,0.3955,0.2011
0.2400,0.3848,0.1898
0.2050,0.3740,0.1786
0.1050,0.3606,0.1678
0.0100,0.3472,0.1591
-0.0400,0.3364,0.1522
-0.0550,0.3311,0.1468
-0.0650,0.3284,0.1424
-0.0600,0.3364,0.1388
-0.0600,0.3499,0.1358
-0.0550,0.3767,0.1334
-0.0550,0.4087,0.1317
-0.0050,0.4463,0.1310
-0.0450,0.4839,0.1314
-0.0650,0.5132,0.1317
-0.0650,0.5454,0.1317
-0.0650,0.5696,0.1314
-0.0550,0.5830,0.1310
-0.0600,0.5911,0.1305
-0.0500,0.5884,0.1300
-0.0550,0.5776,0.1295
-0.0400,0.5588,0.1288
-0.0500,0.5374,0.1280
-0.0500,0.5105,0.1273
-0.0500,0.4919,0.1268
-0.0450,0.4651,0.1258
0.1250,0.4382,0.1241
0.3300,0.4141,0.1217
-0.1750,0.3928,0.1197
-0.1700,0.3713,0.1180
-0.0400,0.3552,0.1165
-0.0200,0.3418,0.1156
-0.0200,0.3257,0.1158
-0.0150,0.3152,0.1170
-0.0200,0.3044,0.1187
-0.0100,0.2991,0.1212
-0.0050,0.2883,0.1239
0.0000,0.2830,0.1268
0.0100,0.2776,0.1297
0.0200,0.2695,0.1329
0.0250,0.2642,0.1361
0.0400,0.2588,0.1390
0.0700,0.2561,0.1400
0.1100,0.2534,0.1398
0.1600,0.2534,0.1390
0.2100,0.2480,0.1380
0.2200,0.2454,0.1371
0.1500,0.2427,0.1363
0.0550,0.2373,0.1366
-0.0100,0.2373,0.1376
-0.0450,0.2427,0.1390
-0.0550,0.2507,0.1410
-0.0650,0.2695,0.1434
-0.0650,0.2937,0.1461
-0.0600,0.3257,0.1498
-0.0550,0.3472,0.1542
-0.0300,0.3848,0.1583
-0.0250,0.4329,0.1620
-0.0550,0.4785,0.1654
-0.0700,0.5212,0.1688
-0.0650,0.5588,0.1730
-0.0600,0.5908,0.1774
-0.0500,0.6096,0.1803
-0.0500,0.6204,0.1820
-0.0500,0.6230,0.1835
-0.0500,0.6150,0.1852
-0.0450,0.6042,0.1859
-0.0500,0.5857,0.1859
-0.0450,0.5642,0.1864
-0.0450,0.5400,0.1869
0.0050,0.5159,0.1859
0.3500,0.4946,0.1835
0.0400,0.4731,0.1810
-0.2150,0.4517,0.1786
-0.0800,0.4329,0.1762
-0.0300,0.4167,0.1742
-0.0250,0.4036,0.1742
-0.0200,0.3928,0.1757
-0.0200,0.3848,0.1774
-0.0150,0.3767,0.1793
-0.0150,0.3687,0.1823
-0.0050,0.3606,0.1859
-0.0050,0.3525,0.1903
0.0050,0.3472,0.1950
0.0150,0.3364,0.1991
0.0350,0.3311,0.2021
0.0450,0.3232,0.2028
0.0800,0.3179,0.2016
0.1200,0.3098,0.1999
0.1750,0.3044,0.1979
0.2150,0.2991,0.1957
0.1850,0.2910,0.1935
0.0950,0.2856,0.1923
0.0150,0.2803,0.1918
-0.0300,0.2803,0.1918
-0.0550,0.2803,0.1925
-0.0600,0.2883,0.1942
-0.0600,0.3044,0.1969
-0.0600,0.3311,0.1994
-0.0600,0.3660,0.2018
-0.0400,0.4087,0.2050
0.0050,0.4597,0.2086
-0.0250,0.5051,0.2128
-0.0450,0.5535,0.2172
-0.0500,0.5935,0.2209
-0.0450,0.6257,0.2238
-0.0350,0.6499,0.2272
-0.0350,0.6633,0.2309
-0.0300,0.6714,0.2338
-0.0450,0.6660,0.2363
-0.0450,0.6553,0.2389
-0.0500,0.6458,0.2424
-0.0550,0.6233,0.2460
-0.0450,0.6008,0.2502
-0.0450,0.5754,0.2553
0.2050,0.5503,0.2614
0.3000,0.5278,0.2685
-0.1800,0.5054,0.2763
-0.1250,0.4888,0.2868
-0.0300,0.4690,0.2995
-0.0300,0.4521,0.3137
-0.0250,0.4409,0.3291
-0.0250,0.4297,0.3464
-0.0200,0.4185,0.3655
-0.0100,0.4128,0.3858
-0.0100,0.4016,0.4068
-0.0050,0.3933,0.4285
0.0050,0.3848,0.4508
0.0100,0.3765,0.4732
0.0300,0.3708,0.4957
0.0400,0.3623,0.5175
0.0600,0.3567,0.5382
0.0950,0.3511,0.5575
0.1450,0.3455,0.5754
0.2000,0.3372,0.5922
0.2100,0.3286,0.6084
0.1350,0.3230,0.6247
0.0450,0.3118,0.6413
-0.0150,0.3091,0.6584
-0.0400,0.3091,0.6755
-0.0500,0.3118,0.6931
-0.0500,0.3286,0.7107
-0.0500,0.3567,0.7283
-0.0450,0.3933,0.7457
-0.0500,0.4382,0.7620
0.0250,0.4888,0.7774
-0.0350,0.5361,0.7911
-0.0550,0.5923,0.8033
-0.0650,0.6401,0.8143
-0.0550,0.6851,0.8246
-0.0400,0.7188,0.8341
-0.0350,0.7439,0.8431
-0.0300,0.7581,0.8505
-0.0250,0.7637,0.8566
-0.0200,0.7607,0.8620
-0.0250,0.7581,0.8666
-0.0400,0.7468,0.8708
-0.0300,0.7300,0.8744
-0.0350,0.7131,0.8778
0.1050,0.6907,0.8810
0.4650,0.6738,0.8839
-0.0400,0.6541,0.8869
-0.1400,0.6372,0.8893
-0.0450,0.6204,0.8918
-0.0300,0.6064,0.8930
-0.0300,0.5923,0.8932
-0.0300,0.5811,0.8918
-0.0250,0.5754,0.8891
-0.0200,0.5642,0.8854
-0.0200,0.5586,0.8808
-0.0100,0.5503,0.8754
0.0000,0.5417,0.8693
0.0050,0.5361,0.8610
0.0150,0.5305,0.8505
0.0300,0.5222,0.8385
0.0500,0.5166,0.8248
0.0900,0.5110,0.8085
0.1350,0.5054,0.7894
0.1900,0.5000,0.7689
0.2200,0.4971,0.7469
0.1600,0.4915,0.7249
0.0700,0.4832,0.7032
0.0000,0.4746,0.6826
-0.0450,0.4719,0.6628
-0.0600,0.4690,0.6428
-0.0600,0.4746,0.6228
-0.0600,0.4888,0.6035
-0.0550,0.5110,0.5851
-0.0500,0.5474,0.5685
-0.0250,0.5923,0.5531
-0.0100,0.6428,0.5375
-0.0500,0.6934,0.5221
-0.0650,0.7468,0.5077
-0.0650,0.7917,0.4943
-0.0550,0.8281,0.4813
-0.0550,0.8618,0.4688
-0.0500,0.8816,0.4569
-0.0400,0.8899,0.4452
-0.0400,0.8843,0.4327
-0.0400,0.8704,0.4195
-0.0500,0.8479,0.4058
-0.0450,0.8169,0.3916
-0.0400,0.7805,0.3772
0.0050,0.7439,0.3628
0.3450,0.7046,0.3494
0.0600,0.6709,0.3364
-0.2150,0.6372,0.3230
-0.0850,0.6064,0.3093
-0.0200,0.5784,0.2964
-0.0200,0.5559,0.2844
-0.0200,0.5334,0.2741
-0.0200,0.5137,0.2653
-0.0150,0.5027,0.2578
-0.0100,0.4915,0.2509
-0.0050,0.4775,0.2455
-0.0050,0.4634,0.2416
0.0050,0.4578,0.2377
0.0150,0.4465,0.2338
0.0250,0.4382,0.2299
0.0550,0.4297,0.2258
0.0900,0.4185,0.2199
0.1250,0.4072,0.2128
0.1800,0.3960,0.2055
0.2200,0.3848,0.1984
0.1850,0.3735,0.1923
0.0900,0.3596,0.1871
0.0050,0.3455,0.1825
-0.0400,0.3342,0.1788
-0.0600,0.3315,0.1764
-0.0700,0.3286,0.1752
-0.0650,0.3372,0.1747
-0.0700,0.3540,0.1749
-0.0700,0.3848,0.1757
-0.0700,0.4214,0.1769
-0.0150,0.4634,0.1793
-0.0500,0.5083,0.1828
-0.0750,0.5474,0.1857
-0.0800,0.5867,0.1886
-0.0750,0.6204,0.1920
-0.0700,0.6458,0.1959
-0.0650,0.6597,0.1984
-0.0650,0.6626,0.1996
-0.0600,0.6597,0.2006
-0.0550,0.6484,0.2018
-0.0600,0.6289,0.2021
-0.0650,0.6035,0.2016
-0.0600,0.5784,0.2003
-0.0650,0.5503,0.1989
0.1200,0.5222,0.1969
0.3150,0.4998,0.1950
-0.1850,0.4775,0.1925
-0.1750,0.4551,0.1901
-0.0550,0.4353,0.1876
-0.0400,0.4185,0.1854
-0.0400,0.4045,0.1842
-0.0350,0.3904,0.1837
-0.0300,0.3792,0.1840
-0.0250,0.3708,0.1847
-0.0250,0.3623,0.1867
-0.0150,0.3511,0.1896
-0.0050,0.3455,0.1923
0.0000,0.3342,0.1947
0.0100,0.3286,0.1969
0.0300,0.3203,0.1986
0.0550,0.3118,0.1984
0.0950,0.3062,0.1967
0.1350,0.2949,0.1945
0.1850,0.2866,0.1920
0.2000,0.2781,0.1896
0.1300,0.2668,0.1874
0.0350,0.2556,0.1862
-0.0300,0.2473,0.1857
-0.0600,0.2444,0.1857
-0.0700,0.2500,0.1864
-0.0750,0.2642,0.1884
-0.0750,0.2893,0.1913
-0.0750,0.3230,0.1937
-0.0750,0.3652,0.1962
-0.0400,0.4158,0.1994
-0.0450,0.4690,0.2033
-0.0700,0.5166,0.2077
-0.0800,0.5615,0.2121
-0.0800,0.6035,0.2157
-0.0650,0.6345,0.2189
-0.0650,0.6541,0.2214
-0.0650,0.6653,0.2233
-0.0600,0.6682,0.2250
-0.0550,0.6597,0.2265
-0.0500,0.6458,0.2280
-0.0600,0.6401,0.2289
-0.0550,0.6177,0.2287
-0.0550,0.5952,0.2277
0.0050,0.5698,0.2272
0.3500,0.5447,0.2267
0.0000,0.5166,0.2258
-0.2200,0.4971,0.2240
-0.0900,0.4775,0.2221
-0.0400,0.4612,0.2196
-0.0400,0.4456,0.2179
-0.0400,0.4353,0.2170
-0.0300,0.4250,0.2165
-0.0250,0.4148,0.2167
-0.0250,0.4043,0.2179
-0.0200,0.3992,0.2201
-0.0200,0.3889,0.2231
-0.0100,0.3838,0.2265
-0.0050,0.3733,0.2292
0.0150,0.3682,0.2311
0.0350,0.3606,0.2309
0.0700,0.3528,0.2287
0.1100,0.3477,0.2260
0.1600,0.3374,0.2231
0.1950,0.3320,0.2201
0.1600,0.3218,0.2172
0.0750,0.3115,0.2150
-0.0100,0.3064,0.2138
-0.0550,0.2988,0.2130
-0.0750,0.2935,0.2130
-0.0800,0.2961,0.2152
-0.0750,0.3064,0.2196
-0.0800,0.3269,0.2260
-0.0700,0.3606,0.2345
-0.0650,0.4019,0.2455
-0.0200,0.4458,0.2587
-0.0650,0.4946,0.2744
-0.0850,0.5359,0.2922
-0.0850,0.5771,0.3115
-0.0750,0.6160,0.3318
-0.0600,0.6443,0.3530
-0.0650,0.6624,0.3750
-0.0550,0.6726,0.3963
-0.0550,0.6753,0.4171
-0.0400,0.6675,0.4373
-0.0600,0.6545,0.4574
-0.0550,0.6392,0.4769
-0.0500,0.6184,0.4962
-0.0400,0.5952,0.5153
0.2400,0.5720,0.5343
0.2800,0.5464,0.5531
-0.1900,0.5256,0.5717
-0.1200,0.5051,0.5903
-0.0450,0.4946,0.6088
-0.0450,0.4817,0.6274
-0.0450,0.4663,0.6457
-0.0400,0.4561,0.6638
-0.0300,0.4482,0.6819
-0.0300,0.4404,0.7000
-0.0200,0.4329,0.7181
-0.0200,0.4250,0.7361
-0.0100,0.4199,0.7540
-0.0050,0.4121,0.7703
0.0050,0.4070,0.7857
0.0250,0.3992,0.7982
0.0550,0.3940,0.8087
0.0900,0.3865,0.8182
0.1350,0.3813,0.8273
0.1900,0.3760,0.8348
0.1900,0.3708,0.8412
0.1200,0.3657,0.8478
0.0300,0.3606,0.8546
-0.0300,0.3555,0.8615
-0.0550,0.3555,0.8683
-0.0650,0.3630,0.8752
-0.0650,0.3811,0.8825
-0.0700,0.4043,0.8896
-0.0650,0.4431,0.8967
-0.0600,0.4871,0.9028
0.0250,0.5334,0.9081
-0.0500,0.5850,0.9135
-0.0700,0.6392,0.9194
-0.0800,0.6882,0.9255
-0.0700,0.7292,0.9316
-0.0600,0.7654,0.9360
-0.0550,0.7888,0.9384
-0.0500,0.8066,0.9387
-0.0400,0.8145,0.9367
-0.0350,0.8118,0.9326
-0.0450,0.8066,0.9265
-0.0500,0.7913,0.9189
-0.0400,0.7732,0.9101
-0.0400,0.7527,0.9006
0.1350,0.7319,0.8901
0.3950,0.7114,0.8781
-0.1300,0.6907,0.8649
-0.1550,0.6702,0.8497
-0.0500,0.6494,0.8329
-0.0350,0.6313,0.8151
-0.0300,0.6157,0.7962
-0.0450,0.6003,0.7777
-0.0500,0.5901,0.7596
-0.0450,0.5745,0.7408
-0.0350,0.5642,0.7212
-0.0350,0.5488,0.7024
-0.0300,0.5386,0.6839
-0.0150,0.5281,0.6650
0.0000,0.5178,0.6452
0.0100,0.5076,0.6242
0.0350,0.5000,0.6022
0.0750,0.4919,0.5803
0.1250,0.4817,0.5588
0.1700,0.4714,0.5373
0.1850,0.4612,0.5160
0.1250,0.4507,0.4962
0.0400,0.4431,0.4774
-0.0350,0.4353,0.4603
-0.0700,0.4302,0.4449
-0.0800,0.4302,0.4305
-0.0800,0.4380,0.4171
-0.0800,0.4561,0.4043
-0.0800,0.4817,0.3921
-0.0750,0.5154,0.3804
-0.0400,0.5566,0.3694
-0.0300,0.6030,0.3594
-0.0750,0.6443,0.3504
-0.0900,0.6829,0.3423
-0.0750,0.7139,0.3350
-0.0800,0.7422,0.3281
-0.0700,0.7603,0.3218
-0.0750,0.7654,0.3157
-0.0600,0.7654,0.3096
-0.0650,0.7551,0.3030
-0.0600,0.7581,0.2954
-0.0700,0.7327,0.2873
-0.0600,0.6990,0.2785
-0.0600,0.6653,0.2685
-0.0100,0.6316,0.2575
0.3250,0.5979,0.2470
0.0150,0.5642,0.2370
-0.2400,0.5334,0.2287
-0.1000,0.5222,0.2216
-0.0400,0.5027,0.2155
-0.0400,0.4832,0.2099
-0.0350,0.4663,0.2050
-0.0350,0.4521,0.2008
-0.0250,0.4409,0.1979
-0.0150,0.4297,0.1962
-0.0100,0.4185,0.1952
-0.0050,0.4072,0.1950
0.0050,0.3960,0.1952
0.0150,0.3848,0.1957
0.0250,0.3735,0.1955
0.0450,0.3623,0.1945
0.0800,0.3511,0.1933
0.1300,0.3398,0.1915
0.1700,0.3286,0.1896
0.2100,0.3174,0.1876
0.1700,0.3062,0.1857
0.0850,0.2949,0.1835
-0.0050,0.2837,0.1813
-0.0500,0.2725,0.1791
-0.0650,0.2642,0.1779
-0.0650,0.2642,0.1776
-0.0700,0.2668,0.1779
-0.0750,0.2866,0.1786
-0.0700,0.3118,0.1808
-0.0650,0.3455,0.1840
-0.0200,0.3877,0.1879
-0.0650,0.4326,0.1923
-0.0800,0.4775,0.1959
-0.0800,0.5137,0.1991
-0.0800,0.5503,0.2021
-0.0650,0.5784,0.2045
-0.0650,0.5979,0.2065
-0.0600,0.6064,0.2084
-0.0600,0.6035,0.2101
-0.0500,0.5952,0.2116
-0.0600,0.5784,0.2130
-0.0600,0.5559,0.2143
-0.0600,0.5334,0.2145
-0.0600,0.5054,0.2138
0.1350,0.4858,0.2126
0.3100,0.4607,0.2108
-0.1950,0.4382,0.2089
-0.1750,0.4158,0.2065
-0.0550,0.3989,0.2040
-0.0350,0.3821,0.2016
-0.0450,0.3679,0.1999
-0.0400,0.3567,0.1991
-0.0300,0.3455,0.1989
-0.0250,0.3372,0.1991
-0.0200,0.3286,0.2008
-0.0150,0.3203,0.2033
-0.0100,0.3147,0.2057
0.0050,0.3152,0.2077
0.0050,0.3098,0.2096
0.0300,0.3044,0.2111
0.0550,0.2964,0.2106
0.0950,0.2883,0.2084
0.1450,0.2830,0.2060
0.1900,0.2803,0.2030
0.2000,0.2749,0.2003
0.1350,0.2722,0.1979
0.0450,0.2695,0.1974
-0.0200,0.2695,0.1981
-0.0600,0.2695,0.1991
-0.0650,0.2749,0.2006
-0.0650,0.2883,0.2028
-0.0550,0.3098,0.2057
-0.0550,0.3418,0.2084
-0.0500,0.3821,0.2111
-0.0150,0.4275,0.2152
-0.0250,0.4758,0.2206
-0.0650,0.5212,0.2260
-0.0800,0.5642,0.2314
-0.0700,0.6042,0.2367
-0.0650,0.6365,0.2416
-0.0550,0.6553,0.2465
-0.0550,0.6687,0.2514
-0.0500,0.6714,0.2551
-0.0500,0.6633,0.2578
-0.0400,0.6526,0.2587
-0.0550,0.6338,0.2585
-0.0550,0.6096,0.2573
-0.0550,0.5830,0.2551
0.0150,0.5562,0.2524
0.3700,0.5293,0.2495
-0.0250,0.5051,0.2470
-0.2150,0.4893,0.2451
-0.0850,0.4678,0.2429
-0.0350,0.4517,0.2404
-0.0250,0.4382,0.2394
-0.0300,0.4275,0.2399
-0.0300,0.4167,0.2414
-0.0200,0.4062,0.2436
-0.0150,0.4009,0.2463
-0.0100,0.3928,0.2499
-0.0100,0.3848,0.2546
0.0000,0.3794,0.2607
0.0100,0.3740,0.2673
0.0200,0.3633,0.2746
0.0500,0.3579,0.2815
0.0750,0.3472,0.2878
0.1100,0.3418,0.2949
0.1600,0.3311,0.3027
0.2000,0.3257,0.3120
0.1700,0.3152,0.3227
0.0700,0.3044,0.3362
-0.0050,0.2964,0.3523
-0.0450,0.2910,0.3704
-0.0600,0.2910,0.3899
-0.0600,0.2964,0.4114
-0.0600,0.3179,0.4346
-0.0600,0.3472,0.4593
-0.0600,0.3875,0.4847
-0.0450,0.4302,0.5097
-0.0100,0.4812,0.5343
-0.0500,0.5266,0.5588
-0.0700,0.5723,0.5825
-0.0750,0.6123,0.6052
-0.0700,0.6472,0.6267
-0.0500,0.6768,0.6462
-0.0550,0.6899,0.6645
-0.0400,0.6980,0.6826
-0.0350,0.6980,0.7007
-0.0350,0.6926,0.7183
-0.0450,0.6846,0.7359
-0.0450,0.6714,0.7513
-0.0350,0.6499,0.7652
-0.0250,0.6284,0.7784
0.3000,0.6069,0.7914
0.2950,0.5857,0.8033
-0.1700,0.5642,0.8143
-0.0950,0.5454,0.8243
-0.0350,0.5293,0.8339
-0.0400,0.5132,0.8439
-0.0250,0.5024,0.8541
-0.0300,0.4973,0.8639
-0.0300,0.4866,0.8732
-0.0250,0.4812,0.8820
-0.0200,0.4758,0.8903
-0.0100,0.4705,0.8984
0.0000,0.4651,0.9059
0.0100,0.4597,0.9125
0.0100,0.4570,0.9179
0.0300,0.4517,0.9216
0.0550,0.4463,0.9238
0.0950,0.4409,0.9257
0.1450,0.4329,0.9277
0.2000,0.4275,0.9289
0.2050,0.4221,0.9291
0.1150,0.4167,0.9287
0.0250,0.4116,0.9274
-0.0300,0.4062,0.9247
-0.0600,0.4036,0.9208
-0.0700,0.4116,0.9150
-0.0600,0.4221,0.9079
-0.0550,0.4463,0.9006
-0.0550,0.4785,0.8930
-0.0500,0.5186,0.8844
0.0000,0.5669,0.8749
-0.0450,0.6204,0.8649
-0.0650,0.6765,0.8541
-0.0750,0.7275,0.8422
-0.0600,0.7729,0.8287
-0.0450,0.8132,0.8136
-0.0500,0.8428,0.7967
-0.0550,0.8616,0.7789
-0.0500,0.8721,0.7601
-0.0400,0.8721,0.7405
-0.0500,0.8640,0.7205
-0.0500,0.8481,0.7002
-0.0400,0.8213,0.6797
-0.0350,0.7917,0.6589
0.1550,0.7598,0.6379
0.3200,0.7275,0.6169
-0.1900,0.6953,0.5961
-0.1650,0.6687,0.5763
-0.0450,0.6514,0.5575
-0.0300,0.6233,0.5395
-0.0250,0.6064,0.5219
-0.0150,0.5867,0.5048
-0.0200,0.5698,0.4879
-0.0150,0.5559,0.4725
-0.0150,0.5417,0.4583
-0.0050,0.5305,0.4461
0.0000,0.5193,0.4354
0.0100,0.5081,0.4246
0.0250,0.5000,0.4141
0.0400,0.4944,0.4039
0.0650,0.4888,0.3931
0.1000,0.4802,0.3816
0.1450,0.4690,0.3692
0.2000,0.4634,0.3560
0.2100,0.4521,0.3425
0.1350,0.4409,0.3298
0.0450,0.4270,0.3179
-0.0200,0.4128,0.3074
-0.0450,0.4016,0.2983
-0.0700,0.3960,0.2903
-0.0750,0.3933,0.2824
-0.0700,0.4016,0.2744
-0.0700,0.4158,0.2663
-0.0650,0.4409,0.2600
-0.0350,0.4775,0.2551
-0.0300,0.5110,0.2495
-0.0600,0.5586,0.2431
-0.0800,0.6064,0.2372
-0.0750,0.6458,0.2319
-0.0750,0.6821,0.2270
-0.0650,0.7075,0.2223
-0.0650,0.7271,0.2192
-0.0600,0.7356,0.2170
-0.0550,0.7356,0.2145
-0.0450,0.7214,0.2121
-0.0550,0.7019,0.2094
-0.0550,0.6794,0.2065
-0.0550,0.6514,0.2035
-0.0100,0.6233,0.2006
0.3150,0.5923,0.1977
0.0400,0.5642,0.1947
-0.2400,0.5361,0.1911
-0.1000,0.5110,0.1867
-0.0350,0.4944,0.1828
-0.0350,0.4719,0.1791
-0.0350,0.4551,0.1769
-0.0350,0.4409,0.1759
-0.0350,0.4297,0.1769
-0.0250,0.4158,0.1791
-0.0150,0.4072,0.1823
-0.0100,0.3960,0.1862
0.0000,0.3848,0.1896
0.0100,0.3735,0.1928
0.0250,0.3652,0.1945
0.0500,0.3567,0.1952
0.0850,0.3455,0.1950
0.1250,0.3398,0.1937
0.1700,0.3286,0.1913
0.2100,0.3174,0.1879
0.1750,0.3062,0.1857
0.0850,0.3044,0.1845
0.0000,0.2937,0.1842
-0.0450,0.2830,0.1845
-0.0700,0.2749,0.1849
-0.0700,0.2749,0.1862
-0.0650,0.2776,0.1884
-0.0650,0.2910,0.1913
-0.0700,0.3152,0.1942
-0.0700,0.3472,0.1969
-0.0200,0.3875,0.2001
-0.0550,0.4329,0.2040
-0.0800,0.4812,0.2072
-0.0800,0.5212,0.2101
-0.0700,0.5615,0.2135
-0.0650,0.5935,0.2174
-0.0650,0.6177,0.2206
-0.0500,0.6311,0.2231
-0.0600,0.6338,0.2250
-0.0500,0.6311,0.2267
-0.0650,0.6177,0.2282
-0.0650,0.6016,0.2294
-0.0650,0.5803,0.2297
-0.0650,0.5562,0.2287
0.1500,0.5320,0.2260
0.3000,0.5051,0.2221
-0.1950,0.4866,0.2182
-0.1700,0.4624,0.2145
-0.0600,0.4409,0.2118
-0.0500,0.4194,0.2101
-0.0450,0.4036,0.2082
-0.0350,0.3901,0.2062
-0.0300,0.3848,0.2050
-0.0250,0.3821,0.2043
-0.0250,0.3794,0.2052
-0.0200,0.3767,0.2072
-0.0100,0.3740,0.2091
0.0050,0.3687,0.2108
0.0150,0.3633,0.2123
0.0300,0.3552,0.2135
0.0500,0.3472,0.2138
0.0900,0.3391,0.2130
0.1350,0.3311,0.2118
0.1900,0.3257,0.2101
0.1900,0.3179,0.2082
0.1250,0.3125,0.2060
0.0350,0.3071,0.2045
-0.0250,0.3018,0.2038
-0.0600,0.2964,0.2035
-0.0700,0.2991,0.2038
-0.0700,0.3071,0.2043
-0.0700,0.3230,0.2050
-0.0650,0.3525,0.2072
-0.0600,0.3875,0.2099
-0.0300,0.4329,0.2133
-0.0450,0.4812,0.2172
-0.0700,0.5293,0.2204
-0.0750,0.5750,0.2233
-0.0700,0.6177,0.2265
-0.0650,0.6526,0.2299
-0.0650,0.6819,0.2338
-0.0600,0.6980,0.2375
-0.0600,0.7061,0.2394
-0.0500,0.7034,0.2402
-0.0500,0.6953,0.2407
-0.0600,0.6794,0.2409
-0.0500,0.6606,0.2402
-0.0450,0.6365,0.2387
0.0400,0.6123,0.2365
0.3700,0.5857,0.2341
-0.0600,0.5642,0.2323
-0.2150,0.5427,0.2311
-0.0800,0.5212,0.2304
-0.0400,0.5024,0.2299
-0.0350,0.4919,0.2297
-0.0350,0.4785,0.2297
-0.0300,0.4651,0.2299
-0.0200,0.4543,0.2304
-0.0250,0.4463,0.2316
-0.0200,0.4382,0.2338
-0.0150,0.4302,0.2358
-0.0050,0.4221,0.2372
0.0100,0.4143,0.2382
0.0250,0.4062,0.2389
0.0450,0.4009,0.2387
0.0850,0.3901,0.2375
0.1300,0.3848,0.2358
0.1750,0.3740,0.2333
0.2000,0.3660,0.2306
0.1600,0.3579,0.2280
0.0650,0.3472,0.2258
-0.0050,0.3364,0.2245
-0.0450,0.3284,0.2238
-0.0650,0.3284,0.2233
-0.0700,0.3311,0.2233
-0.0700,0.3445,0.2236
-0.0600,0.3687,0.2248
-0.0650,0.4036,0.2272
-0.0450,0.4463,0.2311
-0.0200,0.4893,0.2367
-0.0650,0.5374,0.2453
-0.0800,0.5881,0.2565
-0.0750,0.6338,0.2685
-0.0700,0.6741,0.2815
-0.0600,0.7087,0.2956
-0.0600,0.7302,0.3113
-0.0450,0.7410,0.3289
-0.0500,0.7437,0.3477
-0.0450,0.7356,0.3667
-0.0550,0.7195,0.3858
-0.0550,0.7034,0.4048
-0.0500,0.6768,0.4239
-0.0350,0.6526,0.4430
0.2900,0.6284,0.4618
0.2100,0.6016,0.4796
-0.2050,0.5803,0.4965
-0.1100,0.5588,0.5136
-0.0400,0.5427,0.5312
-0.0400,0.5266,0.5487
-0.0350,0.5132,0.5663
-0.0300,0.5024,0.5844
-0.0250,0.4973,0.6025
-0.0250,0.4919,0.6218
-0.0200,0.4812,0.6418
-0.0150,0.4731,0.6614
-0.0050,0.4634,0.6804
0.0000,0.4578,0.6992
0.0050,0.4495,0.7176
0.0300,0.4438,0.7337
0.0550,0.4353,0.7476
0.0950,0.4297,0.7589
0.1450,0.4214,0.7684
0.1900,0.4128,0.7772
0.1800,0.4072,0.7860
0.1000,0.3989,0.7943
0.0150,0.3933,0.8026
-0.0400,0.3877,0.8104
-0.0650,0.3904,0.8182
-0.0650,0.4016,0.8260
-0.0650,0.4214,0.8339
-0.0650,0.4551,0.8429
-0.0600,0.4971,0.8522
-0.0550,0.5474,0.8612
0.0200,0.6064,0.8700
-0.0500,0.6682,0.8783
-0.0700,0.7300,0.8864
-0.0800,0.7861,0.8942
-0.0650,0.8337,0.9018
-0.0500,0.8730,0.9084
-0.0550,0.9041,0.9135
-0.0450,0.9209,0.9160
-0.0400,0.9292,0.9157
-0.0250,0.9236,0.9130
-0.0300,0.9097,0.9079
-0.0400,0.8872,0.9011
-0.0450,0.8591,0.8927
-0.0450,0.8281,0.8825
0.1700,0.7944,0.8705
0.3650,0.7607,0.8576
-0.1650,0.7327,0.8434
-0.1500,0.7046,0.8275
-0.0450,0.6794,0.8104
-0.0350,0.6570,0.7933
-0.0350,0.6372,0.7760
-0.0300,0.6204,0.7576
-0.0250,0.6035,0.7388
-0.0200,0.5923,0.7205
-0.0150,0.5754,0.7024
-0.0150,0.5642,0.6848
-0.0100,0.5474,0.6675
0.0000,0.5361,0.6504
0.0150,0.5222,0.6333
0.0300,0.5081,0.6154
0.0500,0.5000,0.5966
0.0850,0.4915,0.5763
0.1300,0.4802,0.5548
0.1900,0.4690,0.5333
0.2050,0.4578,0.5123
0.1400,0.4521,0.4925
0.0500,0.4409,0.4737
-0.0200,0.4297,0.4557
-0.0500,0.4270,0.4383
-0.0650,0.4297,0.4224
-0.0650,0.4438,0.4078
-0.0700,0.4690,0.3953
-0.0700,0.5027,0.3846
-0.0700,0.5447,0.3763
-0.0300,0.5979,0.3697
-0.0400,0.6484,0.3633
-0.0750,0.7046,0.3574
-0.0800,0.7524,0.3516
-0.0700,0.7944,0.3460
-0.0700,0.8225,0.3406
-0.0600,0.8450,0.3352
-0.0650,0.8535,0.3298
-0.0550,0.8450,0.3242
-0.0550,0.8337,0.3176
-0.0500,0.8198,0.3105
-0.0600,0.7917,0.3059
-0.0550,0.7581,0.3034
-0.0550,0.7214,0.3015
0.0200,0.6821,0.2998
0.3500,0.6484,0.2964
-0.0500,0.6091,0.2912
-0.2250,0.5784,0.2839
-0.0750,0.5474,0.2749
-0.0350,0.5222,0.2648
-0.0350,0.5027,0.2543
-0.0300,0.4832,0.2460
-0.0200,0.4663,0.2399
-0.0200,0.4521,0.2343
-0.0150,0.4353,0.2292
-0.0050,0.4241,0.2255
0.0000,0.4128,0.2231
0.0050,0.4016,0.2204
0.0150,0.3960,0.2174
0.0300,0.3848,0.2145
0.0500,0.3735,0.2113
0.0850,0.3623,0.2060
0.1300,0.3511,0.1994
0.1850,0.3398,0.1925
0.2100,0.3286,0.1857
0.1650,0.3174,0.1801
0.0700,0.3062,0.1752
-0.0100,0.2949,0.1720
-0.0500,0.2837,0.1705
-0.0650,0.2781,0.1720
-0.0750,0.2781,0.1762
-0.0750,0.2893,0.1828
-0.0650,0.3091,0.1913
-0.0600,0.3398,0.1994
-0.0500,0.3821,0.2067
-0.0100,0.4326,0.2126
-0.0550,0.4858,0.2172
-0.0750,0.5305,0.2209
-0.0800,0.5784,0.2240
-0.0650,0.6204,0.2265
-0.0650,0.6514,0.2282
-0.0650,0.6709,0.2289
-0.0550,0.6794,0.2282
-0.0550,0.6738,0.2270
-0.0400,0.6626,0.2253
-0.0500,0.6458,0.2240
-0.0600,0.6233,0.2233
-0.0550,0.5979,0.2231
-0.0450,0.5728,0.2228
0.1950,0.5474,0.2221
0.2600,0.5222,0.2206
-0.2150,0.4971,0.2187
-0.1500,0.4792,0.2162
-0.0400,0.4612,0.2138
-0.0300,0.4456,0.2111
-0.0250,0.4302,0.2094
-0.0250,0.4199,0.2082
-0.0250,0.4094,0.2077
-0.0150,0.3992,0.2079
-0.0200,0.3916,0.2091
-0.0100,0.3838,0.2116
0.0000,0.3760,0.2148
0.0100,0.3682,0.2182
0.0200,0.3606,0.2211
0.0400,0.3528,0.2233
0.0700,0.3477,0.2243
0.1100,0.3374,0.2240
0.1500,0.3320,0.2231
0.2000,0.3218,0.2214
0.1950,0.3115,0.2194
0.1200,0.3013,0.2170
0.0300,0.2935,0.2152
-0.0250,0.2856,0.2145
-0.0550,0.2832,0.2140
-0.0600,0.2832,0.2143
-0.0600,0.2935,0.2155
-0.0550,0.3142,0.2177
-0.0500,0.3450,0.2209
-0.0500,0.3889,0.2245
-0.0250,0.4353,0.2284
-0.0400,0.4871,0.2328
-0.0650,0.5334,0.2372
-0.0750,0.5771,0.2416
-0.0750,0.6184,0.2460
-0.0650,0.6494,0.2504
-0.0650,0.6702,0.2548
-0.0650,0.6829,0.2592
-0.0600,0.6855,0.2617
-0.0550,0.6777,0.2624
-0.0600,0.6624,0.2629
-0.0650,0.6443,0.2631
-0.0650,0.6184,0.2624
-0.0650,0.5952,0.2604
0.0400,0.5693,0.2568
0.3600,0.5437,0.2516
-0.0900,0.5205,0.2455
-0.2100,0.5024,0.2392
-0.0800,0.4844,0.2343
-0.0400,0.4690,0.2306
-0.0400,0.4561,0.2272
-0.0300,0.4431,0.2238
-0.0300,0.4302,0.2211
-0.0250,0.4199,0.2196
-0.0200,0.4094,0.2196
-0.0150,0.3992,0.2211
-0.0100,0.3940,0.2245
-0.0050,0.3838,0.2297
0.0000,0.3760,0.2367
0.0150,0.3682,0.2451
0.0400,0.3579,0.2529
0.0700,0.3528,0.2602
0.1150,0.3425,0.2690
0.1650,0.3320,0.2790
0.1900,0.3218,0.2890
0.1500,0.3115,0.2993
0.0550,0.3013,0.3115
-0.0100,0.2935,0.3257
-0.0550,0.2883,0.3418
-0.0700,0.2883,0.3596
-0.0700,0.2961,0.3780
-0.0650,0.3142,0.3968
-0.0650,0.3450,0.4166
-0.0600,0.3862,0.4373
-0.0350,0.4353,0.4598
-0.0200,0.4871,0.4835
-0.0700,0.5308,0.5075
-0.0850,0.5771,0.5312
-0.0800,0.6184,0.5546
-0.0750,0.6521,0.5781
-0.0650,0.6804,0.6003
-0.0600,0.6931,0.6215
-0.0550,0.7012,0.6409
-0.0550,0.6958,0.6589
-0.0400,0.6907,0.6768
-0.0550,0.6804,0.6944
-0.0550,0.6650,0.7100
-0.0450,0.6416,0.7237
-0.0200,0.6160,0.7359
0.3450,0.5928,0.7471
0.1900,0.5669,0.7586
-0.1850,0.5464,0.7703
-0.0950,0.5256,0.7811
-0.0400,0.5103,0.7911
-0.0400,0.4973,0.8006
-0.0350,0.4868,0.8097
-0.0350,0.4766,0.8182
-0.0250,0.4663,0.8265
-0.0200,0.4587,0.8348
-0.0200,0.4534,0.8427
-0.0150,0.4482,0.8505
-0.0100,0.4404,0.8581
-0.0050,0.4353,0.8646
0.0100,0.4302,0.8700
0.0350,0.4250,0.8737
0.0650,0.4199,0.8759
0.1050,0.4148,0.8771
0.1500,0.4094,0.8774
0.1950,0.4043,0.8778
0.1800,0.3967,0.8788
0.0950,0.3916,0.8791
0.0050,0.3838,0.8786
-0.0450,0.3813,0.8776
-0.0650,0.3813,0.8759
-0.0700,0.3889,0.8720
-0.0700,0.4070,0.8664
-0.0650,0.4302,0.8602
-0.0650,0.4690,0.8537
-0.0600,0.5127,0.8458
0.0000,0.5642,0.8370
-0.0500,0.6211,0.8275
-0.0750,0.6777,0.8170
-0.0800,0.7295,0.8053
-0.0700,0.7732,0.7921
-0.0650,0.8066,0.7760
-0.0600,0.8352,0.7574
-0.0550,0.8530,0.7381
-0.0500,0.8928,0.7183
-0.0450,0.8928,0.6980
-0.0500,0.8843,0.6775
-0.0500,0.8647,0.6570
-0.0500,0.8367,0.6360
-0.0350,0.8057,0.6150
0.2200,0.7664,0.5939
0.2700,0.7327,0.5732
-0.2250,0.6990,0.5524
-0.1500,0.6709,0.5326
-0.0500,0.6401,0.5138
-0.0400,0.6177,0.4960
-0.0350,0.5952,0.4786
-0.0350,0.5784,0.4627
-0.0300,0.5615,0.4483
-0.0250,0.5474,0.4359
-0.0200,0.5305,0.4249
-0.0150,0.5193,0.4141
-0.0050,0.5081,0.4034
0.0050,0.5000,0.3929
0.0150,0.4915,0.3821
0.0350,0.4832,0.3706
0.0600,0.4746,0.3582
0.1000,0.4634,0.3450
0.1500,0.4521,0.3313
0.2000,0.4409,0.3174
0.1950,0.4270,0.3034
0.1150,0.4128,0.2917
0.0200,0.3989,0.2815
-0.0400,0.3848,0.2724
-0.0700,0.3792,0.2646
-0.0800,0.3765,0.2587
-0.0800,0.3792,0.2541
-0.0750,0.3989,0.2509
-0.0700,0.4297,0.2487
-0.0600,0.4663,0.2490
-0.0250,0.5083,0.2514
-0.0500,0.5530,0.2556
-0.0750,0.6008,0.2609
-0.0850,0.6458,0.2663
-0.0800,0.6821,0.2712
-0.0750,0.7131,0.2741
-0.0750,0.7327,0.2749
-0.0750,0.7383,0.2722
-0.0700,0.7356,0.2666
-0.0650,0.7271,0.2592
-0.0650,0.7188,0.2502
-0.0750,0.6963,0.2402
-0.0700,0.6709,0.2294
-0.0700,0.6428,0.2194
0.0100,0.6091,0.2099
0.3450,0.5754,0.1999
-0.0650,0.5474,0.1898
-0.2400,0.5166,0.1815
-0.0900,0.4944,0.1747
-0.0450,0.4719,0.1691
-0.0450,0.4521,0.1647
-0.0450,0.4326,0.1630
-0.0350,0.4185,0.1632
-0.0300,0.4016,0.1642
-0.0300,0.3904,0.1659
-0.0150,0.3792,0.1686
-0.0100,0.3687,0.1722
0.0000,0.3633,0.1766
0.0100,0.3525,0.1813
0.0250,0.3418,0.1845
0.0550,0.3311,0.1859
0.0900,0.3257,0.1854
0.1250,0.3152,0.1837
0.1750,0.3044,0.1818
0.2050,0.2937,0.1796
0.1600,0.2830,0.1784
0.0700,0.2722,0.1781
-0.0100,0.2615,0.1784
-0.0500,0.2507,0.1793
-0.0700,0.2480,0.1803
-0.0750,0.2454,0.1818
-0.0750,0.2534,0.1845
-0.0750,0.2695,0.1879
-0.0750,0.2991,0.1908
-0.0600,0.3391,0.1937
-0.0200,0.3901,0.1974
-0.0650,0.4382,0.2016
-0.0800,0.4893,0.2060
-0.0750,0.5293,0.2106
-0.0750,0.5669,0.2143
-0.0650,0.5962,0.2174
-0.0650,0.6177,0.2199
-0.0500,0.6284,0.2221
-0.0550,0.6284,0.2240
-0.0500,0.6204,0.2255
-0.0600,0.6042,0.2270
-0.0600,0.5857,0.2280
-0.0600,0.5615,0.2277
-0.0500,0.5374,0.2265
0.2100,0.5132,0.2238
0.2350,0.4946,0.2196
-0.2250,0.4705,0.2148
-0.1400,0.4463,0.2091
-0.0450,0.4248,0.2030
-0.0350,0.4036,0.1969
-0.0200,0.3848,0.1925
-0.0100,0.3713,0.1898
-0.0100,0.3606,0.1893
-0.0100,0.3525,0.1908
-0.0150,0.3472,0.1942
-0.0100,0.3418,0.1994
0.0000,0.3364,0.2057
0.0100,0.3311,0.2128
0.0200,0.3257,0.2184
0.0400,0.3179,0.2226
0.0650,0.3125,0.2238
0.1000,0.3071,0.2231
0.1450,0.2991,0.2214
0.1950,0.2937,0.2192
0.1950,0.2856,0.2167
0.1200,0.2830,0.2143
0.0300,0.2776,0.2126
-0.0250,0.2722,0.2116
-0.0550,0.2722,0.2101
-0.0650,0.2776,0.2082
-0.0700,0.2883,0.2060
-0.0650,0.3071,0.2038
-0.0600,0.3391,0.2033
-0.0550,0.3767,0.2045
-0.0200,0.4248,0.2067
-0.0450,0.4731,0.2096
-0.0600,0.5186,0.2123
-0.0800,0.5642,0.2145
-0.0650,0.6069,0.2165
-0.0550,0.6418,0.2182
-0.0550,0.6660,0.2196
-0.0500,0.6794,0.2211
-0.0450,0.6873,0.2221
-0.0400,0.6794,0.2231
-0.0500,0.6687,0.2240
-0.0500,0.6499,0.2253
-0.0450,0.6284,0.2282
-0.0400,0.6042,0.2328
0.0850,0.5776,0.2377
0.4000,0.5508,0.2424
-0.0950,0.5266,0.2482
-0.1900,0.5024,0.2548
-0.0600,0.4839,0.2624
-0.0350,0.4678,0.2707
-0.0250,0.4543,0.2815
-0.0250,0.4436,0.2942
-0.0200,0.4329,0.3083
-0.0150,0.4221,0.3237
-0.0100,0.4089,0.3401
-0.0100,0.3955,0.3572
0.0000,0.3875,0.3770
0.0100,0.3794,0.3987
0.0200,0.3687,0.4212
0.0300,0.3633,0.4437
0.0550,0.3552,0.4654
0.0800,0.3472,0.4864
0.1250,0.3418,0.5057
0.1800,0.3311,0.5238
0.2050,0.3257,0.5419
0.1550,0.3152,0.5600
0.0650,0.3071,0.5781
0.0000,0.2991,0.5964
-0.0400,0.2964,0.6157
-0.0500,0.2991,0.6357
-0.0550,0.3071,0.6555
-0.0550,0.3284,0.6751
-0.0500,0.3606,0.6951
-0.0450,0.4036,0.7154
-0.0100,0.4517,0.7342
-0.0150,0.4998,0.7518
-0.0450,0.5454,0.7691
-0.0550,0.5935,0.7862
-0.0550,0.6338,0.8014
-0.0450,0.6687,0.8146
-0.0400,0.6980,0.8265
-0.0350,0.7168,0.8370
-0.0300,0.7275,0.8449
-0.0300,0.7302,0.8505
-0.0200,0.7222,0.8563
-0.0400,0.7114,0.8622
-0.0350,0.6926,0.8673
-0.0350,0.6714,0.8722
0.0150,0.6553,0.8774
0.4050,0.6401,0.8832
0.1550,0.6233,0.8891
-0.1650,0.6035,0.8954
-0.0700,0.5840,0.9018
-0.0200,0.5642,0.9086
-0.0250,0.5447,0.9155
-0.0250,0.5278,0.9221
-0.0200,0.5137,0.9277
-0.0200,0.5027,0.9326
-0.0150,0.5000,0.9357
-0.0100,0.4944,0.9372
0.0000,0.4888,0.9355
0.0000,0.4832,0.9313
0.0100,0.4775,0.9243
0.0300,0.4719,0.9142
0.0450,0.4663,0.9018
0.0750,0.4607,0.8869
0.1150,0.4521,0.8715
0.1700,0.4465,0.8554
0.2150,0.4382,0.8368
0.2000,0.4297,0.8168
0.1050,0.4241,0.7972
0.0100,0.4158,0.7782
-0.0350,0.4102,0.7596
-0.0500,0.4102,0.7415
-0.0600,0.4214,0.7227
-0.0600,0.4409,0.7034
-0.0600,0.4690,0.6846
-0.0600,0.5083,0.6665
-0.0500,0.5530,0.6499
0.0100,0.5728,0.6345
-0.0400,0.6147,0.6189
-0.0650,0.6682,0.6035
-0.0600,0.7188,0.5891
-0.0550,0.7637,0.5751
-0.0500,0.8000,0.5607
-0.0500,0.8311,0.5458
-0.0400,0.8450,0.5297
-0.0400,0.8535,0.5126
-0.0350,0.8506,0.4957
-0.0450,0.8394,0.4791
-0.0450,0.8169,0.4618
-0.0450,0.7888,0.4437
-0.0300,0.7551,0.4261
0.2250,0.7214,0.4090
0.2500,0.6877,0.3924
-0.2150,0.6597,0.3763
-0.1300,0.6260,0.3613
-0.0300,0.5979,0.3474
-0.0250,0.5728,0.3345
-0.0200,0.5447,0.3225
-0.0150,0.5249,0.3120
-0.0100,0.5054,0.3027
-0.0150,0.4971,0.2944
-0.0100,0.4802,0.2868
-0.0100,0.4690,0.2800
0.0050,0.4578,0.2736
0.0150,0.4465,0.2675
0.0300,0.4353,0.2617
0.0500,0.4241,0.2551
0.0750,0.4128,0.2480
0.1150,0.4072,0.2407
0.1700,0.3960,0.2328
0.2150,0.3848,0.2250
0.2050,0.3735,0.2174
0.1200,0.3623,0.2108
0.0300,0.3455,0.2052
-0.0300,0.3342,0.2001
-0.0550,0.3259,0.1957
-0.0650,0.3203,0.1918
-0.0650,0.3230,0.1881
-0.0650,0.3342,0.1847
-0.0550,0.3567,0.1818
-0.0450,0.3904,0.1801
-0.0100,0.4270,0.1793
-0.0300,0.4719,0.1791
-0.0600,0.5110,0.1796
-0.0750,0.5503,0.1793
-0.0750,0.5867,0.1788
-0.0550,0.6121,0.1788
-0.0500,0.6316,0.1793
-0.0500,0.6401,0.1791
-0.0400,0.6401,0.1786
-0.0400,0.6316,0.1786
-0.0400,0.6121,0.1791
-0.0500,0.5896,0.1788
-0.0500,0.5671,0.1784
-0.0500,0.5391,0.1784
0.0300,0.5110,0.1786
0.3650,0.4888,0.1774
-0.0500,0.4607,0.1749
-0.2150,0.4382,0.1725
-0.0700,0.4185,0.1700
-0.0350,0.3989,0.1681
-0.0300,0.3848,0.1659
-0.0300,0.3735,0.1649
-0.0250,0.3623,0.1649
-0.0200,0.3511,0.1664
-0.0200,0.3398,0.1693
-0.0150,0.3286,0.1722
-0.0050,0.3174,0.1747
0.0100,0.3091,0.1771
0.0200,0.3005,0.1796
0.0300,0.2949,0.1820
0.0550,0.2866,0.1842
0.0850,0.2810,0.1854
0.1300,0.2725,0.1857
0.1850,0.2642,0.1852
0.2100,0.2556,0.1842
0.1650,0.2473,0.1828
0.0700,0.2417,0.1813
0.0000,0.2361,0.1806
-0.0450,0.2361,0.1806
-0.0650,0.2388,0.1810
-0.0650,0.2500,0.1820
-0.0700,0.2698,0.1832
-0.0650,0.3005,0.1847
-0.0650,0.3372,0.1862
-0.0550,0.3821,0.1876
-0.0200,0.4326,0.1893
-0.0550,0.4832,0.1911
-0.0700,0.5249,0.1928
-0.0750,0.5671,0.1947
-0.0700,0.6035,0.1974
-0.0550,0.6184,0.2008
-0.0550,0.6313,0.2038
-0.0500,0.6340,0.2065
-0.0450,0.6313,0.2086
-0.0400,0.6211,0.2104
-0.0550,0.6030,0.2111
-0.0600,0.5823,0.2108
-0.0500,0.5618,0.2099
-0.0450,0.5386,0.2084
0.2400,0.5154,0.2065
0.2050,0.4946,0.2043
-0.2250,0.4741,0.2018
-0.1300,0.4561,0.1994
-0.0400,0.4380,0.1969
-0.0300,0.4250,0.1945
-0.0350,0.4121,0.1928
-0.0300,0.3992,0.1923
-0.0200,0.3889,0.1933
-0.0200,0.3813,0.1955
-0.0200,0.3733,0.1974
-0.0100,0.3630,0.1996
-0.0050,0.3579,0.2023
0.0100,0.3555,0.2057
0.0250,0.3477,0.2089
0.0400,0.3425,0.2111
0.0650,0.3374,0.2123
0.1050,0.3296,0.2123
0.1500,0.3218,0.2116
0.2000,0.3167,0.2101
0.2050,0.3064,0.2084
0.1150,0.3013,0.2065
0.0200,0.2908,0.2052
-0.0300,0.2856,0.2047
-0.0550,0.2832,0.2057
-0.0700,0.2856,0.2079
-0.0700,0.2961,0.2106
-0.0650,0.3115,0.2143
-0.0700,0.3374,0.2194
-0.0700,0.3760,0.2258
-0.0250,0.4172,0.2338
-0.0600,0.4636,0.2433
-0.0800,0.5103,0.2541
-0.0800,0.5515,0.2656
-0.0750,0.5901,0.2780
-0.0650,0.6211,0.2910
-0.0650,0.6443,0.3054
-0.0600,0.6572,0.3208
-0.0600,0.6650,0.3372
-0.0500,0.6624,0.3543
-0.0600,0.6545,0.3719
-0.0600,0.6392,0.3897
-0.0650,0.6184,0.4078
-0.0600,0.5979,0.4263
0.1050,0.5720,0.4449
0.3900,0.5488,0.4635
-0.1150,0.5256,0.4820
-0.1650,0.5051,0.5006
-0.0550,0.4895,0.5192
-0.0450,0.4741,0.5377
-0.0450,0.4612,0.5561
-0.0400,0.4507,0.5746
-0.0350,0.4404,0.5939
-0.0250,0.4302,0.6142
-0.0150,0.4250,0.6352
-0.0250,0.4148,0.6565
-0.0200,0.4094,0.6773
-0.0100,0.4019,0.6970
0.0000,0.3940,0.7154
0.0150,0.3889,0.7320
0.0400,0.3813,0.7466
0.0750,0.3733,0.7598
0.1200,0.3682,0.7718
0.1700,0.3606,0.7828
0.1950,0.3528,0.7928
0.1400,0.3477,0.8023
0.0500,0.3401,0.8114
-0.0150,0.3347,0.8199
-0.0500,0.3359,0.8282
-0.0650,0.3464,0.8366
-0.0650,0.3772,0.8444
-0.0650,0.4185,0.8522
-0.0550,0.4700,0.8600
-0.0500,0.5283,0.8676
0.0050,0.5771,0.8749
-0.0150,0.6262,0.8822
-0.0550,0.6702,0.8896
-0.0750,0.7061,0.8969
-0.0700,0.7346,0.9042
-0.0600,0.7578,0.9113
-0.0450,0.7705,0.9174
-0.0450,0.7732,0.9226
-0.0350,0.7705,0.9269
-0.0300,0.7603,0.9306
-0.0250,0.7476,0.9318
-0.0400,0.7292,0.9309
-0.0400,0.7114,0.9274
-0.0400,0.6907,0.9216
0.0300,0.6753,0.9133
0.4050,0.6545,0.9028
0.0350,0.6392,0.8908
-0.1950,0.6235,0.8774
-0.0800,0.6106,0.8620
-0.0300,0.6003,0.8451
-0.0350,0.5901,0.8268
-0.0300,0.5798,0.8077
-0.0250,0.5745,0.7882
-0.0300,0.5642,0.7681
-0.0250,0.5591,0.7488
-0.0150,0.5488,0.7300
-0.0150,0.5413,0.7119
-0.0050,0.5359,0.6941
0.0100,0.5281,0.6765
0.0250,0.5205,0.6592
0.0450,0.5127,0.6401
0.0750,0.5024,0.6191
0.1100,0.4973,0.5969
0.1700,0.4868,0.5739
0.2100,0.4766,0.5514
0.1750,0.4663,0.5297
0.0850,0.4587,0.5092
0.0050,0.4507,0.4899
-0.0400,0.4482,0.4713
-0.0650,0.4495,0.4535
-0.0700,0.4663,0.4373
-0.0700,0.4915,0.4224
-0.0700,0.5166,0.4075
-0.0700,0.5586,0.3926
-0.0650,0.6035,0.3787
-0.0050,0.6484,0.3657
-0.0600,0.6907,0.3533
-0.0750,0.7271,0.3413
-0.0750,0.7581,0.3301
-0.0750,0.7776,0.3191
-0.0600,0.7888,0.3093
-0.0600,0.7917,0.3005
-0.0550,0.7832,0.2917
-0.0600,0.7637,0.2824
-0.0450,0.7383,0.2731
-0.0550,0.7046,0.2639
-0.0600,0.6709,0.2546
-0.0550,0.6316,0.2453
-0.0400,0.5979,0.2365
0.2200,0.5642,0.2280
0.2050,0.5334,0.2204
-0.2350,0.5110,0.2140
-0.1350,0.4971,0.2074
-0.0400,0.4802,0.2006
-0.0350,0.4690,0.1937
-0.0300,0.4578,0.1869
-0.0350,0.4409,0.1813
-0.0300,0.4297,0.1766
-0.0250,0.4128,0.1735
-0.0200,0.4016,0.1718
-0.0100,0.3904,0.1698
0.0000,0.3821,0.1678
0.0100,0.3765,0.1661
0.0250,0.3765,0.1642
0.0500,0.3735,0.1615
0.0800,0.3679,0.1581
0.1150,0.3623,0.1549
0.1650,0.3484,0.1522
0.2100,0.3315,0.1510
0.1950,0.3147,0.1507
0.1100,0.2979,0.1512
0.0200,0.2810,0.1525
-0.0350,0.2725,0.1551
-0.0550,0.2725,0.1588
-0.0650,0.2810,0.1622
-0.0700,0.3035,0.1654
-0.0700,0.3372,0.1674
-0.0700,0.3765,0.1686
-0.0650,0.4214,0.1710
-0.0300,0.4690,0.1744
-0.0450,0.5083,0.1786
-0.0750,0.5417,0.1832
-0.0850,0.5728,0.1874
-0.0750,0.5952,0.1908
-0.0700,0.6091,0.1937
-0.0650,0.6121,0.1964
-0.0600,0.6035,0.1977
-0.0550,0.5896,0.1979
-0.0550,0.5728,0.1974
-0.0550,0.5447,0.1964
-0.0650,0.5193,0.1950
-0.0600,0.4973,0.1930
-0.0600,0.4731,0.1898
0.0350,0.4517,0.1859
0.3550,0.4329,0.1832
-0.0850,0.4167,0.1818
-0.2200,0.4009,0.1803
-0.0750,0.3901,0.1784
-0.0300,0.3794,0.1764
-0.0250,0.3687,0.1747
-0.0250,0.3606,0.1740
-0.0300,0.3525,0.1737
-0.0250,0.3445,0.1742
-0.0200,0.3391,0.1754
-0.0200,0.3311,0.1788
-0.0050,0.3257,0.1837
0.0050,0.3232,0.1884
0.0150,0.3179,0.1920
0.0250,0.3125,0.1942
0.0550,0.3071,0.1950
0.0800,0.3018,0.1952
0.1200,0.2964,0.1945
0.1750,0.2883,0.1933
0.2050,0.2856,0.1915
0.1550,0.2803,0.1886
0.0650,0.2803,0.1849
-0.0100,0.2803,0.1825
-0.0500,0.2883,0.1813
-0.0700,0.3018,0.1808
-0.0650,0.3230,0.1810
-0.0700,0.3552,0.1818
-0.0700,0.3928,0.1830
-0.0600,0.4382,0.1852
-0.0550,0.4839,0.1884
-0.0200,0.5266,0.1923
-0.0600,0.5669,0.1967
-0.0700,0.5989,0.2016
-0.0700,0.6230,0.2065
-0.0650,0.6418,0.2118
-0.0550,0.6499,0.2170
-0.0500,0.6499,0.2211
-0.0450,0.6499,0.2243
-0.0500,0.6418,0.2270
-0.0450,0.6257,0.2289
-0.0550,0.6069,0.2306
-0.0600,0.5857,0.2319
-0.0550,0.5588,0.2321
-0.0400,0.5374,0.2314
0.2550,0.5132,0.2309
0.1750,0.4946,0.2304
-0.2300,0.4758,0.2294
-0.1200,0.4570,0.2277
-0.0350,0.4436,0.2255
-0.0350,0.4329,0.2231
-0.0300,0.4221,0.2201
-0.0250,0.4116,0.2174
-0.0200,0.4009,0.2165
-0.0200,0.3955,0.2172
-0.0100,0.3875,0.2189
-0.0050,0.3794,0.2216
0.0000,0.3740,0.2250
0.0100,0.3687,0.2287
0.0250,0.3606,0.2316
0.0350,0.3552,0.2343
0.0650,0.3472,0.2382
0.1000,0.3418,0.2433
0.1450,0.3337,0.2495
0.1950,0.3257,0.2568
0.1800,0.3152,0.2656
0.1000,0.3098,0.2758
0.0200,0.3018,0.2881
-0.0350,0.3018,0.3022
-0.0550,0.3044,0.3188
-0.0600,0.3152,0.3374
-0.0650,0.3364,0.3594
-0.0700,0.3713,0.3841
-0.0650,0.4087,0.4097
-0.0650,0.4517,0.4361
-0.0050,0.4971,0.4620
-0.0500,0.5374,0.4874
-0.0700,0.5750,0.5136
-0.0750,0.6096,0.5397
-0.0750,0.6392,0.5632
-0.0600,0.6580,0.5844
-0.0550,0.6687,0.6047
-0.0500,0.6714,0.6245
-0.0500,0.6660,0.6426
-0.0400,0.6553,0.6594
-0.0500,0.6392,0.6753
-0.0500,0.6230,0.6907
-0.0450,0.6016,0.7054
-0.0500,0.5803,0.7198
0.1450,0.5588,0.7337
0.4050,0.5374,0.7471
-0.1200,0.5212,0.7593
-0.1450,0.5051,0.7706
-0.0500,0.4973,0.7821
-0.0350,0.4866,0.7938
-0.0350,0.4758,0.8045
-0.0350,0.4705,0.8146
-0.0300,0.4624,0.8238
-0.0250,0.4570,0.8329
-0.0200,0.4517,0.8414
-0.0150,0.4463,0.8497
0.0000,0.4409,0.8578
0.0050,0.4382,0.8654
0.0100,0.4355,0.8720
0.0250,0.4302,0.8774
0.0450,0.4275,0.8813
0.0800,0.4248,0.8837
0.1250,0.4194,0.8859
0.1800,0.4143,0.8883
0.2000,0.4089,0.8905
0.1400,0.4036,0.8930
0.0450,0.4036,0.8952
-0.0200,0.4036,0.8974
-0.0500,0.4116,0.8996
-0.0550,0.4248,0.9015
-0.0600,0.4517,0.9015
-0.0600,0.4893,0.8998
-0.0550,0.5266,0.8967
-0.0500,0.5723,0.8925
-0.0050,0.6230,0.8876
-0.0200,0.6714,0.8820
-0.0550,0.7141,0.8749
-0.0750,0.7664,0.8666
-0.0600,0.8000,0.8576
-0.0500,0.8254,0.8473
-0.0450,0.8394,0.8346
-0.0450,0.8479,0.8197
-0.0350,0.8450,0.8031
-0.0400,0.8367,0.7852
-0.0400,0.8225,0.7655
-0.0450,0.8030,0.7444
-0.0400,0.7805,0.7242
-0.0300,0.7524,0.7046
0.0650,0.7244,0.6848
0.3900,0.6963,0.6648
-0.0600,0.6709,0.6455
-0.2000,0.6458,0.6267
-0.0700,0.6233,0.6074
-0.0300,0.6064,0.5878
-0.0300,0.5923,0.5690
-0.0250,0.5754,0.5509
-0.0200,0.5642,0.5324
-0.0200,0.5530,0.5136
-0.0100,0.5417,0.4965
-0.0050,0.5305,0.4806
-0.0050,0.5193,0.4649
0.0100,0.5081,0.4493
0.0200,0.5027,0.4337
0.0350,0.5000,0.4180
0.0550,0.4915,0.4014
0.0900,0.4832,0.3841
0.1350,0.4746,0.3672
0.1900,0.4634,0.3508
0.2150,0.4521,0.3359
0.1650,0.4409,0.3220
0.0650,0.4326,0.3091
-0.0050,0.4270,0.2971
-0.0500,0.4270,0.2866
-0.0650,0.4353,0.2773
-0.0700,0.4495,0.2705
-0.0700,0.4775,0.2648
-0.0700,0.5083,0.2597
-0.0600,0.5447,0.2548
-0.0500,0.5896,0.2512
0.0000,0.6316,0.2485
-0.0550,0.6709,0.2475
-0.0750,0.7019,0.2477
-0.0750,0.7271,0.2480
-0.0700,0.7439,0.2480
-0.0550,0.7468,0.2473
-0.0600,0.7439,0.2455
-0.0550,0.7327,0.2431
-0.0550,0.7131,0.2399
-0.0450,0.6907,0.2358
-0.0600,0.6597,0.2306
-0.0600,0.6260,0.2248
-0.0500,0.5979,0.2182
-0.0400,0.5642,0.2104
0.2200,0.5361,0.2018
0.2150,0.5110,0.1945
-0.2300,0.4971,0.1881
-0.1400,0.4802,0.1818
-0.0350,0.4634,0.1757
-0.0350,0.4521,0.1713
-0.0300,0.4409,0.1688
-0.0250,0.4297,0.1676
-0.0200,0.4185,0.1674
-0.0150,0.4102,0.1676
-0.0100,0.4016,0.1686
0.0000,0.3933,0.1698
0.0100,0.3848,0.1713
0.0100,0.3765,0.1730
0.0200,0.3679,0.1747
0.0400,0.3567,0.1754
0.0700,0.3484,0.1757
0.1100,0.3398,0.1754
0.1600,0.3286,0.1742
0.2100,0.3174,0.1720
0.2000,0.3062,0.1691
0.1150,0.2949,0.1671
0.0250,0.2866,0.1661
-0.0300,0.2866,0.1652
-0.0550,0.2893,0.1642
-0.0700,0.3062,0.1639
-0.0700,0.3315,0.1644
-0.0700,0.3652,0.1654
-0.0700,0.4045,0.1669
-0.0700,0.4495,0.1696
-0.0250,0.4915,0.1735
-0.0450,0.5278,0.1788
-0.0700,0.5642,0.1852
-0.0700,0.5896,0.1908
-0.0700,0.6091,0.1957
-0.0650,0.6177,0.2006
-0.0550,0.6177,0.2055
-0.0550,0.6091,0.2096
-0.0500,0.6064,0.2130
-0.0500,0.5923,0.2157
-0.0500,0.5728,0.2179
-0.0600,0.5503,0.2189
-0.0600,0.5249,0.2187
-0.0500,0.5027,0.2167
0.0500,0.4832,0.2133
0.3550,0.4607,0.2099
-0.1050,0.4438,0.2065
-0.2100,0.4270,0.2033
-0.0750,0.4128,0.2001
-0.0400,0.4016,0.1981
-0.0350,0.3904,0.1969
-0.0350,0.3821,0.1967
-0.0300,0.3735,0.1969
-0.0250,0.3679,0.1984
-0.0200,0.3596,0.2011
-0.0150,0.3511,0.2045
0.0000,0.3455,0.2084
0.0050,0.3398,0.2116
0.0150,0.3342,0.2143
0.0350,0.3286,0.2165
0.0600,0.3203,0.2182
0.0850,0.3147,0.2189
0.1300,0.3091,0.2187
0.1750,0.3005,0.2174
0.2050,0.2922,0.2157
0.1500,0.2837,0.2138
0.0650,0.2754,0.2116
-0.0100,0.2781,0.2099
-0.0500,0.2837,0.2091
-0.0650,0.2979,0.2089
-0.0700,0.3203,0.2089
-0.0750,0.3511,0.2094
-0.0700,0.3904,0.2101
-0.0650,0.4382,0.2118
-0.0550,0.4832,0.2145
-0.0250,0.5278,0.2179
-0.0650,0.5698,0.2218
-0.0800,0.6091,0.2260
-0.0800,0.6372,0.2301
-0.0700,0.6570,0.2336
-0.0600,0.6682,0.2365
-0.0650,0.6682,0.2394
-0.0500,0.6653,0.2429
-0.0450,0.6514,0.2455
-0.0450,0.6345,0.2473
-0.0600,0.6121,0.2477
-0.0550,0.5867,0.2470
-0.0550,0.5615,0.2453
-0.0300,0.5391,0.2433
0.2800,0.5110,0.2416
0.1550,0.4971,0.2404
-0.2250,0.4775,0.2407
-0.1150,0.4634,0.2421
-0.0450,0.4465,0.2453
-0.0450,0.4353,0.2504
-0.0350,0.4297,0.2585
-0.0350,0.4185,0.2692
-0.0350,0.4128,0.2807
-0.0200,0.4045,0.2934
-0.0150,0.3960,0.3086
-0.0150,0.3904,0.3259
-0.0050,0.3821,0.3447
0.0050,0.3765,0.3648
0.0150,0.3679,0.3848
0.0350,0.3623,0.4043
0.0650,0.3540,0.4239
0.0950,0.3484,0.4432
0.1400,0.3398,0.4623
0.1850,0.3315,0.4816
0.1800,0.3230,0.5018
0.1000,0.3174,0.5226
0.0150,0.3147,0.5439
-0.0350,0.3147,0.5658
-0.0600,0.3230,0.5881
-0.0650,0.3428,0.6103
-0.0650,0.3735,0.6316
-0.0650,0.4102,0.6523
-0.0550,0.4551,0.6733
-0.0550,0.4971,0.6946
0.0050,0.5417,0.7141
-0.0550,0.5867,0.7320
-0.0700,0.6260,0.7486
-0.0800,0.6597,0.7642
-0.0700,0.6851,0.7779
-0.0550,0.7046,0.7904
-0.0550,0.7131,0.8014
-0.0500,0.7131,0.8119
-0.0450,0.7046,0.8226
-0.0350,0.6934,0.8336
-0.0450,0.6794,0.8427
-0.0400,0.6626,0.8502
-0.0350,0.6458,0.8576
-0.0350,0.6260,0.8649
0.1800,0.6091,0.8710
0.4050,0.5923,0.8766
-0.1300,0.5811,0.8813
-0.1250,0.5671,0.8857
-0.0450,0.5586,0.8903
-0.0350,0.5474,0.8957
-0.0350,0.5391,0.9003
-0.0350,0.5334,0.9045
-0.0300,0.5278,0.9079
-0.0200,0.5222,0.9113
-0.0150,0.5193,0.9142
-0.0100,0.5137,0.9167
-0.0100,0.5081,0.9172
0.0050,0.5027,0.9157
0.0150,0.5000,0.9118
0.0250,0.4971,0.9054
0.0500,0.4915,0.8969
0.0900,0.4858,0.8861
0.1350,0.4802,0.8739
0.1900,0.4746,0.8605
0.2100,0.4690,0.8461
0.1400,0.4663,0.8312
0.0400,0.4663,0.8158
-0.0250,0.4690,0.7999
-0.0550,0.4832,0.7828
-0.0650,0.4998,0.7647
-0.0700,0.5305,0.7469
-0.0650,0.5728,0.7293
-0.0600,0.6177,0.7110
-0.0650,0.6653,0.6919
-0.0150,0.7131,0.6733
-0.0350,0.7581,0.6553
-0.0650,0.7974,0.6365
-0.0800,0.8281,0.6172
-0.0650,0.8535,0.5974
-0.0600,0.8674,0.5776
-0.0550,0.8730,0.5585
-0.0500,0.8674,0.5402
-0.0450,0.8506,0.5224
-0.0450,0.8281,0.5050
-0.0400,0.8000,0.4882
-0.0500,0.7720,0.4715
-0.0450,0.7383,0.4554
-0.0450,0.7102,0.4390
0.0550,0.6794,0.4219
0.3650,0.6514,0.4043
-0.0900,0.6260,0.3870
-0.2100,0.6035,0.3701
-0.0750,0.5840,0.3548
-0.0350,0.5671,0.3408
-0.0350,0.5503,0.3289
-0.0300,0.5361,0.3186
-0.0300,0.5193,0.3096
-0.0250,0.5081,0.3015
-0.0200,0.5000,0.2939
-0.0100,0.4915,0.2873
-0.0050,0.4802,0.2819
0.0000,0.4746,0.2778
0.0100,0.4634,0.2734
0.0300,0.4521,0.2688
0.0550,0.4465,0.2619
0.0950,0.4353,0.2534
0.1450,0.4241,0.2446
0.2000,0.4128,0.2360
0.2250,0.4016,0.2277
0.1650,0.3989,0.2194
0.0650,0.3904,0.2111
-0.0150,0.3821,0.2033
-0.0450,0.3765,0.1967
-0.0700,0.3848,0.1911
-0.0700,0.3960,0.1862
-0.0700,0.4185,0.1820
-0.0700,0.4521,0.1793
-0.0650,0.4858,0.1781
-0.0550,0.5222,0.1786
-0.0100,0.5615,0.1806
-0.0600,0.5979,0.1825
-0.0750,0.6316,0.1845
-0.0750,0.6570,0.1864
-0.0700,0.6709,0.1884
-0.0600,0.6794,0.1903
-0.0600,0.6738,0.1923
-0.0500,0.6653,0.1942
-0.0450,0.6597,0.1957
-0.0350,0.6428,0.1974
-0.0450,0.6233,0.1986
-0.0500,0.5952,0.1981
-0.0450,0.5698,0.1959
-0.0450,0.5417,0.1925
0.2100,0.5166,0.1884
0.2250,0.4971,0.1845
-0.2250,0.4775,0.1810
-0.1350,0.4551,0.1781
-0.0400,0.4382,0.1752
-0.0350,0.4241,0.1725
-0.0300,0.4128,0.1700
-0.0250,0.4016,0.1688
-0.0250,0.3904,0.1686
-0.0200,0.3792,0.1700
-0.0150,0.3679,0.1727
-0.0100,0.3623,0.1764
-0.0050,0.3511,0.1808
0.0050,0.3455,0.1857
0.0250,0.3372,0.1908
0.0450,0.3315,0.1942
0.0750,0.3230,0.1959
0.1100,0.3174,0.1967
0.1650,0.3091,0.1964
0.2200,0.3005,0.1955
0.2050,0.2893,0.1942
0.1300,0.2810,0.1935
0.0350,0.2725,0.1935
-0.0250,0.2668,0.1940
-0.0550,0.2642,0.1947
-0.0700,0.2725,0.1957
-0.0700,0.2866,0.1969
-0.0700,0.3118,0.1991
-0.0700,0.3511,0.2021
-0.0650,0.3933,0.2050
-0.0250,0.4382,0.2074
-0.0450,0.4888,0.2106
-0.0700,0.5212,0.2143
-0.0800,0.5562,0.2184
-0.0750,0.5830,0.2228
-0.0650,0.6016,0.2262
-0.0600,0.6123,0.2289
-0.0600,0.6123,0.2311
-0.0550,0.6096,0.2328
-0.0500,0.5962,0.2333
-0.0550,0.5803,0.2326
-0.0650,0.5615,0.2311
-0.0600,0.5427,0.2292
-0.0600,0.5159,0.2267
0.0550,0.4973,0.2238
0.3650,0.4785,0.2199
-0.0950,0.4624,0.2150
-0.1950,0.4436,0.2106
-0.0600,0.4275,0.2065
-0.0300,0.4167,0.2025
-0.0250,0.4062,0.1991
-0.0250,0.3955,0.1979
-0.0250,0.3901,0.1984
-0.0200,0.3794,0.2003
-0.0150,0.3740,0.2033
-0.0100,0.3687,0.2069
-0.0100,0.3606,0.2108
0.0000,0.3552,0.2152
0.0100,0.3499,0.2194
0.0250,0.3445,0.2221
0.0500,0.3391,0.2231
0.0850,0.3337,0.2228
0.1250,0.3284,0.2216
0.1750,0.3206,0.2189
0.2050,0.3152,0.2155
0.1550,0.3044,0.2128
0.0600,0.2991,0.2111
-0.0100,0.2964,0.2111
-0.0500,0.2991,0.2123
-0.0650,0.3098,0.2138
-0.0650,0.3284,0.2152
-0.0700,0.3579,0.2174
-0.0650,0.3928,0.2204
-0.0650,0.4355,0.2238
-0.0400,0.4812,0.2277
-0.0200,0.5212,0.2319
-0.0550,0.5642,0.2365
-0.0650,0.6016,0.2433
-0.0600,0.6311,0.2519
-0.0550,0.6553,0.2619
-0.0500,0.6687,0.2731
-0.0500,0.6714,0.2861
-0.0450,0.6687,0.3005
-0.0550,0.6580,0.3161
-0.0450,0.6418,0.3325
-0.0500,0.6230,0.3484
-0.0550,0.6016,0.3640
-0.0500,0.5776,0.3804
-0.0300,0.5535,0.3975
0.3050,0.5320,0.4149
0.1650,0.5132,0.4327
-0.2100,0.4973,0.4508
-0.1050,0.4866,0.4691
-0.0400,0.4731,0.4884
-0.0450,0.4624,0.5087
-0.0400,0.4543,0.5299
-0.0350,0.4436,0.5514
-0.0250,0.4382,0.5722
-0.0200,0.4302,0.5927
-0.0200,0.4248,0.6135
-0.0150,0.4194,0.6350
-0.0100,0.4143,0.6567
0.0050,0.4089,0.6785
0.0250,0.4036,0.6985
0.0400,0.3982,0.7166
0.0650,0.3928,0.7322
0.1050,0.3848,0.7462
0.1500,0.3794,0.7598
0.1950,0.3740,0.7730
0.1850,0.3687,0.7862
0.1000,0.3633,0.7992
0.0150,0.3606,0.8107
-0.0350,0.3633,0.8214
-0.0600,0.3740,0.8324
-0.0650,0.3955,0.8436
-0.0700,0.4221,0.8541
-0.0700,0.4624,0.8639
-0.0650,0.5051,0.8742
-0.0500,0.5508,0.8849
0.0250,0.6016,0.8949
-0.0500,0.6499,0.9042
-0.0700,0.6926,0.9130
-0.0800,0.7329,0.9213
-0.0650,0.7625,0.9291
-0.0500,0.7837,0.9367
-0.0500,0.7971,0.9421
-0.0450,0.7998,0.9458
-0.0400,0.7971,0.9487
-0.0300,0.7864,0.9514
-0.0350,0.7729,0.9531
-0.0300,0.7571,0.9533
-0.0300,0.7356,0.9519
-0.0300,0.7195,0.9489
0.2100,0.6980,0.9438
0.3550,0.6819,0.9370
-0.1750,0.6633,0.9289
-0.1350,0.6445,0.9196
-0.0450,0.6311,0.9096
-0.0400,0.6150,0.8991
-0.0300,0.6042,0.8881
-0.0250,0.5935,0.8766
-0.0250,0.5830,0.8642
-0.0250,0.5723,0.8505
-0.0200,0.5642,0.8361
-0.0150,0.5562,0.8207
-0.0050,0.5508,0.8041
0.0050,0.5454,0.7862
0.0150,0.5374,0.7674
0.0300,0.5293,0.7479
0.0650,0.5212,0.7269
0.0950,0.5132,0.7046
0.1500,0.5024,0.6814
0.2000,0.4973,0.6575
0.2000,0.4893,0.6343
0.1250,0.4812,0.6115
0.0350,0.4731,0.5903
-0.0300,0.4702,0.5702
-0.0600,0.4790,0.5512
-0.0750,0.4939,0.5329
-0.0800,0.5146,0.5153
-0.0750,0.5535,0.4982
-0.0700,0.5950,0.4825
-0.0700,0.6458,0.4681
-0.0200,0.6963,0.4544
-0.0450,0.7439,0.4415
-0.0700,0.7825,0.4293
-0.0850,0.8181,0.4173
-0.0750,0.8450,0.4068
-0.0700,0.8569,0.3975
-0.0650,0.8569,0.3882
-0.0600,0.8481,0.3787
-0.0550,0.8271,0.3701
-0.0450,0.8003,0.3621
-0.0550,0.7676,0.3535
-0.0550,0.7319,0.3447
-0.0500,0.6931,0.3357
-0.0500,0.6575,0.3264
0.0500,0.6248,0.3169
0.3650,0.5920,0.3071
-0.0900,0.5652,0.2973
-0.2050,0.5354,0.2876
-0.0700,0.5146,0.2778
-0.0450,0.5000,0.2683
-0.0400,0.4849,0.2597
-0.0350,0.4700,0.2521
-0.0300,0.4553,0.2443
-0.0200,0.4463,0.2367
-0.0100,0.4373,0.2309
-0.0100,0.4255,0.2267
-0.0050,0.4165,0.2238
0.0000,0.4077,0.2218
0.0150,0.3958,0.2206
0.0350,0.3867,0.2196
0.0600,0.3779,0.2172
0.0950,0.3660,0.2135
0.1400,0.3540,0.2089
0.2000,0.3420,0.2035
0.2200,0.3303,0.1989
0.1650,0.3184,0.1947
0.0650,0.3064,0.1920
-0.0100,0.3035,0.1903
-0.0450,0.3035,0.1896
-0.0600,0.3152,0.1896
-0.0650,0.3333,0.1901
-0.0600,0.3660,0.1908
-0.0600,0.4045,0.1918
-0.0600,0.4463,0.1928
-0.0550,0.4910,0.1942
-0.0200,0.5295,0.1957
-0.0650,0.5681,0.1972
-0.0800,0.6011,0.1986
-0.0750,0.6248,0.2001
-0.0700,0.6396,0.2016
-0.0650,0.6428,0.2030
-0.0650,0.6396,0.2043
-0.0600,0.6309,0.2045
-0.0600,0.6248,0.2040
-0.0550,0.6069,0.2028
-0.0650,0.5784,0.2013
-0.0650,0.5530,0.2006
-0.0600,0.5278,0.2001
-0.0500,0.5054,0.1981
0.2150,0.4832,0.1952
0.2100,0.4607,0.1930
-0.2300,0.4409,0.1918
-0.1350,0.4241,0.1903
-0.0400,0.4072,0.1886
-0.0350,0.3960,0.1867
-0.0350,0.3848,0.1847
-0.0300,0.3792,0.1835
-0.0250,0.3679,0.1832
-0.0300,0.3623,0.1847
-0.0250,0.3540,0.1874
-0.0200,0.3484,0.1908
-0.0100,0.3428,0.1947
-0.0050,0.3342,0.1981
0.0050,0.3286,0.2011
0.0250,0.3230,0.2028
0.0500,0.3174,0.2030
0.0950,0.3118,0.2016
0.1500,0.3035,0.1989
0.1950,0.2949,0.1959
0.1900,0.2866,0.1933
0.1050,0.2781,0.1915
0.0150,0.2725,0.1908
-0.0400,0.2698,0.1915
-0.0650,0.2781,0.1935
-0.0700,0.2979,0.1955
-0.0750,0.3230,0.1977
-0.0800,0.3596,0.2006
-0.0750,0.4045,0.2043
-0.0750,0.4495,0.2084
-0.0250,0.4971,0.2128
-0.0450,0.5391,0.2174
-0.0650,0.5811,0.2221
-0.0750,0.6147,0.2258
-0.0750,0.6401,0.2289
-0.0700,0.6597,0.2311
-0.0700,0.6653,0.2331
-0.0700,0.6626,0.2345
-0.0650,0.6541,0.2358
-0.0600,0.6372,0.2358
-0.0650,0.6177,0.2348
-0.0700,0.5952,0.2331
-0.0650,0.5698,0.2309
-0.0700,0.5447,0.2282
0.0600,0.5222,0.2253
0.3550,0.5027,0.2223
-0.1350,0.4832,0.2192
-0.2100,0.4663,0.2160
-0.0750,0.4521,0.2128
-0.0500,0.4409,0.2106
-0.0500,0.4297,0.2094
-0.0450,0.4185,0.2099
-0.0400,0.4128,0.2118
-0.0350,0.4045,0.2155
-0.0250,0.3989,0.2206
-0.0150,0.3904,0.2258
-0.0100,0.3848,0.2309
0.0000,0.3792,0.2358
0.0050,0.3735,0.2404
0.0200,0.3652,0.2441
0.0500,0.3596,0.2470
0.0750,0.3511,0.2492
0.1150,0.3455,0.2509
0.1650,0.3342,0.2521
0.1950,0.3259,0.2536
0.1400,0.3174,0.2578
0.0450,0.3091,0.2641
-0.0250,0.3062,0.2724
-0.0600,0.3091,0.2824
-0.0800,0.3203,0.2946
-0.0800,0.3398,0.3086
-0.0750,0.3679,0.3247
-0.0750,0.4072,0.3430
-0.0700,0.4521,0.3635
-0.0350,0.4971,0.3863
-0.0350,0.5391,0.4105
-0.0650,0.5840,0.4356
-0.0850,0.6260,0.4618
-0.0800,0.6570,0.4882
-0.0700,0.6794,0.5140
-0.0500,0.6934,0.5392
-0.0500,0.6963,0.5639
-0.0450,0.6907,0.5881
-0.0450,0.6821,0.6110
-0.0400,0.6626,0.6328
-0.0550,0.6458,0.6526
-0.0550,0.6233,0.6709
-0.0550,0.6008,0.6890
-0.0100,0.5784,0.7066
0.3650,0.5559,0.7222
0.1250,0.5391,0.7361
-0.1900,0.5193,0.7498
-0.0850,0.5081,0.7628
-0.0400,0.4971,0.7747
-0.0400,0.4858,0.7857
-0.0400,0.4802,0.7957
-0.0350,0.4690,0.8055
-0.0300,0.4634,0.8158
-0.0250,0.4551,0.8265
-0.0200,0.4495,0.8378
-0.0100,0.4438,0.8490
-0.0050,0.4382,0.8595
0.0000,0.4326,0.8690
0.0150,0.4270,0.8781
0.0350,0.4214,0.8864
0.0650,0.4185,0.8925
0.1100,0.4128,0.8967
0.1600,0.4072,0.9001
0.2050,0.4016,0.9035
0.1800,0.3960,0.9064
0.0900,0.3933,0.9094
0.0050,0.3960,0.9118
-0.0500,0.4072,0.9142
-0.0650,0.4214,0.9167
-0.0700,0.4521,0.9194
-0.0700,0.4888,0.9230
-0.0700,0.5305,0.9272
-0.0700,0.5867,0.9299
-0.0600,0.6428,0.9309
-0.0050,0.6934,0.9291
-0.0600,0.7468,0.9247
-0.0800,0.7888,0.9184
-0.0800,0.8225,0.9108
-0.0650,0.8535,0.9020
-0.0550,0.8674,0.8925
-0.0650,0.8760,0.8822
-0.0550,0.8760,0.8712
-0.0550,0.8674,0.8578
-0.0500,0.8591,0.8424
-0.0450,0.8367,0.8256
-0.0450,0.8142,0.8072
-0.0350,0.7888,0.7884
-0.0300,0.7607,0.7686
0.2500,0.7327,0.7474
0.2250,0.7046,0.7251
-0.2250,0.6794,0.7029
-0.1300,0.6514,0.6812
-0.0450,0.6289,0.6604
-0.0400,0.6121,0.6406
-0.0400,0.5923,0.6206
-0.0300,0.5784,0.6008
-0.0250,0.5642,0.5827
-0.0250,0.5530,0.5658
-0.0200,0.5417,0.5497
-0.0150,0.5305,0.5336
-0.0100,0.5193,0.5187
0.0050,0.5081,0.5045
0.0200,0.5000,0.4901
0.0350,0.4971,0.4754
0.0700,0.4858,0.4608
0.1050,0.4802,0.4456
0.1600,0.4690,0.4305
0.2100,0.4578,0.4153
0.2000,0.4465,0.4002
0.1150,0.4353,0.3850
0.0300,0.4270,0.3711
-0.0250,0.4214,0.3579
-0.0550,0.4214,0.3455
-0.0650,0.4297,0.3335
-0.0650,0.4495,0.3220
-0.0650,0.4802,0.3110
-0.0700,0.5137,0.3015
-0.0650,0.5559,0.2929
-0.0150,0.6035,0.2851
-0.0450,0.6484,0.2780
-0.0750,0.6877,0.2724
-0.0800,0.7214,0.2680
-0.0800,0.7468,0.2624
-0.0650,0.7607,0.2560
-0.0650,0.7693,0.2502
-0.0600,0.7637,0.2446
-0.0550,0.7524,0.2394
-0.0500,0.7327,0.2345
-0.0550,0.7046,0.2301
-0.0600,0.6709,0.2258
-0.0600,0.6372,0.2218
-0.0550,0.6064,0.2177
0.0550,0.5754,0.2130
0.3650,0.5447,0.2077
-0.1050,0.5166,0.2028
-0.2050,0.4971,0.1984
-0.0650,0.4802,0.1945
-0.0300,0.4634,0.1908
-0.0250,0.4521,0.1874
-0.0200,0.4353,0.1845
-0.0250,0.4241,0.1828
-0.0200,0.4128,0.1820
-0.0100,0.4016,0.1818
-0.0100,0.3933,0.1823
0.0000,0.3848,0.1840
0.0050,0.3735,0.1867
0.0150,0.3652,0.1884
0.0300,0.3567,0.1891
0.0550,0.3455,0.1889
0.0950,0.3342,0.1881
0.1450,0.3230,0.1859
0.1950,0.3118,0.1825
0.2150,0.3005,0.1793
0.1600,0.2893,0.1764
0.0650,0.2781,0.1737
-0.0050,0.2725,0.1713
-0.0450,0.2698,0.1700
-0.0550,0.2781,0.1698
-0.0650,0.2922,0.1700
-0.0600,0.3203,0.1710
-0.0600,0.3567,0.1732
-0.0600,0.3989,0.1764
-0.0450,0.4438,0.1806
-0.0050,0.4888,0.1852
-0.0450,0.5249,0.1903
-0.0650,0.5586,0.1957
-0.0550,0.5896,0.2011
-0.0600,0.6091,0.2065
-0.0550,0.6177,0.2108
-0.0550,0.6147,0.2145
-0.0500,0.6064,0.2174
-0.0500,0.6008,0.2196
-0.0400,0.5840,0.2206
-0.0500,0.5615,0.2204
-0.0550,0.5361,0.2194
-0.0550,0.5110,0.2177
-0.0350,0.4888,0.2157
0.2500,0.4663,0.2133
0.1900,0.4438,0.2108
-0.2200,0.4241,0.2082
-0.1200,0.4072,0.2065
-0.0300,0.3933,0.2055
-0.0300,0.3848,0.2050
-0.0250,0.3735,0.2050
-0.0250,0.3679,0.2055
-0.0150,0.3623,0.2062
-0.0100,0.3596,0.2079
-0.0100,0.3540,0.2106
-0.0050,0.3484,0.2140
0.0100,0.3455,0.2179
0.0250,0.3398,0.2211
0.0350,0.3342,0.2236
0.0550,0.3259,0.2245
0.0800,0.3174,0.2243
0.1200,0.3062,0.2236
0.1700,0.2979,0.2218
0.2050,0.2893,0.2187
0.1950,0.2781,0.2148
0.1150,0.2668,0.2116
0.0250,0.2642,0.2096
-0.0350,0.2642,0.2084
-0.0550,0.2668,0.2079
-0.0650,0.2810,0.2079
-0.0650,0.3062,0.2082
-0.0650,0.3398,0.2086
-0.0550,0.3821,0.2096
-0.0500,0.4326,0.2126
-0.0050,0.4832,0.2172
-0.0350,0.5278,0.2233
-0.0550,0.5728,0.2301
-0.0600,0.6091,0.2365
-0.0550,0.6401,0.2424
-0.0450,0.6597,0.2480
-0.0450,0.6709,0.2534
-0.0400,0.6738,0.2575
-0.0400,0.6653,0.2604
-0.0300,0.6514,0.2619
-0.0300,0.6289,0.2617
-0.0400,0.6064,0.2604
-0.0350,0.5840,0.2585
-0.0350,0.5559,0.2568
0.1100,0.5334,0.2553
0.3750,0.5054,0.2531
-0.1300,0.4888,0.2504
-0.1750,0.4690,0.2495
-0.0500,0.4521,0.2499
-0.0250,0.4353,0.2524
-0.0250,0.4241,0.2568
-0.0200,0.4128,0.2636
-0.0200,0.4016,0.2724
-0.0200,0.3960,0.2834
-0.0100,0.3877,0.2966
-0.0100,0.3792,0.3122
-0.0050,0.3735,0.3301
0.0050,0.3679,0.3504
0.0100,0.3623,0.3726
0.0300,0.3540,0.3953
0.0450,0.3455,0.4180
0.0750,0.3398,0.4390
0.1250,0.3286,0.4586
0.1800,0.3203,0.4789
0.2000,0.3118,0.4999
0.1550,0.3005,0.5202
0.0650,0.2949,0.5402
-0.0050,0.2922,0.5610
-0.0400,0.2922,0.5820
-0.0600,0.3035,0.6027
-0.0600,0.3286,0.6228
-0.0600,0.3623,0.6435
-0.0550,0.4045,0.6645
-0.0450,0.4495,0.6851
0.0050,0.4971,0.7049
-0.0200,0.5447,0.7242
-0.0400,0.5867,0.7430
-0.0600,0.6260,0.7603
-0.0500,0.6570,0.7767
-0.0400,0.6794,0.7921
-0.0300,0.6934,0.8070
-0.0300,0.6963,0.8212
-0.0200,0.6963,0.8346
-0.0200,0.6877,0.8468
-0.0200,0.6738,0.8581
-0.0300,0.6570,0.8693
-0.0300,0.6372,0.8808
-0.0250,0.6177,0.8901
0.0300,0.5979,0.8981
0.4350,0.5811,0.9054
0.1000,0.5642,0.9128
-0.1550,0.5530,0.9189
-0.0600,0.5417,0.9240
-0.0200,0.5305,0.9287
-0.0250,0.5222,0.9326
-0.0200,0.5166,0.9360
-0.0200,0.5081,0.9392
-0.0150,0.5027,0.9421
-0.0150,0.5000,0.9450
-0.0100,0.4915,0.9487
0.0000,0.4832,0.9531
0.0000,0.4775,0.9570
0.0100,0.4775,0.9602
0.0250,0.4719,0.9612
0.0400,0.4690,0.9597
0.0750,0.4634,0.9548
0.1150,0.4551,0.9467
0.1700,0.4495,0.9365
0.2100,0.4438,0.9245
0.1800,0.4409,0.9116
0.0850,0.4382,0.8974
0.0000,0.4382,0.8825
-0.0400,0.4326,0.8673
-0.0600,0.4326,0.8527
-0.0700,0.4353,0.8383
-0.0650,0.4409,0.8224
-0.0650,0.4551,0.8053
-0.0600,0.4802,0.7882
-0.0550,0.5083,0.7711
-0.0100,0.5503,0.7540
-0.0600,0.6035,0.7369
-0.0800,0.6541,0.7203
-0.0750,0.7075,0.7036
-0.0700,0.7524,0.6870
-0.0600,0.7944,0.6702
-0.0600,0.8254,0.6523
-0.0550,0.8450,0.6338
-0.0550,0.8562,0.6159
-0.0450,0.8591,0.5983
-0.0550,0.8506,0.5800
-0.0550,0.8311,0.5612
-0.0500,0.8086,0.5429
-0.0300,0.7805,0.5250
0.2600,0.7495,0.5067
0.1800,0.7214,0.4882
-0.2350,0.6877,0.4710
-0.1200,0.6597,0.4554
-0.0350,0.6289,0.4398
-0.0350,0.6064,0.4244
-0.0300,0.5840,0.4100
-0.0300,0.5642,0.3965
-0.0300,0.5503,0.3841
-0.0250,0.5361,0.3721
-0.0150,0.5249,0.3616
-0.0050,0.5137,0.3526
0.0050,0.5027,0.3442
0.0150,0.4971,0.3364
0.0250,0.4858,0.3284
0.0450,0.4775,0.3196
0.0700,0.4690,0.3108
0.1150,0.4634,0.3015
0.1700,0.4551,0.2922
0.2150,0.4465,0.2824
0.1950,0.4353,0.2727
0.1100,0.4241,0.2631
0.0200,0.4128,0.2538
-0.0350,0.4016,0.2448
-0.0600,0.3904,0.2380
-0.0650,0.3821,0.2328
-0.0700,0.3821,0.2282
-0.0700,0.3848,0.2240
-0.0650,0.4016,0.2209
-0.0600,0.4241,0.2187
-0.0200,0.4578,0.2162
-0.0450,0.4915,0.2138
-0.0700,0.5278,0.2121
-0.0750,0.5642,0.2111
-0.0700,0.6008,0.2106
-0.0600,0.6289,0.2106
-0.0650,0.6514,0.2111
-0.0550,0.6626,0.2116
-0.0550,0.6626,0.2121
-0.0450,0.6597,0.2128
-0.0450,0.6428,0.2126
-0.0500,0.6233,0.2116
-0.0500,0.6008,0.2101
-0.0450,0.5754,0.2082
0.0600,0.5474,0.2060
0.3700,0.5193,0.2035
-0.0950,0.4971,0.2011
-0.2000,0.4719,0.1986
-0.0600,0.4521,0.1959
-0.0300,0.4353,0.1933
-0.0300,0.4185,0.1908
-0.0300,0.4072,0.1881
-0.0250,0.3960,0.1864
-0.0150,0.3848,0.1859
-0.0100,0.3735,0.1869
-0.0050,0.3623,0.1893
0.0050,0.3511,0.1925
0.0100,0.3398,0.1964
0.0200,0.3286,0.1999
0.0350,0.3174,0.2025
0.0600,0.3118,0.2040
0.0900,0.3035,0.2043
0.1350,0.2979,0.2038
0.1900,0.2922,0.2028
0.2150,0.2837,0.2023
0.1550,0.2781,0.2023
0.0650,0.2725,0.2016
-0.0050,0.2668,0.2006
-0.0450,0.2612,0.1999
-0.0600,0.2585,0.1996
-0.0700,0.2612,0.1989
-0.0650,0.2754,0.1979
-0.0650,0.2979,0.1972
-0.0650,0.3259,0.1974
-0.0500,0.3623,0.1989
-0.0200,0.4087,0.2016
-0.0500,0.4517,0.2047
-0.0700,0.4919,0.2086
-0.0650,0.5266,0.2118
-0.0650,0.5562,0.2148
-0.0550,0.5803,0.2179
-0.0550,0.5935,0.2214
-0.0500,0.6016,0.2245
-0.0500,0.6016,0.2270
-0.0450,0.5935,0.2289
-0.0550,0.5803,0.2304
-0.0500,0.5642,0.2306
-0.0500,0.5454,0.2301
-0.0350,0.5266,0.2297
0.2800,0.5051,0.2294
0.1550,0.4893,0.2275
-0.2300,0.4705,0.2240
-0.1150,0.4517,0.2214
-0.0350,0.4355,0.2196
-0.0400,0.4194,0.2187
-0.0350,0.4062,0.2182
-0.0250,0.3955,0.2182
-0.0250,0.3848,0.2182
-0.0250,0.3740,0.2187
-0.0250,0.3687,0.2194
-0.0200,0.3579,0.2211
-0.0050,0.3525,0.2236
0.0050,0.3472,0.2255
0.0150,0.3391,0.2272
0.0350,0.3364,0.2275
0.0700,0.3311,0.2267
0.1050,0.3257,0.2255
0.1500,0.3206,0.2236
0.2000,0.3152,0.2223
0.1850,0.3071,0.2216
0.1000,0.2991,0.2214
0.0200,0.2964,0.2214
-0.0350,0.2910,0.2214
-0.0600,0.2937,0.2218
-0.0650,0.2991,0.2223
-0.0650,0.3125,0.2228
-0.0700,0.3364,0.2233
-0.0700,0.3687,0.2240
-0.0600,0.4062,0.2258
-0.0200,0.4490,0.2284
-0.0500,0.4919,0.2326
-0.0700,0.5320,0.2382
-0.0750,0.5669,0.2448
-0.0700,0.5962,0.2521
-0.0600,0.6177,0.2600
-0.0650,0.6338,0.2685
-0.0550,0.6445,0.2780
-0.0600,0.6499,0.2888
-0.0500,0.6472,0.2993
-0.0550,0.6365,0.3096
-0.0600,0.6257,0.3205
-0.0550,0.6069,0.3325
-0.0550,0.5857,0.3450
0.1150,0.5642,0.3579
0.3700,0.5400,0.3711
-0.1350,0.5159,0.3848
-0.1650,0.4973,0.3997
-0.0550,0.4785,0.4156
-0.0400,0.4597,0.4332
-0.0400,0.4463,0.4522
-0.0450,0.4355,0.4725
-0.0350,0.4275,0.4930
-0.0300,0.4248,0.5133
-0.0250,0.4194,0.5333
-0.0200,0.4194,0.5541
-0.0150,0.4167,0.5754
-0.0100,0.4143,0.5971
0.0000,0.4089,0.6189
0.0200,0.4009,0.6389
0.0400,0.3901,0.6572
0.0750,0.3794,0.6741
0.1150,0.3687,0.6902
0.1700,0.3579,0.7044
0.1950,0.3525,0.7173
0.1350,0.3418,0.7300
0.0500,0.3337,0.7427
-0.0200,0.3284,0.7554
-0.0500,0.3284,0.7679
-0.0650,0.3364,0.7794
-0.0700,0.3472,0.7901
-0.0650,0.3713,0.8011
-0.0600,0.4036,0.8124
-0.0550,0.4463,0.8229
0.0050,0.4944,0.8324
-0.0350,0.5454,0.8414
-0.0600,0.5989,0.8502
-0.0800,0.6472,0.8585
-0.0700,0.6899,0.8668
-0.0600,0.7222,0.8747
-0.0500,0.7463,0.8825
-0.0500,0.7571,0.8901
-0.0400,0.7598,0.8976
-0.0450,0.7544,0.9050
-0.0400,0.7437,0.9120
-0.0500,0.7302,0.9182
-0.0450,0.7141,0.9233
-0.0450,0.6953,0.9267
0.0450,0.6768,0.9284
0.4400,0.6606,0.9279
0.0200,0.6418,0.9260
-0.1700,0.6284,0.9216
-0.0600,0.6150,0.9150
-0.0300,0.6069,0.9050
-0.0300,0.5989,0.8923
-0.0300,0.5935,0.8783
-0.0250,0.5911,0.8634
-0.0250,0.5857,0.8480
-0.0200,0.5803,0.8324
-0.0200,0.5723,0.8165
-0.0150,0.5669,0.8001
-0.0050,0.5588,0.7828
0.0100,0.5535,0.7642
0.0200,0.5481,0.7462
0.0450,0.5427,0.7283
0.0750,0.5347,0.7097
0.1150,0.5293,0.6904
0.1700,0.5186,0.6707
0.2050,0.5078,0.6506
0.1700,0.5000,0.6301
0.0700,0.4915,0.6098
0.0000,0.4802,0.5905
-0.0500,0.4746,0.5717
-0.0650,0.4719,0.5524
-0.0700,0.4802,0.5329
-0.0750,0.4944,0.5140
-0.0750,0.5137,0.4962
-0.0650,0.5474,0.4789
-0.0600,0.5923,0.4618
-0.0100,0.6401,0.4452
-0.0600,0.6907,0.4288
-0.0800,0.7356,0.4139
-0.0800,0.7776,0.4002
-0.0700,0.8086,0.3882
-0.0650,0.8337,0.3777
-0.0600,0.8479,0.3675
-0.0500,0.8506,0.3572
-0.0550,0.8450,0.3469
-0.0450,0.8311,0.3367
-0.0550,0.8057,0.3264
-0.0550,0.7720,0.3164
-0.0500,0.7383,0.3074
-0.0250,0.6963,0.2990
0.2800,0.6570,0.2905
0.1700,0.6147,0.2817
-0.2250,0.5754,0.2736
-0.1150,0.5447,0.2663
-0.0350,0.5166,0.2587
-0.0350,0.4971,0.2509
-0.0300,0.4832,0.2429
-0.0250,0.4690,0.2348
-0.0250,0.4578,0.2277
-0.0200,0.4495,0.2216
-0.0150,0.4409,0.2172
-0.0050,0.4353,0.2143
0.0050,0.4297,0.2123
0.0100,0.4270,0.2111
0.0200,0.4270,0.2094
0.0450,0.4270,0.2072
0.0750,0.4214,0.2040
0.1200,0.4158,0.1996
0.1700,0.4045,0.1957
0.2200,0.3877,0.1920
0.2000,0.3652,0.1886
0.1050,0.3428,0.1857
0.0150,0.3203,0.1840
-0.0350,0.3062,0.1830
-0.0550,0.2949,0.1818
-0.0650,0.2949,0.1803
-0.0650,0.3091,0.1786
-0.0650,0.3315,0.1769
-0.0600,0.3679,0.1762
-0.0600,0.4102,0.1759
-0.0100,0.4607,0.1764
-0.0450,0.5083,0.1776
-0.0600,0.5503,0.1810
-0.0750,0.5867,0.1862
-0.0650,0.6177,0.1915
-0.0600,0.6316,0.1972
-0.0600,0.6345,0.2018
-0.0500,0.6316,0.2055
-0.0500,0.6147,0.2074
-0.0450,0.5908,0.2079
-0.0500,0.5696,0.2067
-0.0550,0.5427,0.2043
-0.0550,0.5212,0.2025
-0.0500,0.5024,0.2013
0.0700,0.4839,0.1999
0.3700,0.4624,0.1979
-0.1050,0.4463,0.1959
-0.1950,0.4275,0.1935
-0.0600,0.4116,0.1911
-0.0350,0.3955,0.1889
-0.0300,0.3848,0.1876
-0.0250,0.3794,0.1871
-0.0250,0.3713,0.1874
-0.0150,0.3660,0.1879
-0.0150,0.3579,0.1889
-0.0050,0.3525,0.1898
0.0000,0.3418,0.1911
0.0050,0.3311,0.1925
0.0150,0.3232,0.1940
0.0350,0.3152,0.1955
0.0550,0.3098,0.1969
0.0900,0.3044,0.1984
0.1350,0.2991,0.1991
0.1850,0.2910,0.1989
0.2100,0.2830,0.1989
0.1500,0.2722,0.1994
0.0600,0.2615,0.2001
-0.0150,0.2561,0.2011
-0.0500,0.2561,0.2021
-0.0600,0.2668,0.2033
-0.0700,0.2856,0.2055
-0.0700,0.3152,0.2086
-0.0650,0.3499,0.2123
-0.0650,0.3982,0.2165
-0.0450,0.4463,0.2209
-0.0300,0.4919,0.2255
-0.0650,0.5320,0.2292
-0.0750,0.5669,0.2321
-0.0700,0.5908,0.2353
-0.0700,0.6096,0.2387
-0.0600,0.6177,0.2414
-0.0600,0.6177,0.2433
-0.0500,0.6096,0.2438
-0.0500,0.5989,0.2433
-0.0500,0.5830,0.2429
-0.0550,0.5642,0.2424
-0.0600,0.5427,0.2411
-0.0500,0.5239,0.2392
-0.0300,0.5051,0.2367
0.3000,0.4893,0.2338
0.1200,0.4731,0.2309
-0.2250,0.4543,0.2277
-0.1000,0.4355,0.2255
-0.0350,0.4221,0.2240
-0.0350,0.4062,0.2231
-0.0300,0.3955,0.2226
-0.0300,0.3901,0.2223
-0.0250,0.3821,0.2226
-0.0200,0.3794,0.2238
-0.0150,0.3767,0.2260
-0.0100,0.3713,0.2292
0.0000,0.3633,0.2326
0.0100,0.3579,0.2353
0.0250,0.3472,0.2375
0.0400,0.3391,0.2382
0.0700,0.3311,0.2375
0.1050,0.3232,0.2363
0.1500,0.3152,0.2343
0.1950,0.3071,0.2319
0.1700,0.2991,0.2294
0.0850,0.2910,0.2297
0.0100,0.2910,0.2323
-0.0450,0.2937,0.2387
-0.0700,0.3018,0.2482
-0.0700,0.3203,0.2612
-0.0700,0.3472,0.2768
-0.0700,0.3794,0.2944
-0.0700,0.4194,0.3135
-0.0700,0.4624,0.3350
-0.0200,0.5024,0.3582
-0.0600,0.5427,0.3816
-0.0800,0.5776,0.4051
-0.0800,0.6096,0.4285
-0.0750,0.6338,0.4522
-0.0650,0.6526,0.4747
-0.0650,0.6606,0.4965
-0.0600,0.6606,0.5172
-0.0650,0.6606,0.5375
-0.0550,0.6526,0.5573
-0.0600,0.6392,0.5766
-0.0600,0.6230,0.5944
-0.0550,0.6016,0.6113
-0.0500,0.5803,0.6272
0.1750,0.5535,0.6426
0.3800,0.5293,0.6572
-0.1400,0.5051,0.6716
-0.1400,0.4893,0.6858
-0.0550,0.4705,0.6995
-0.0450,0.4543,0.7132
-0.0400,0.4436,0.7264
-0.0350,0.4329,0.7396
-0.0350,0.4248,0.7527
-0.0300,0.4194,0.7657
-0.0250,0.4194,0.7784
-0.0150,0.4167,0.7911
-0.0150,0.4143,0.8036
-0.0050,0.4194,0.8151
0.0100,0.4194,0.8256
0.0200,0.4194,0.8344
0.0450,0.4194,0.8414
0.0850,0.4167,0.8475
0.1250,0.4116,0.8527
0.1850,0.4009,0.8561
0.2050,0.3901,0.8583
0.1350,0.3794,0.8602
0.0400,0.3687,0.8627
-0.0200,0.3606,0.8659
-0.0550,0.3606,0.8700
-0.0650,0.3713,0.8739
-0.0700,0.3955,0.8776
-0.0700,0.4275,0.8817
-0.0650,0.4670,0.8866
-0.0650,0.5146,0.8910
0.0050,0.5713,0.8949
-0.0400,0.6279,0.8984
-0.0650,0.6785,0.9013
-0.0800,0.7261,0.9020
-0.0700,0.7646,0.9006
-0.0550,0.7974,0.8969
-0.0550,0.8184,0.8910
-0.0500,0.8301,0.8825
-0.0450,0.8333,0.8720
-0.0400,0.8301,0.8600
-0.0450,0.8184,0.8463
-0.0500,0.8005,0.8300
-0.0550,0.7854,0.8111
-0.0500,0.7646,0.7916
0.0750,0.7439,0.7713
0.3950,0.7200,0.7498
-0.1000,0.6963,0.7271
-0.1900,0.6755,0.7034
-0.0650,0.6545,0.6795
-0.0350,0.6367,0.6570
-0.0300,0.6218,0.6360
-0.0350,0.6040,0.6174
-0.0250,0.5891,0.6008
-0.0250,0.5742,0.5864
-0.0150,0.5564,0.5739
-0.0100,0.5415,0.5617
-0.0050,0.5266,0.5500
0.0000,0.5146,0.5382
0.0150,0.5088,0.5263
0.0300,0.5059,0.5126
0.0500,0.5000,0.4974
0.0850,0.5000,0.4811
0.1300,0.4968,0.4637
0.1850,0.4880,0.4454
0.2100,0.4790,0.4266
0.1500,0.4612,0.4075
0.0550,0.4492,0.3885
-0.0200,0.4434,0.3714
-0.0550,0.4404,0.3555
-0.0700,0.4492,0.3401
-0.0700,0.4700,0.3252
-0.0700,0.4939,0.3122
-0.0650,0.5266,0.3010
-0.0650,0.5652,0.2915
-0.0500,0.6040,0.2832
-0.0150,0.6396,0.2766
-0.0600,0.6724,0.2714
-0.0800,0.7021,0.2673
-0.0750,0.7200,0.2641
-0.0700,0.7349,0.2619
-0.0550,0.7468,0.2600
-0.0550,0.7498,0.2575
-0.0500,0.7468,0.2543
-0.0500,0.7319,0.2499
-0.0450,0.7080,0.2443
-0.0600,0.6843,0.2382
-0.0550,0.6545,0.2314
-0.0500,0.6248,0.2243
-0.0350,0.5950,0.2170
0.2750,0.5713,0.2096
0.1500,0.5447,0.2025
-0.2300,0.5249,0.1964
-0.1150,0.5081,0.1911
-0.0350,0.4971,0.1854
-0.0300,0.4858,0.1798
-0.0300,0.4719,0.1759
-0.0300,0.4578,0.1737
-0.0250,0.4409,0.1737
-0.0200,0.4241,0.1754
-0.0150,0.4045,0.1781
-0.0150,0.3904,0.1815
-0.0050,0.3735,0.1847
0.0100,0.3623,0.1876
0.0200,0.3540,0.1901
0.0400,0.3484,0.1923
0.0750,0.3428,0.1935
0.1150,0.3372,0.1937
0.1600,0.3315,0.1933
0.2100,0.3259,0.1923
0.1950,0.3174,0.1908
0.1000,0.3118,0.1893
0.0150,0.3091,0.1886
-0.0350,0.3035,0.1881
-0.0600,0.3091,0.1874
-0.0650,0.3203,0.1864
-0.0650,0.3428,0.1859
-0.0650,0.3679,0.1862
-0.0650,0.4016,0.1867
-0.0650,0.4382,0.1876
-0.0250,0.4746,0.1886
-0.0500,0.5054,0.1901
-0.0700,0.5361,0.1928
-0.0700,0.5615,0.1959
-0.0650,0.5811,0.1989
-0.0600,0.5923,0.2013
-0.0600,0.5952,0.2035
-0.0500,0.5867,0.2055
-0.0500,0.5754,0.2074
-0.0500,0.5615,0.2091
-0.0550,0.5417,0.2106
-0.0550,0.5222,0.2118
-0.0500,0.5027,0.2121
-0.0550,0.4888,0.2116
0.0900,0.4690,0.2104
0.3700,0.4551,0.2086
-0.1250,0.4409,0.2067
-0.1850,0.4270,0.2043
-0.0550,0.4158,0.2006
-0.0350,0.4072,0.1964
-0.0350,0.3960,0.1935
-0.0350,0.3877,0.1918
-0.0300,0.3792,0.1911
-0.0200,0.3679,0.1908
-0.0150,0.3567,0.1911
-0.0100,0.3511,0.1918
-0.0050,0.3398,0.1937
0.0100,0.3315,0.1967
0.0200,0.3230,0.1991
0.0300,0.3174,0.2013
0.0500,0.3118,0.2025
0.0900,0.3062,0.2025
0.1350,0.3005,0.2018
0.1850,0.2949,0.2006
0.2050,0.2893,0.1989
0.1450,0.2866,0.1969
0.0500,0.2866,0.1957
-0.0150,0.2893,0.1955
-0.0550,0.3005,0.1967
-0.0650,0.3147,0.1989
-0.0700,0.3398,0.2011
-0.0650,0.3735,0.2033
-0.0600,0.4102,0.2062
-0.0600,0.4551,0.2096
-0.0450,0.4915,0.2126
-0.0300,0.5334,0.2150
-0.0600,0.5698,0.2182
-0.0750,0.6008,0.2218
-0.0700,0.6233,0.2258
-0.0700,0.6401,0.2299
-0.0600,0.6458,0.2333
-0.0600,0.6428,0.2358
-0.0500,0.6345,0.2367
-0.0550,0.6204,0.2367
-0.0550,0.6008,0.2367
-0.0650,0.5811,0.2367
-0.0550,0.5615,0.2360
-0.0550,0.5391,0.2343
-0.0200,0.5166,0.2321
0.3150,0.4971,0.2297
0.0850,0.4832,0.2280
-0.2300,0.4663,0.2267
-0.1050,0.4521,0.2260
-0.0450,0.4409,0.2255
-0.0400,0.4297,0.2255
-0.0400,0.4214,0.2260
-0.0300,0.4128,0.2284
-0.0300,0.4016,0.2328
-0.0200,0.3960,0.2392
-0.0200,0.3877,0.2477
-0.0150,0.3792,0.2597
-0.0100,0.3765,0.2744
-0.0050,0.3708,0.2903
0.0150,0.3623,0.3069
0.0300,0.3567,0.3232
0.0550,0.3484,0.3394
0.0950,0.3398,0.3560
0.1500,0.3342,0.3731
0.1950,0.3230,0.3907
0.1700,0.3174,0.4087
0.0900,0.3091,0.4280
0.0050,0.3035,0.4483
-0.0450,0.3035,0.4696
-0.0600,0.3091,0.4913
-0.0700,0.3259,0.5145
-0.0750,0.3511,0.5390
-0.0700,0.3848,0.5632
-0.0650,0.4270,0.5871
-0.0600,0.4719,0.6110
0.0000,0.5110,0.6345
-0.0550,0.5530,0.6580
-0.0800,0.5923,0.6812
-0.0800,0.6260,0.7032
-0.0700,0.6514,0.7239
-0.0550,0.6709,0.7430
-0.0600,0.6904,0.7603
-0.0500,0.6904,0.7755
-0.0450,0.6873,0.7889
-0.0400,0.6755,0.8009
-0.0450,0.6604,0.8119
-0.0450,0.6426,0.8219
-0.0450,0.6218,0.8314
-0.0400,0.6011,0.8405
0.2300,0.5830,0.8490
0.3650,0.5652,0.8573
-0.1550,0.5505,0.8654
-0.1200,0.5386,0.8720
-0.0450,0.5266,0.8778
-0.0400,0.5178,0.8839
-0.0400,0.5088,0.8903
-0.0350,0.5029,0.8967
-0.0300,0.5000,0.9035
-0.0250,0.5000,0.9103
-0.0200,0.4939,0.9172
-0.0150,0.4880,0.9240
-0.0100,0.4849,0.9309
-0.0050,0.4790,0.9365
0.0050,0.4731,0.9414
0.0250,0.4670,0.9436
0.0550,0.4612,0.9431
0.0900,0.4553,0.9411
0.1350,0.4492,0.9375
0.1900,0.4434,0.9309
0.2050,0.4373,0.9218
0.1300,0.4343,0.9120
0.0350,0.4314,0.9015
-0.0300,0.4343,0.8896
-0.0600,0.4434,0.8764
-0.0700,0.4583,0.8632
-0.0650,0.4849,0.8502
-0.0650,0.5176,0.8363
-0.0600,0.5593,0.8216
-0.0600,0.6128,0.8055
-0.0050,0.6636,0.7882
-0.0350,0.7141,0.7708
-0.0600,0.7588,0.7537
-0.0750,0.7944,0.7366
-0.0700,0.8271,0.7195
-0.0600,0.8481,0.7017
-0.0550,0.8599,0.6831
-0.0550,0.8630,0.6648
-0.0500,0.8569,0.6470
-0.0450,0.8391,0.6294
-0.0500,0.8152,0.6120
-0.0500,0.7915,0.5942
-0.0500,0.7617,0.5754
-0.0450,0.7319,0.5561
0.1000,0.7021,0.5365
0.3700,0.6785,0.5177
-0.1300,0.6545,0.4999
-0.1900,0.6306,0.4825
-0.0550,0.6099,0.4654
-0.0350,0.5920,0.4488
-0.0350,0.5771,0.4324
-0.0300,0.5623,0.4175
-0.0250,0.5505,0.4039
-0.0250,0.5386,0.3919
-0.0200,0.5266,0.3814
-0.0150,0.5146,0.3723
-0.0050,0.5088,0.3640
0.0000,0.5000,0.3565
0.0150,0.4910,0.3491
0.0350,0.4790,0.3403
0.0550,0.4731,0.3301
0.0950,0.4612,0.3198
0.1400,0.4492,0.3093
0.1950,0.4373,0.2978
0.2100,0.4255,0.2861
0.1500,0.4136,0.2758
0.0500,0.4016,0.2668
-0.0250,0.3987,0.2590
-0.0550,0.3987,0.2519
-0.0700,0.4016,0.2458
-0.0750,0.4224,0.2402
-0.0700,0.4463,0.2348
-0.0650,0.4790,0.2301
-0.0700,0.5117,0.2265
-0.0550,0.5535,0.2243
-0.0150,0.5920,0.2226
-0.0650,0.6277,0.2216
-0.0800,0.6604,0.2211
-0.0750,0.6814,0.2211
-0.0700,0.6934,0.2211
-0.0600,0.6963,0.2214
-0.0600,0.6873,0.2206
-0.0500,0.6755,0.2194
-0.0500,0.6545,0.2174
-0.0450,0.6306,0.2152
-0.0550,0.6069,0.2128
-0.0600,0.5981,0.2104
-0.0500,0.5713,0.2074
-0.0350,0.5444,0.2045
0.2650,0.5176,0.2016
0.1650,0.4968,0.1986
-0.2300,0.4761,0.1950
-0.1150,0.4553,0.1906
-0.0350,0.4373,0.1874
-0.0350,0.4255,0.1854
-0.0350,0.4136,0.1835
-0.0250,0.4016,0.1818
-0.0250,0.3896,0.1806
-0.0200,0.3779,0.1806
-0.0150,0.3689,0.1820
-0.0100,0.3599,0.1845
-0.0050,0.3511,0.1869
0.0050,0.3420,0.1893
0.0200,0.3362,0.1915
0.0400,0.3274,0.1933
0.0700,0.3184,0.1933
0.1100,0.3093,0.1915
0.1650,0.3005,0.1896
0.2100,0.2886,0.1871
0.1850,0.2827,0.1847
0.1000,0.2708,0.1825
0.0100,0.2646,0.1813
-0.0400,0.2588,0.1810
-0.0700,0.2588,0.1813
-0.0750,0.2646,0.1820
-0.0750,0.2856,0.1842
-0.0700,0.3311,0.1874
-0.0700,0.3660,0.1911
-0.0700,0.4036,0.1955
-0.0250,0.4463,0.2003
-0.0550,0.4893,0.2052
-0.0750,0.5186,0.2094
-0.0800,0.5481,0.2126
-0.0750,0.5696,0.2152
-0.0650,0.5884,0.2174
-0.0650,0.5911,0.2194
-0.0600,0.5911,0.2211
-0.0600,0.5830,0.2226
-0.0550,0.5696,0.2238
-0.0650,0.5535,0.2240
-0.0650,0.5320,0.2233
-0.0600,0.5105,0.2216
-0.0600,0.4946,0.2196
0.0900,0.4758,0.2172
0.3500,0.4570,0.2148
-0.1500,0.4409,0.2130
-0.1900,0.4248,0.2121
-0.0650,0.4116,0.2116
-0.0450,0.4009,0.2116
-0.0450,0.3928,0.2118
-0.0400,0.3848,0.2123
-0.0300,0.3767,0.2128
-0.0250,0.3713,0.2138
-0.0200,0.3633,0.2148
-0.0150,0.3579,0.2157
-0.0100,0.3525,0.2174
-0.0050,0.3472,0.2199
0.0100,0.3418,0.2211
0.0200,0.3364,0.2214
0.0500,0.3311,0.2206
0.0850,0.3257,0.2192
0.1300,0.3179,0.2172
0.1800,0.3098,0.2150
0.2000,0.3044,0.2135
0.1400,0.2991,0.2126
0.0450,0.2964,0.2113
-0.0200,0.2991,0.2096
-0.0550,0.3044,0.2084
-0.0700,0.3179,0.2082
-0.0750,0.3391,0.2091
-0.0700,0.3687,0.2111
-0.0700,0.4036,0.2130
-0.0650,0.4463,0.2152
-0.0450,0.4893,0.2189
-0.0350,0.5266,0.2240
-0.0700,0.5642,0.2289
-0.0800,0.5962,0.2338
-0.0750,0.6230,0.2387
-0.0700,0.6392,0.2436
-0.0650,0.6472,0.2485
-0.0650,0.6499,0.2534
-0.0600,0.6418,0.2582
-0.0600,0.6311,0.2634
-0.0600,0.6150,0.2695
-0.0650,0.5962,0.2763
-0.0650,0.5750,0.2837
-0.0600,0.5535,0.2917
-0.0200,0.5320,0.3012
0.3500,0.5105,0.3120
0.0800,0.4946,0.3247
-0.2100,0.4758,0.3386
-0.0950,0.4597,0.3528
-0.0500,0.4490,0.3672
-0.0500,0.4382,0.3838
-0.0450,0.4275,0.4022
-0.0350,0.4221,0.4217
-0.0300,0.4143,0.4425
-0.0300,0.4089,0.4649
-0.0250,0.4036,0.4886
-0.0200,0.3982,0.5136
-0.0150,0.3928,0.5390
0.0000,0.3901,0.5629
0.0100,0.3848,0.5856
0.0250,0.3794,0.6074
0.0500,0.3740,0.6279
0.0950,0.3687,0.6457
0.1450,0.3633,0.6616
0.1900,0.3579,0.6775
0.1700,0.3499,0.6936
0.0850,0.3445,0.7093
0.0050,0.3445,0.7242
-0.0350,0.3472,0.7386
-0.0600,0.3552,0.7525
-0.0650,0.3713,0.7662
-0.0650,0.4009,0.7796
-0.0650,0.4355,0.7928
-0.0650,0.4785,0.8060
-0.0500,0.5159,0.8187
0.0100,0.5588,0.8314
-0.0550,0.6016,0.8441
-0.0750,0.6418,0.8566
-0.0750,0.6741,0.8681
-0.0650,0.6980,0.8786
-0.0550,0.7141,0.8881
-0.0550,0.7222,0.8971
-0.0450,0.7249,0.9057
-0.0400,0.7168,0.9140
-0.0350,0.7061,0.9218
-0.0450,0.6953,0.9294
-0.0500,0.6768,0.9360
-0.0450,0.6606,0.9416
-0.0300,0.6418,0.9462
0.2650,0.6257,0.9499
0.3300,0.6096,0.9524
-0.1600,0.5989,0.9533
-0.1100,0.5857,0.9524
-0.0450,0.5776,0.9499
-0.0400,0.5696,0.9450
-0.0400,0.5642,0.9384
-0.0350,0.5588,0.9304
-0.0300,0.5535,0.9211
-0.0250,0.5481,0.9101
-0.0250,0.5427,0.8976
-0.0200,0.5374,0.8854
-0.0100,0.5320,0.8727
-0.0050,0.5293,0.8581
0.0050,0.5239,0.8414
0.0300,0.5186,0.8226
0.0550,0.5132,0.8019
0.0950,0.5051,0.7799
0.1450,0.5000,0.7569
0.1950,0.4971,0.7342
0.1950,0.4915,0.7117
0.1150,0.4832,0.6895
0.0250,0.4775,0.6677
-0.0400,0.4719,0.6470
-0.0650,0.4746,0.6272
-0.0750,0.4832,0.6084
-0.0800,0.4971,0.5900
-0.0750,0.5249,0.5724
-0.0700,0.5615,0.5553
-0.0650,0.6035,0.5395
-0.0100,0.6458,0.5250
-0.0500,0.6907,0.5111
-0.0750,0.7327,0.4979
-0.0800,0.7664,0.4842
-0.0700,0.7917,0.4701
-0.0600,0.8113,0.4557
-0.0550,0.8225,0.4412
-0.0550,0.8254,0.4276
-0.0450,0.8169,0.4146
-0.0450,0.7974,0.4024
-0.0500,0.7720,0.3904
-0.0500,0.7439,0.3789
-0.0500,0.7131,0.3677
-0.0500,0.6821,0.3567
0.0950,0.6514,0.3460
0.3600,0.6204,0.3352
-0.1350,0.5923,0.3247
-0.1850,0.5671,0.3144
-0.0550,0.5447,0.3044
-0.0350,0.5278,0.2954
-0.0300,0.5081,0.2871
-0.0250,0.5000,0.2785
-0.0250,0.4915,0.2700
-0.0250,0.4802,0.2631
-0.0150,0.4690,0.2580
-0.0100,0.4607,0.2543
-0.0100,0.4521,0.2514
0.0000,0.4438,0.2482
0.0200,0.4409,0.2448
0.0300,0.4326,0.2411
0.0550,0.4241,0.2370
0.0900,0.4128,0.2311
0.1400,0.4016,0.2238
0.1950,0.3904,0.2172
0.2100,0.3792,0.2116
0.1450,0.3679,0.2067
0.0500,0.3567,0.2023
-0.0200,0.3455,0.1994
-0.0550,0.3398,0.1977
-0.0700,0.3372,0.1964
-0.0750,0.3398,0.1959
-0.0750,0.3540,0.1952
-0.0700,0.3765,0.1940
-0.0650,0.4016,0.1933
-0.0450,0.4353,0.1935
-0.0200,0.4746,0.1950
-0.0650,0.5054,0.1974
-0.0850,0.5361,0.1999
-0.0800,0.5671,0.2018
-0.0750,0.5896,0.2038
-0.0650,0.6035,0.2057
-0.0600,0.6064,0.2072
-0.0550,0.6035,0.2086
-0.0550,0.5923,0.2089
-0.0450,0.5784,0.2084
-0.0600,0.5559,0.2074
-0.0600,0.5334,0.2060
-0.0550,0.5110,0.2040
-0.0350,0.4944,0.2018
0.2800,0.4719,0.1981
0.1500,0.4495,0.1940
-0.2250,0.4297,0.1911
-0.1100,0.4128,0.1893
-0.0350,0.3960,0.1886
-0.0400,0.3848,0.1884
-0.0300,0.3735,0.1889
-0.0300,0.3652,0.1896
-0.0250,0.3567,0.1906
-0.0200,0.3511,0.1918
-0.0150,0.3428,0.1940
-0.0100,0.3372,0.1972
0.0000,0.3286,0.2001
0.0050,0.3230,0.2025
0.0200,0.3174,0.2038
0.0450,0.3091,0.2038
0.0700,0.3035,0.2021
0.1150,0.2979,0.1991
0.1600,0.2893,0.1962
0.2050,0.2837,0.1933
0.1850,0.2754,0.1915
0.1000,0.2698,0.1906
0.0150,0.2642,0.1903
-0.0400,0.2642,0.1906
-0.0600,0.2725,0.1923
-0.0650,0.2837,0.1950
-0.0700,0.3035,0.1974
-0.0650,0.3286,0.1999
-0.0700,0.3652,0.2030
-0.0600,0.4072,0.2069
-0.0200,0.4495,0.2111
-0.0500,0.4915,0.2155
-0.0700,0.5249,0.2192
-0.0750,0.5586,0.2221
-0.0700,0.5840,0.2255
-0.0650,0.6008,0.2294
-0.0650,0.6091,0.2333
-0.0600,0.6121,0.2375
-0.0550,0.6035,0.2407
-0.0500,0.5923,0.2431
-0.0550,0.5728,0.2448
-0.0600,0.5530,0.2460
-0.0600,0.5334,0.2460
-0.0600,0.5110,0.2448
0.1150,0.4944,0.2431
0.3500,0.4719,0.2404
-0.1550,0.4521,0.2365
-0.1700,0.4353,0.2319
-0.0550,0.4185,0.2282
-0.0350,0.4072,0.2255
-0.0350,0.3960,0.2238
-0.0300,0.3877,0.2228
-0.0300,0.3792,0.2223
-0.0200,0.3735,0.2221
-0.0150,0.3652,0.2233
-0.0150,0.3596,0.2255
0.0000,0.3540,0.2282
0.0050,0.3455,0.2316
0.0150,0.3398,0.2343
0.0300,0.3342,0.2363
0.0600,0.3286,0.2358
0.0950,0.3203,0.2336
0.1350,0.3147,0.2306
0.1850,0.3062,0.2277
0.1950,0.3005,0.2243
0.1300,0.2922,0.2214
0.0450,0.2922,0.2204
-0.0250,0.2893,0.2209
-0.0600,0.2949,0.2236
-0.0750,0.3035,0.2280
-0.0700,0.3203,0.2348
-0.0750,0.3511,0.2436
-0.0700,0.3848,0.2558
-0.0700,0.4270,0.2710
-0.0300,0.4719,0.2881
-0.0400,0.5083,0.3071
-0.0650,0.5503,0.3284
-0.0850,0.5840,0.3516
-0.0750,0.6121,0.3750
-0.0700,0.6316,0.3982
-0.0650,0.6428,0.4205
-0.0700,0.6458,0.4422
-0.0550,0.6428,0.4642
-0.0550,0.6316,0.4867
-0.0500,0.6177,0.5094
-0.0600,0.6008,0.5321
-0.0500,0.5811,0.5539
-0.0550,0.5615,0.5746
0.0200,0.5391,0.5937
0.4000,0.5222,0.6115
0.0550,0.5027,0.6284
-0.1850,0.4915,0.6443
-0.0750,0.4775,0.6594
-0.0350,0.4634,0.6741
-0.0350,0.4521,0.6895
-0.0350,0.4465,0.7051
-0.0300,0.4382,0.7205
-0.0300,0.4326,0.7352
-0.0250,0.4241,0.7505
-0.0200,0.4185,0.7662
-0.0150,0.4128,0.7811
-0.0050,0.4072,0.7955
0.0050,0.4016,0.8094
0.0150,0.3960,0.8229
0.0350,0.3933,0.8339
0.0600,0.3877,0.8429
0.1050,0.3821,0.8502
0.1550,0.3792,0.8563
0.2000,0.3735,0.8617
0.1700,0.3708,0.8664
0.0800,0.3652,0.8705
0.0000,0.3652,0.8744
-0.0450,0.3708,0.8788
-0.0700,0.3821,0.8839
-0.0700,0.4016,0.8908
-0.0700,0.4253,0.8986
-0.0650,0.4670,0.9064
-0.0650,0.5088,0.9142
-0.0500,0.5593,0.9216
0.0100,0.6069,0.9289
-0.0550,0.6545,0.9350
-0.0750,0.6963,0.9401
-0.0750,0.7319,0.9436
-0.0650,0.7617,0.9455
-0.0500,0.7795,0.9450
-0.0500,0.7915,0.9428
-0.0350,0.7976,0.9372
-0.0400,0.7915,0.9289
-0.0300,0.7825,0.9194
-0.0450,0.7676,0.9091
-0.0350,0.7498,0.8962
-0.0350,0.7319,0.8813
-0.0200,0.7141,0.8656
0.3000,0.6963,0.8495
0.2000,0.6785,0.8322
-0.2050,0.6636,0.8136
-0.1050,0.6458,0.7931
-0.0350,0.6338,0.7716
-0.0350,0.6218,0.7508
-0.0300,0.6069,0.7310
-0.0250,0.5920,0.7122
-0.0200,0.5801,0.6939
-0.0200,0.5684,0.6760
-0.0100,0.5593,0.6584
-0.0100,0.5505,0.6413
-0.0050,0.5444,0.6242
0.0100,0.5386,0.6074
0.0250,0.5295,0.5905
0.0500,0.5208,0.5729
0.0700,0.5146,0.5546
0.1150,0.5059,0.5358
0.1650,0.5000,0.5162
0.2150,0.4968,0.4967
0.2000,0.4849,0.4769
0.1150,0.4761,0.4593
0.0250,0.4670,0.4430
-0.0300,0.4612,0.4273
-0.0550,0.4583,0.4119
-0.0650,0.4670,0.3985
-0.0600,0.4819,0.3870
-0.0650,0.5029,0.3758
-0.0600,0.5325,0.3648
-0.0550,0.5681,0.3552
-0.0050,0.6099,0.3467
-0.0400,0.6487,0.3389
-0.0600,0.6873,0.3318
-0.0700,0.7170,0.3249
-0.0600,0.7439,0.3186
-0.0550,0.7588,0.3115
-0.0500,0.7678,0.3037
-0.0400,0.7678,0.2964
-0.0400,0.7588,0.2898
-0.0400,0.7378,0.2834
-0.0450,0.7141,0.2773
-0.0500,0.6873,0.2705
-0.0450,0.6575,0.2629
-0.0450,0.6248,0.2551
0.1050,0.5896,0.2468
0.3550,0.5615,0.2385
-0.1400,0.5391,0.2304
-0.1750,0.5166,0.2233
-0.0450,0.4971,0.2172
-0.0300,0.4832,0.2118
-0.0250,0.4690,0.2072
-0.0200,0.4578,0.2040
-0.0200,0.4465,0.2018
-0.0200,0.4353,0.2006
-0.0150,0.4241,0.2003
-0.0050,0.4158,0.2013
0.0000,0.4072,0.2035
0.0150,0.4016,0.2055
0.0200,0.3904,0.2072
0.0400,0.3848,0.2079
0.0650,0.3765,0.2074
0.1050,0.3679,0.2055
0.1500,0.3567,0.2021
0.2050,0.3511,0.1977
0.2150,0.3398,0.1925
0.1500,0.3286,0.1869
0.0550,0.3203,0.1813
-0.0100,0.3147,0.1774
-0.0400,0.3091,0.1749
-0.0550,0.3118,0.1730
-0.0650,0.3230,0.1710
-0.0650,0.3428,0.1698
-0.0550,0.3679,0.1698
-0.0550,0.3989,0.1713
-0.0300,0.4353,0.1740
-0.0150,0.4746,0.1766
-0.0450,0.5054,0.1793
-0.0650,0.5361,0.1828
-0.0600,0.5615,0.1869
-0.0600,0.5784,0.1915
-0.0500,0.5896,0.1964
-0.0500,0.5896,0.2006
-0.0400,0.5867,0.2040
-0.0400,0.5754,0.2069
-0.0350,0.5586,0.2091
-0.0500,0.5391,0.2104
-0.0450,0.5193,0.2104
-0.0400,0.5027,0.2096
-0.0100,0.4832,0.2082
0.3200,0.4634,0.2065
0.1350,0.4465,0.2045
-0.2050,0.4297,0.2021
-0.0850,0.4128,0.1996
-0.0200,0.4016,0.1972
-0.0200,0.3933,0.1947
-0.0200,0.3848,0.1930
-0.0200,0.3792,0.1925
-0.0150,0.3708,0.1935
-0.0100,0.3652,0.1957
-0.0050,0.3596,0.1989
0.0000,0.3540,0.2028
0.0050,0.3484,0.2069
0.0150,0.3428,0.2111
0.0300,0.3372,0.2140
0.0500,0.3315,0.2152
0.0800,0.3259,0.2155
0.1150,0.3203,0.2148
0.1650,0.3118,0.2133
0.2050,0.3062,0.2113
0.1850,0.2979,0.2091
0.0950,0.2893,0.2067
0.0150,0.2866,0.2050
-0.0300,0.2922,0.2043
-0.0600,0.3005,0.2040
-0.0700,0.3147,0.2043
-0.0650,0.3398,0.2060
-0.0600,0.3735,0.2084
-0.0600,0.4102,0.2106
-0.0500,0.4495,0.2126
-0.0150,0.4915,0.2152
-0.0500,0.5334,0.2187
-0.0700,0.5698,0.2216
-0.0750,0.5979,0.2240
-0.0750,0.6204,0.2270
-0.0600,0.6372,0.2304
-0.0600,0.6401,0.2331
-0.0550,0.6372,0.2353
-0.0550,0.6316,0.2370
-0.0450,0.6147,0.2382
-0.0550,0.5979,0.2382
-0.0600,0.5784,0.2372
-0.0550,0.5559,0.2355
-0.0600,0.5334,0.2333
0.1300,0.5110,0.2306
0.3350,0.4971,0.2277
-0.1650,0.4775,0.2248
-0.1550,0.4634,0.2216
-0.0450,0.4495,0.2194
-0.0350,0.4409,0.2182
-0.0350,0.4297,0.2174
-0.0300,0.4214,0.2172
-0.0300,0.4158,0.2182
-0.0250,0.4072,0.2206
-0.0200,0.4016,0.2255
-0.0150,0.3933,0.2328
-0.0150,0.3877,0.2419
-0.0100,0.3792,0.2521
0.0050,0.3735,0.2634
0.0200,0.3679,0.2753
0.0400,0.3596,0.2878
0.0750,0.3511,0.3010
0.1200,0.3455,0.3142
0.1700,0.3342,0.3281
0.1900,0.3286,0.3442
0.1300,0.3203,0.3623
0.0450,0.3147,0.3828
-0.0200,0.3091,0.4051
-0.0550,0.3147,0.4280
-0.0650,0.3203,0.4513
-0.0650,0.3315,0.4754
-0.0650,0.3567,0.5009
-0.0650,0.3904,0.5258
-0.0600,0.4326,0.5502
-0.0100,0.4775,0.5744
-0.0350,0.5166,0.5983
-0.0600,0.5586,0.6220
-0.0700,0.5979,0.6455
-0.0600,0.6289,0.6677
-0.0550,0.6665,0.6887
-0.0550,0.6814,0.7080
-0.0450,0.6934,0.7256
-0.0400,0.6963,0.7420
-0.0300,0.6873,0.7574
-0.0350,0.6755,0.7711
-0.0450,0.6604,0.7835
-0.0450,0.6426,0.7945
-0.0400,0.6248,0.8050
0.0450,0.6069,0.8158
0.4400,0.5862,0.8268
0.0400,0.5713,0.8373
-0.1600,0.5564,0.8471
-0.0650,0.5444,0.8573
-0.0300,0.5325,0.8678
-0.0300,0.5237,0.8776
-0.0300,0.5178,0.8869
-0.0300,0.5117,0.8957
-0.0250,0.5088,0.9037
-0.0200,0.5059,0.9106
-0.0150,0.5000,0.9162
-0.0100,0.5000,0.9213
0.0000,0.4968,0.9255
0.0050,0.4910,0.9291
0.0200,0.4880,0.9323
0.0400,0.4819,0.9343
0.0750,0.4761,0.9350
0.1100,0.4702,0.9353
0.1650,0.4641,0.9345
0.2050,0.4583,0.9333
0.1700,0.4524,0.9316
0.0750,0.4463,0.9277
0.0000,0.4463,0.9216
-0.0450,0.4463,0.9140
-0.0600,0.4553,0.9052
-0.0700,0.4761,0.8945
-0.0650,0.4998,0.8822
-0.0650,0.5356,0.8700
-0.0550,0.5833,0.8576
-0.0400,0.6309,0.8441
0.0000,0.6843,0.8297
-0.0550,0.7319,0.8136
-0.0750,0.7795,0.7965
-0.0700,0.8181,0.7794
-0.0650,0.8511,0.7620
-0.0500,0.8718,0.7437
-0.0600,0.8838,0.7249
-0.0450,0.8867,0.7054
-0.0450,0.8777,0.6856
-0.0350,0.8599,0.6663
-0.0500,0.8330,0.6477
-0.0500,0.8093,0.6286
-0.0450,0.7766,0.6093
-0.0200,0.7498,0.5905
0.3050,0.7200,0.5724
0.1350,0.6931,0.5536
-0.2200,0.6665,0.5346
-0.1000,0.6487,0.5162
-0.0350,0.6277,0.4984
-0.0300,0.6099,0.4811
-0.0300,0.5950,0.4642
-0.0300,0.5801,0.4488
-0.0250,0.5684,0.4346
-0.0200,0.5564,0.4224
-0.0100,0.5444,0.4114
-0.0050,0.5325,0.4009
0.0000,0.5266,0.3904
0.0150,0.5146,0.3811
0.0350,0.5029,0.3723
0.0500,0.5000,0.3623
0.0850,0.4910,0.3513
0.1300,0.4790,0.3394
0.1750,0.4670,0.3267
0.2200,0.4612,0.3144
0.2000,0.4492,0.3027
0.1050,0.4373,0.2915
0.0150,0.4285,0.2807
-0.0350,0.4226,0.2712
-0.0600,0.4255,0.2631
-0.0650,0.4314,0.2560
-0.0650,0.4521,0.2495
-0.0650,0.4790,0.2436
-0.0650,0.5088,0.2385
-0.0550,0.5474,0.2343
-0.0050,0.5891,0.2314
-0.0450,0.6277,0.2284
-0.0650,0.6636,0.2253
-0.0750,0.6963,0.2231
-0.0650,0.7170,0.2216
-0.0550,0.7261,0.2209
-0.0550,0.7290,0.2204
-0.0550,0.7231,0.2192
-0.0500,0.7112,0.2177
-0.0450,0.6902,0.2165
-0.0500,0.6665,0.2160
-0.0550,0.6426,0.2148
-0.0550,0.6128,0.2130
-0.0550,0.5862,0.2099
0.1000,0.5593,0.2057
0.3550,0.5354,0.2006
-0.1400,0.5117,0.1950
-0.1750,0.4968,0.1891
-0.0500,0.4790,0.1830
-0.0350,0.4670,0.1788
-0.0350,0.4612,0.1764
-0.0350,0.4492,0.1752
-0.0300,0.4373,0.1747
-0.0200,0.4255,0.1749
-0.0150,0.4194,0.1759
-0.0150,0.4077,0.1791
-0.0050,0.3987,0.1840
0.0050,0.3896,0.1884
0.0150,0.3779,0.1920
0.0400,0.3718,0.1942
0.0600,0.3599,0.1950
0.0950,0.3540,0.1950
0.1400,0.3420,0.1942
0.1900,0.3333,0.1920
0.2100,0.3242,0.1889
0.1400,0.3123,0.1867
0.0500,0.3035,0.1854
-0.0200,0.2944,0.1840
-0.0500,0.2915,0.1825
-0.0650,0.2915,0.1818
-0.0650,0.3206,0.1820
-0.0650,0.3391,0.1835
-0.0600,0.3606,0.1859
-0.0600,0.3928,0.1884
-0.0450,0.4302,0.1908
-0.0300,0.4678,0.1940
-0.0600,0.5051,0.1979
-0.0750,0.5374,0.2023
-0.0700,0.5669,0.2069
-0.0650,0.5884,0.2108
-0.0600,0.6042,0.2140
-0.0550,0.6069,0.2165
-0.0450,0.6069,0.2187
-0.0500,0.5989,0.2206
-0.0400,0.5857,0.2221
-0.0500,0.5696,0.2223
-0.0550,0.5481,0.2216
-0.0450,0.5320,0.2204
-0.0200,0.5105,0.2184
0.3250,0.4946,0.2162
0.1150,0.4785,0.2138
-0.2100,0.4597,0.2121
-0.0950,0.4436,0.2111
-0.0350,0.4329,0.2096
-0.0350,0.4221,0.2079
-0.0300,0.4116,0.2067
-0.0300,0.4062,0.2065
-0.0300,0.3982,0.2074
-0.0200,0.3901,0.2094
-0.0150,0.3848,0.2113
-0.0100,0.3767,0.2133
-0.0050,0.3713,0.2160
0.0100,0.3660,0.2189
0.0250,0.3606,0.2206
0.0400,0.3525,0.2209
0.0700,0.3472,0.2201
0.1100,0.3418,0.2189
0.1550,0.3337,0.2160
0.2000,0.3257,0.2121
0.1800,0.3206,0.2094
0.0950,0.3125,0.2077
0.0150,0.3071,0.2065
-0.0400,0.3018,0.2062
-0.0600,0.3071,0.2072
-0.0650,0.3152,0.2091
-0.0650,0.3364,0.2111
-0.0650,0.3687,0.2130
-0.0600,0.4036,0.2157
-0.0600,0.4463,0.2192
-0.0150,0.4893,0.2228
-0.0450,0.5266,0.2270
-0.0700,0.5669,0.2314
-0.0700,0.5989,0.2355
-0.0700,0.6230,0.2387
-0.0550,0.6418,0.2414
-0.0650,0.6499,0.2446
-0.0550,0.6499,0.2480
-0.0550,0.6472,0.2507
-0.0500,0.6418,0.2526
-0.0600,0.6311,0.2553
-0.0600,0.6150,0.2585
-0.0600,0.5962,0.2631
-0.0550,0.5750,0.2688
0.1550,0.5535,0.2753
0.3400,0.5320,0.2829
-0.1700,0.5105,0.2920
-0.1500,0.4973,0.3025
-0.0500,0.4812,0.3149
-0.0450,0.4651,0.3291
-0.0400,0.4543,0.3445
-0.0350,0.4463,0.3609
-0.0300,0.4382,0.3789
-0.0200,0.4329,0.3982
-0.0150,0.4248,0.4185
-0.0100,0.4167,0.4400
-0.0050,0.4116,0.4630
0.0050,0.4062,0.4869
0.0100,0.4009,0.5097
0.0250,0.3955,0.5314
0.0500,0.3928,0.5514
0.0850,0.3875,0.5698
0.1300,0.3821,0.5871
0.1800,0.3740,0.6035
0.1950,0.3687,0.6201
0.1300,0.3633,0.6369
0.0400,0.3552,0.6528
-0.0200,0.3499,0.6685
-0.0500,0.3472,0.6843
-0.0600,0.3525,0.7005
-0.0600,0.3633,0.7159
-0.0600,0.3821,0.7308
-0.0600,0.4114,0.7452
-0.0600,0.4517,0.7591
0.0100,0.4919,0.7728
-0.0350,0.5320,0.7862
-0.0650,0.5750,0.7994
-0.0750,0.6177,0.8124
-0.0650,0.6553,0.8251
-0.0550,0.6846,0.8375
-0.0500,0.7087,0.8490
-0.0450,0.7222,0.8595
-0.0400,0.7302,0.8693
-0.0300,0.7329,0.8786
-0.0300,0.7275,0.8874
-0.0400,0.7168,0.8954
-0.0350,0.7007,0.9025
-0.0400,0.6846,0.9081
0.0800,0.6660,0.9133
0.4650,0.6499,0.9174
0.0050,0.6338,0.9211
-0.1500,0.6204,0.9245
-0.0500,0.6069,0.9274
-0.0300,0.5935,0.9304
-0.0350,0.5884,0.9331
-0.0300,0.5803,0.9353
-0.0300,0.5723,0.9355
-0.0250,0.5669,0.9335
-0.0200,0.5615,0.9294
-0.0200,0.5562,0.9233
-0.0100,0.5508,0.9157
0.0000,0.5454,0.9069
0.0050,0.5400,0.8962
0.0250,0.5374,0.8832
0.0450,0.5320,0.8664
0.0750,0.5278,0.8461
0.1200,0.5222,0.8241
0.1750,0.5137,0.8011
0.2050,0.5081,0.7784
0.1600,0.5000,0.7559
0.0650,0.4971,0.7337
-0.0100,0.4915,0.7117
-0.0500,0.4888,0.6909
-0.0650,0.4915,0.6709
-0.0650,0.5000,0.6509
-0.0700,0.5166,0.6306
-0.0700,0.5474,0.6113
-0.0600,0.5840,0.5927
-0.0350,0.6289,0.5746
-0.0050,0.6738,0.5573
-0.0550,0.7244,0.5414
-0.0750,0.7637,0.5265
-0.0750,0.8000,0.5114
-0.0650,0.8311,0.4965
-0.0550,0.8535,0.4825
-0.0600,0.8647,0.4691
-0.0450,0.8647,0.4564
-0.0500,0.8562,0.4442
-0.0450,0.8367,0.4312
-0.0550,0.8113,0.4178
-0.0550,0.7832,0.4048
-0.0500,0.7495,0.3924
-0.0200,0.7158,0.3794
0.3100,0.6877,0.3660
0.1050,0.6541,0.3521
-0.2250,0.6260,0.3381
-0.1000,0.6008,0.3249
-0.0350,0.5784,0.3125
-0.0350,0.5559,0.3005
-0.0300,0.5361,0.2890
-0.0250,0.5222,0.2793
-0.0300,0.5081,0.2707
-0.0250,0.5000,0.2639
-0.0200,0.4915,0.2590
-0.0200,0.4802,0.2553
-0.0050,0.4719,0.2524
0.0000,0.4634,0.2492
0.0150,0.4578,0.2455
0.0400,0.4465,0.2409
0.0800,0.4409,0.2353
0.1200,0.4297,0.2292
0.1700,0.4214,0.2223
0.2150,0.4128,0.2155
0.1800,0.4016,0.2086
0.0900,0.3904,0.2038
0.0100,0.3792,0.2001
-0.0400,0.3708,0.1969
-0.0650,0.3708,0.1940
-0.0700,0.3735,0.1911
-0.0700,0.3848,0.1884
-0.0700,0.4072,0.1867
-0.0700,0.4353,0.1859
-0.0600,0.4719,0.1869
-0.0100,0.5083,0.1891
-0.0550,0.5447,0.1911
-0.0750,0.5811,0.1933
-0.0800,0.6121,0.1964
-0.0750,0.6372,0.1999
-0.0650,0.6541,0.2030
-0.0650,0.6626,0.2057
-0.0600,0.6626,0.2069
-0.0600,0.6541,0.2072
-0.0500,0.6401,0.2065
-0.0600,0.6345,0.2052
-0.0600,0.6121,0.2035
-0.0600,0.5867,0.2013
-0.0600,0.5615,0.1981
0.0950,0.5334,0.1940
0.3600,0.5110,0.1901
-0.1350,0.4944,0.1864
-0.1700,0.4746,0.1823
-0.0550,0.4578,0.1776
-0.0300,0.4409,0.1744
-0.0350,0.4297,0.1727
-0.0300,0.4158,0.1720
-0.0250,0.4072,0.1722
-0.0200,0.3960,0.1740
-0.0150,0.3848,0.1766
-0.0150,0.3765,0.1803
-0.0050,0.3679,0.1847
0.0000,0.3623,0.1886
0.0150,0.3540,0.1918
0.0300,0.3484,0.1935
0.0500,0.3398,0.1942
0.0850,0.3315,0.1940
0.1300,0.3230,0.1933
0.1850,0.3118,0.1920
0.2050,0.3062,0.1906
0.1400,0.2949,0.1898
0.0450,0.2866,0.1898
-0.0200,0.2781,0.1903
-0.0550,0.2725,0.1911
-0.0650,0.2754,0.1920
-0.0750,0.2837,0.1933
-0.0700,0.2979,0.1955
-0.0700,0.3230,0.1986
-0.0650,0.3623,0.2025
-0.0350,0.4045,0.2069
-0.0350,0.4551,0.2116
-0.0650,0.4971,0.2162
-0.0800,0.5334,0.2201
-0.0700,0.5698,0.2233
-0.0700,0.6008,0.2258
-0.0700,0.6204,0.2277
-0.0650,0.6289,0.2294
-0.0650,0.6316,0.2306
-0.0600,0.6260,0.2309
-0.0550,0.6147,0.2301
-0.0600,0.5979,0.2297
-0.0600,0.5784,0.2292
-0.0600,0.5559,0.2280
-0.0200,0.5334,0.2265
0.3200,0.5110,0.2253
0.0650,0.4944,0.2245
-0.2250,0.4746,0.2233
-0.1000,0.4578,0.2216
-0.0450,0.4438,0.2204
-0.0400,0.4297,0.2196
-0.0400,0.4185,0.2194
-0.0350,0.4128,0.2194
-0.0300,0.4045,0.2196
-0.0250,0.3960,0.2201
-0.0200,0.3904,0.2218
-0.0150,0.3821,0.2243
-0.0100,0.3765,0.2262
0.0050,0.3708,0.2280
0.0150,0.3623,0.2282
0.0350,0.3567,0.2275
0.0600,0.3511,0.2262
0.1050,0.3428,0.2243
0.1550,0.3342,0.2218
0.2000,0.3286,0.2194
0.1650,0.3174,0.2167
0.0800,0.3091,0.2140
0.0000,0.3005,0.2130
-0.0500,0.2979,0.2138
-0.0650,0.2949,0.2148
-0.0700,0.3062,0.2162
-0.0750,0.3259,0.2204
-0.0700,0.3567,0.2272
-0.0700,0.3933,0.2367
-0.0650,0.4382,0.2485
-0.0200,0.4832,0.2619
-0.0600,0.5278,0.2768
-0.0800,0.5698,0.2939
-0.0800,0.6091,0.3125
-0.0750,0.6401,0.3313
-0.0650,0.6626,0.3504
-0.0700,0.6765,0.3706
-0.0600,0.6851,0.3916
-0.0600,0.6821,0.4134
-0.0550,0.6709,0.4354
-0.0650,0.6570,0.4566
-0.0600,0.6401,0.4774
-0.0500,0.6177,0.4977
-0.0500,0.5952,0.5175
0.2100,0.5728,0.5358
0.3350,0.5530,0.5534
-0.1700,0.5334,0.5720
-0.1250,0.5166,0.5915
-0.0450,0.5027,0.6108
-0.0400,0.4971,0.6296
-0.0400,0.4858,0.6472
-0.0350,0.4746,0.6638
-0.0300,0.4690,0.6807
-0.0250,0.4607,0.6978
-0.0200,0.4521,0.7149
-0.0150,0.4465,0.7320
-0.0050,0.4409,0.7484
0.0000,0.4326,0.7635
0.0150,0.4270,0.7769
0.0250,0.4214,0.7892
0.0450,0.4158,0.8001
0.0800,0.4072,0.8102
0.1300,0.4016,0.8185
0.1850,0.3960,0.8256
0.1950,0.3904,0.8329
0.1200,0.3877,0.8402
0.0350,0.3821,0.8475
-0.0300,0.3821,0.8549
-0.0550,0.3904,0.8622
-0.0650,0.3958,0.8695
-0.0650,0.4194,0.8781
-0.0650,0.4551,0.8871
-0.0600,0.4968,0.8959
-0.0600,0.5474,0.9042
0.0150,0.6040,0.9123
-0.0350,0.6606,0.9201
-0.0650,0.7141,0.9279
-0.0750,0.7617,0.9353
-0.0600,0.8064,0.9414
-0.0500,0.8391,0.9465
-0.0500,0.8628,0.9499
-0.0500,0.8777,0.9514
-0.0400,0.8809,0.9499
-0.0350,0.8777,0.9458
-0.0400,0.8660,0.9399
-0.0500,0.8481,0.9321
-0.0350,0.8213,0.9223
-0.0350,0.7974,0.9106
0.1100,0.7676,0.8976
0.4200,0.7439,0.8835
-0.0900,0.7141,0.8676
-0.1650,0.6902,0.8502
-0.0550,0.6694,0.8319
-0.0300,0.6516,0.8126
-0.0350,0.6338,0.7928
-0.0300,0.6218,0.7725
-0.0250,0.6069,0.7520
-0.0200,0.5920,0.7312
-0.0150,0.5801,0.7115
-0.0100,0.5684,0.6922
-0.0050,0.5564,0.6738
0.0050,0.5444,0.6558
0.0150,0.5325,0.6382
0.0300,0.5208,0.6208
0.0500,0.5088,0.6015
0.0850,0.5029,0.5807
0.1300,0.4968,0.5597
0.1850,0.4910,0.5387
0.2100,0.4790,0.5180
0.1550,0.4702,0.4974
0.0600,0.4612,0.4781
-0.0150,0.4492,0.4596
-0.0550,0.4463,0.4430
-0.0650,0.4463,0.4276
-0.0700,0.4521,0.4136
-0.0650,0.4700,0.4002
-0.0650,0.4968,0.3877
-0.0650,0.5325,0.3758
-0.0450,0.5771,0.3653
-0.0150,0.6248,0.3560
-0.0600,0.6785,0.3467
-0.0800,0.7200,0.3372
-0.0700,0.7588,0.3286
-0.0650,0.7915,0.3208
-0.0600,0.8123,0.3137
-0.0550,0.8271,0.3071
-0.0500,0.8271,0.3008
-0.0450,0.8152,0.2949
-0.0450,0.7974,0.2890
-0.0550,0.7705,0.2832
-0.0500,0.7407,0.2766
-0.0450,0.6846,0.2692
-0.0100,0.6526,0.2617
0.3250,0.6230,0.2536
0.0900,0.5935,0.2453
-0.2150,0.5669,0.2370
-0.0900,0.5427,0.2287
-0.0350,0.5212,0.2206
-0.0350,0.5024,0.2138
-0.0300,0.4919,0.2077
-0.0250,0.4785,0.2025
-0.0200,0.4651,0.1981
-0.0150,0.4543,0.1950
-0.0100,0.4490,0.1933
-0.0050,0.4382,0.1933
0.0000,0.4275,0.1947
0.0150,0.4221,0.1955
0.0250,0.4116,0.1952
0.0450,0.4009,0.1945
0.0800,0.3955,0.1928
0.1200,0.3848,0.1901
0.1700,0.3740,0.1864
0.2100,0.3633,0.1830
0.1800,0.3525,0.1798
0.0900,0.3418,0.1769
0.0100,0.3311,0.1742
-0.0400,0.3232,0.1727
-0.0600,0.3232,0.1722
-0.0650,0.3257,0.1725
-0.0700,0.3364,0.1732
-0.0700,0.3579,0.1742
-0.0650,0.3875,0.1759
-0.0600,0.4248,0.1786
-0.0150,0.4624,0.1820
-0.0500,0.5024,0.1852
-0.0700,0.5427,0.1881
-0.0750,0.5776,0.1906
-0.0650,0.6069,0.1928
-0.0550,0.6284,0.1940
-0.0600,0.6418,0.1942
-0.0500,0.6445,0.1937
-0.0450,0.6392,0.1928
-0.0450,0.6257,0.1923
-0.0500,0.6204,0.1923
-0.0500,0.6069,0.1928
-0.0450,0.5857,0.1935
-0.0500,0.5642,0.1935
0.1150,0.5374,0.1928
0.3550,0.5159,0.1915
-0.1400,0.4973,0.1901
-0.1600,0.4812,0.1893
-0.0450,0.4624,0.1893
-0.0350,0.4490,0.1898
-0.0350,0.4329,0.1908
-0.0300,0.4221,0.1918
-0.0250,0.4116,0.1930
-0.0200,0.4036,0.1952
-0.0150,0.3955,0.1986
-0.0100,0.3901,0.2025
0.0000,0.3821,0.2067
0.0050,0.3767,0.2104
0.0200,0.3687,0.2133
0.0350,0.3633,0.2157
0.0550,0.3579,0.2174
0.0900,0.3499,0.2170
0.1400,0.3418,0.2148
0.1900,0.3364,0.2123
0.2050,0.3284,0.2099
0.1400,0.3206,0.2082
0.0450,0.3098,0.2072
-0.0200,0.3044,0.2057
-0.0500,0.2964,0.2040
-0.0650,0.2964,0.2040
-0.0700,0.3044,0.2055
-0.0650,0.3179,0.2069
-0.0600,0.3391,0.2084
-0.0650,0.3713,0.2099
-0.0350,0.4087,0.2113
-0.0300,0.4570,0.2135
-0.0600,0.4971,0.2167
-0.0750,0.5427,0.2204
-0.0650,0.5830,0.2243
-0.0600,0.6150,0.2287
-0.0550,0.6392,0.2328
-0.0550,0.6526,0.2363
-0.0500,0.6606,0.2387
-0.0500,0.6580,0.2397
-0.0450,0.6472,0.2394
-0.0550,0.6311,0.2382
-0.0550,0.6123,0.2363
-0.0500,0.5908,0.2338
0.0000,0.5696,0.2311
0.3600,0.5427,0.2282
0.0500,0.5212,0.2253
-0.2050,0.5024,0.2218
-0.0800,0.4893,0.2187
-0.0300,0.4731,0.2165
-0.0350,0.4597,0.2152
-0.0300,0.4490,0.2145
-0.0250,0.4382,0.2143
-0.0250,0.4275,0.2155
-0.0150,0.4221,0.2179
-0.0150,0.4116,0.2218
-0.0100,0.4062,0.2275
-0.0050,0.3982,0.2336
0.0050,0.3901,0.2407
0.0150,0.3848,0.2482
0.0350,0.3767,0.2563
0.0600,0.3713,0.2658
0.1050,0.3633,0.2766
0.1500,0.3552,0.2871
0.1900,0.3472,0.2976
0.1650,0.3364,0.3098
0.0850,0.3311,0.3240
0.0050,0.3206,0.3406
-0.0400,0.3152,0.3589
-0.0550,0.3125,0.3785
-0.0650,0.3206,0.3992
-0.0650,0.3337,0.4217
-0.0650,0.3579,0.4456
-0.0600,0.3901,0.4720
-0.0550,0.4302,0.4996
-0.0100,0.4785,0.5265
-0.0550,0.5222,0.5527
-0.0750,0.5728,0.5790
-0.0750,0.6204,0.6054
-0.0700,0.6597,0.6291
-0.0550,0.6907,0.6506
-0.0600,0.7131,0.6709
-0.0500,0.7214,0.6907
-0.0550,0.7244,0.7088
-0.0400,0.7214,0.7254
-0.0550,0.7075,0.7400
-0.0500,0.6907,0.7532
-0.0450,0.6682,0.7650
-0.0350,0.6458,0.7760
0.2500,0.6233,0.7860
0.3300,0.6008,0.7957
-0.1600,0.5784,0.8058
-0.1050,0.5615,0.8163
-0.0350,0.5474,0.8263
-0.0400,0.5361,0.8356
-0.0350,0.5249,0.8456
-0.0350,0.5166,0.8559
-0.0300,0.5081,0.8656
-0.0300,0.5054,0.8749
-0.0200,0.5000,0.8837
-0.0200,0.5000,0.8920
-0.0150,0.4971,0.9001
0.0000,0.4915,0.9076
0.0050,0.4858,0.9142
0.0250,0.4802,0.9196
0.0500,0.4746,0.9233
0.0850,0.4690,0.9255
0.1350,0.4634,0.9274
0.1900,0.4551,0.9294
0.1950,0.4495,0.9304
0.1200,0.4409,0.9306
0.0300,0.4353,0.9301
-0.0300,0.4326,0.9289
-0.0550,0.4326,0.9262
-0.0600,0.4409,0.9223
-0.0650,0.4634,0.9164
-0.0650,0.4915,0.9091
-0.0600,0.5305,0.9006
-0.0550,0.5811,0.8910
0.0000,0.6372,0.8810
-0.0450,0.6934,0.8703
-0.0650,0.7495,0.8571
-0.0750,0.7974,0.8419
-0.0650,0.8394,0.8251
-0.0550,0.8730,0.8070
-0.0500,0.8984,0.7894
-0.0500,0.9124,0.7716
-0.0450,0.9153,0.7532
-0.0350,0.9067,0.7339
-0.0450,0.8872,0.7141
-0.0500,0.8618,0.6939
-0.0350,0.8337,0.6733
-0.0400,0.8000,0.6528
0.1300,0.7664,0.6321
0.3600,0.7327,0.6113
-0.1500,0.7046,0.5915
-0.1650,0.6738,0.5727
-0.0450,0.6514,0.5546
-0.0300,0.6230,0.5370
-0.0300,0.6042,0.5199
-0.0300,0.5884,0.5031
-0.0250,0.5723,0.4877
-0.0250,0.5615,0.4732
-0.0200,0.5481,0.4598
-0.0050,0.5347,0.4471
0.0000,0.5239,0.4349
0.0100,0.5132,0.4229
0.0200,0.5024,0.4105
0.0400,0.4973,0.3970
0.0650,0.4919,0.3833
0.1000,0.4812,0.3692
0.1500,0.4705,0.3548
0.2000,0.4597,0.3403
0.2150,0.4490,0.3269
0.1450,0.4355,0.3144
0.0500,0.4221,0.3034
-0.0150,0.4167,0.2939
-0.0500,0.4089,0.2854
-0.0650,0.4116,0.2778
-0.0750,0.4221,0.2710
-0.0700,0.4409,0.2644
-0.0650,0.4705,0.2585
-0.0650,0.5078,0.2529
-0.0350,0.5481,0.2487
-0.0300,0.5908,0.2455
-0.0700,0.6338,0.2421
-0.0850,0.6741,0.2387
-0.0750,0.7061,0.2353
-0.0700,0.7302,0.2314
-0.0650,0.7437,0.2277
-0.0550,0.7463,0.2240
-0.0500,0.7437,0.2206
-0.0550,0.7302,0.2172
-0.0500,0.7141,0.2138
-0.0600,0.6873,0.2104
-0.0600,0.6606,0.2069
-0.0600,0.6311,0.2035
-0.0200,0.5989,0.2006
0.3250,0.5669,0.1974
0.0700,0.5400,0.1933
-0.2300,0.5159,0.1886
-0.1000,0.5000,0.1845
-0.0500,0.4866,0.1808
-0.0400,0.4705,0.1774
-0.0350,0.4570,0.1744
-0.0300,0.4436,0.1727
-0.0250,0.4329,0.1722
-0.0200,0.4221,0.1732
-0.0150,0.4194,0.1759
-0.0150,0.4116,0.1793
-0.0050,0.4009,0.1832
0.0100,0.3928,0.1869
0.0250,0.3848,0.1898
0.0450,0.3740,0.1906
0.0750,0.3633,0.1893
0.1150,0.3525,0.1879
0.1700,0.3472,0.1859
0.2100,0.3364,0.1840
0.1800,0.3257,0.1820
0.0850,0.3152,0.1801
0.0050,0.3115,0.1781
-0.0400,0.3040,0.1769
-0.0600,0.2988,0.1766
-0.0650,0.3013,0.1769
-0.0750,0.3115,0.1779
-0.0650,0.3296,0.1801
-0.0650,0.3579,0.1832
-0.0650,0.3916,0.1871
-0.0300,0.4329,0.1918
-0.0550,0.4766,0.1967
-0.0750,0.5154,0.2016
-0.0800,0.5540,0.2057
-0.0750,0.5876,0.2091
-0.0600,0.6133,0.2121
-0.0650,0.6313,0.2145
-0.0550,0.6365,0.2165
-0.0550,0.6365,0.2182
-0.0450,0.6262,0.2196
-0.0600,0.6133,0.2209
-0.0550,0.5952,0.2211
-0.0600,0.5747,0.2204
-0.0550,0.5515,0.2179
0.1450,0.5281,0.2143
0.3350,0.5051,0.2106
-0.1700,0.4895,0.2072
-0.1600,0.4714,0.2038
-0.0550,0.4561,0.2006
-0.0400,0.4404,0.1984
-0.0350,0.4302,0.1972
-0.0350,0.4199,0.1967
-0.0300,0.4094,0.1969
-0.0250,0.4019,0.1984
-0.0200,0.3940,0.2011
-0.0200,0.3889,0.2045
-0.0150,0.3813,0.2084
-0.0050,0.3733,0.2116
0.0050,0.3682,0.2143
0.0200,0.3606,0.2165
0.0500,0.3528,0.2182
0.0850,0.3477,0.2189
0.1300,0.3401,0.2187
0.1850,0.3320,0.2174
0.2000,0.3245,0.2157
0.1350,0.3167,0.2138
0.0400,0.3091,0.2116
-0.0300,0.3040,0.2099
-0.0600,0.2988,0.2091
-0.0750,0.3013,0.2089
-0.0700,0.3115,0.2089
-0.0700,0.3323,0.2094
-0.0700,0.3657,0.2101
-0.0700,0.4070,0.2118
-0.0350,0.4509,0.2145
-0.0450,0.4973,0.2179
-0.0700,0.5410,0.2218
-0.0800,0.5823,0.2260
-0.0700,0.6160,0.2301
-0.0650,0.6443,0.2336
-0.0600,0.6650,0.2363
-0.0550,0.6753,0.2382
-0.0550,0.6753,0.2397
-0.0550,0.6702,0.2399
-0.0550,0.6675,0.2394
-0.0700,0.6545,0.2399
-0.0600,0.6392,0.2414
-0.0550,0.6160,0.2436
0.0100,0.5928,0.2465
0.3750,0.5669,0.2497
0.0100,0.5437,0.2536
-0.2000,0.5205,0.2600
-0.0800,0.5024,0.2680
-0.0450,0.4868,0.2775
-0.0400,0.4714,0.2885
-0.0400,0.4612,0.3012
-0.0300,0.4507,0.3159
-0.0250,0.4404,0.3325
-0.0250,0.4302,0.3508
-0.0300,0.4199,0.3706
-0.0200,0.4148,0.3916
-0.0150,0.4070,0.4141
-0.0100,0.3992,0.4381
0.0050,0.3940,0.4620
0.0250,0.3889,0.4857
0.0600,0.3813,0.5084
0.1000,0.3760,0.5299
0.1450,0.3682,0.5497
0.1850,0.3630,0.5683
0.1550,0.3555,0.5876
0.0700,0.3477,0.6076
-0.0100,0.3425,0.6274
-0.0500,0.3347,0.6467
-0.0650,0.3347,0.6658
-0.0650,0.3374,0.6846
-0.0650,0.3503,0.7032
-0.0650,0.3735,0.7215
-0.0650,0.4043,0.7383
-0.0500,0.4431,0.7545
-0.0050,0.4895,0.7708
-0.0600,0.5334,0.7872
-0.0800,0.5798,0.8016
-0.0750,0.6235,0.8146
-0.0650,0.6624,0.8273
-0.0550,0.6907,0.8397
-0.0550,0.7139,0.8512
-0.0450,0.7292,0.8617
-0.0500,0.7344,0.8712
-0.0350,0.7344,0.8803
-0.0500,0.7241,0.8888
-0.0500,0.7139,0.8971
-0.0450,0.6958,0.9052
-0.0200,0.6804,0.9128
0.3250,0.6597,0.9194
0.2750,0.6392,0.9250
-0.1650,0.6235,0.9309
-0.0900,0.6055,0.9367
-0.0350,0.5901,0.9419
-0.0350,0.5771,0.9465
-0.0350,0.5642,0.9504
-0.0300,0.5540,0.9536
-0.0200,0.5488,0.9555
-0.0150,0.5386,0.9563
-0.0200,0.5332,0.9553
-0.0150,0.5256,0.9524
-0.0050,0.5178,0.9462
0.0000,0.5137,0.9375
0.0100,0.5081,0.9267
0.0350,0.5000,0.9140
0.0650,0.5000,0.8993
0.1000,0.4915,0.8827
0.1550,0.4858,0.8649
0.2050,0.4802,0.8458
0.2000,0.4719,0.8253
0.1150,0.4634,0.8033
0.0250,0.4578,0.7813
-0.0250,0.4521,0.7596
-0.0550,0.4495,0.7388
-0.0650,0.4578,0.7188
-0.0700,0.4719,0.6988
-0.0700,0.4944,0.6785
-0.0650,0.5278,0.6592
-0.0550,0.5698,0.6406
0.0000,0.6177,0.6237
-0.0500,0.6682,0.6079
-0.0750,0.7188,0.5922
-0.0750,0.7637,0.5763
-0.0650,0.8000,0.5595
-0.0600,0.8311,0.5419
-0.0550,0.8535,0.5243
-0.0500,0.8647,0.5072
-0.0450,0.8674,0.4906
-0.0400,0.8562,0.4740
-0.0450,0.8367,0.4579
-0.0550,0.8113,0.4420
-0.0500,0.7832,0.4271
-0.0500,0.7495,0.4131
0.1500,0.7158,0.3990
0.3350,0.6821,0.3848
-0.1800,0.6541,0.3714
-0.1550,0.6233,0.3589
-0.0450,0.5979,0.3469
-0.0350,0.5728,0.3355
-0.0350,0.5503,0.3254
-0.0300,0.5334,0.3164
-0.0300,0.5166,0.3083
-0.0250,0.5027,0.3010
-0.0150,0.4915,0.2942
-0.0100,0.4802,0.2878
-0.0050,0.4690,0.2819
0.0000,0.4578,0.2761
0.0150,0.4465,0.2707
0.0350,0.4353,0.2651
0.0600,0.4241,0.2590
0.1000,0.4128,0.2519
0.1450,0.4016,0.2446
0.2000,0.3904,0.2367
0.2000,0.3792,0.2289
0.1300,0.3679,0.2214
0.0350,0.3567,0.2148
-0.0300,0.3455,0.2091
-0.0650,0.3342,0.2050
-0.0750,0.3315,0.2023
-0.0700,0.3398,0.2006
-0.0700,0.3540,0.1999
-0.0700,0.3792,0.2006
-0.0700,0.4128,0.2025
-0.0400,0.4495,0.2045
-0.0300,0.4919,0.2065
-0.0650,0.5266,0.2079
-0.0800,0.5615,0.2096
-0.0800,0.5908,0.2123
-0.0700,0.6150,0.2152
-0.0600,0.6257,0.2170
-0.0600,0.6311,0.2174
-0.0550,0.6257,0.2179
-0.0550,0.6150,0.2184
-0.0500,0.5989,0.2182
-0.0600,0.5803,0.2170
-0.0600,0.5535,0.2152
-0.0600,0.5293,0.2130
-0.0200,0.5051,0.2096
0.3400,0.4839,0.2052
0.0550,0.4624,0.2011
-0.2200,0.4409,0.1972
-0.0900,0.4194,0.1937
-0.0400,0.4036,0.1906
-0.0400,0.3875,0.1886
-0.0350,0.3740,0.1876
-0.0350,0.3633,0.1874
-0.0300,0.3525,0.1876
-0.0250,0.3445,0.1893
-0.0150,0.3364,0.1920
-0.0100,0.3284,0.1945
0.0000,0.3206,0.1969
0.0100,0.3152,0.1989
0.0300,0.3071,0.2008
0.0450,0.2991,0.2028
0.0750,0.2937,0.2043
0.1150,0.2830,0.2038
0.1700,0.2776,0.2016
0.2050,0.2668,0.1991
0.1700,0.2561,0.1967
0.0850,0.2480,0.1942
0.0000,0.2454,0.1918
-0.0400,0.2454,0.1901
-0.0600,0.2507,0.1893
-0.0700,0.2642,0.1893
-0.0700,0.2830,0.1898
-0.0650,0.3152,0.1906
-0.0650,0.3499,0.1918
-0.0550,0.3928,0.1952
-0.0200,0.4409,0.2001
-0.0550,0.4866,0.2043
-0.0750,0.5239,0.2077
-0.0750,0.5615,0.2116
-0.0700,0.5857,0.2160
-0.0650,0.6042,0.2204
-0.0650,0.6123,0.2250
-0.0550,0.6123,0.2287
-0.0550,0.6042,0.2314
-0.0450,0.5908,0.2328
-0.0550,0.5750,0.2326
-0.0600,0.5535,0.2319
-0.0600,0.5320,0.2301
-0.0550,0.5051,0.2280
0.1700,0.4893,0.2255
0.3100,0.4678,0.2226
-0.1850,0.4463,0.2196
-0.1450,0.4275,0.2167
-0.0500,0.4116,0.2138
-0.0400,0.4009,0.2116
-0.0350,0.3875,0.2101
-0.0300,0.3794,0.2084
-0.0300,0.3687,0.2067
-0.0250,0.3606,0.2067
-0.0200,0.3525,0.2079
-0.0150,0.3472,0.2101
-0.0050,0.3391,0.2130
0.0050,0.3337,0.2157
0.0150,0.3257,0.2179
0.0350,0.3206,0.2199
0.0550,0.3152,0.2214
0.0850,0.3071,0.2216
0.1300,0.2991,0.2209
0.1850,0.2910,0.2196
0.1950,0.2883,0.2179
0.1200,0.2830,0.2167
0.0350,0.2856,0.2162
-0.0250,0.2856,0.2160
-0.0550,0.2856,0.2160
-0.0650,0.2937,0.2165
-0.0700,0.3071,0.2172
-0.0750,0.3284,0.2189
-0.0700,0.3579,0.2216
-0.0700,0.3982,0.2260
-0.0250,0.4409,0.2319
-0.0400,0.4866,0.2397
-0.0650,0.5266,0.2490
-0.0850,0.5696,0.2607
-0.0800,0.6042,0.2744
-0.0650,0.6311,0.2905
-0.0650,0.6499,0.3083
-0.0600,0.6606,0.3267
-0.0550,0.6660,0.3455
-0.0450,0.6580,0.3653
-0.0500,0.6472,0.3858
-0.0550,0.6284,0.4061
-0.0450,0.6069,0.4263
-0.0500,0.5857,0.4471
0.0550,0.5642,0.4686
0.4250,0.5427,0.4894
-0.0050,0.5212,0.5097
-0.1650,0.5024,0.5297
-0.0600,0.4893,0.5492
-0.0350,0.4758,0.5683
-0.0350,0.4597,0.5873
-0.0300,0.4490,0.6062
-0.0250,0.4436,0.6247
-0.0150,0.4329,0.6433
-0.0200,0.4275,0.6619
-0.0150,0.4194,0.6799
-0.0100,0.4116,0.6980
0.0000,0.4062,0.7161
0.0150,0.3982,0.7337
0.0200,0.3901,0.7493
0.0400,0.3848,0.7630
0.0750,0.3794,0.7752
0.1100,0.3740,0.7862
0.1650,0.3660,0.7967
0.2050,0.3606,0.8065
0.1650,0.3552,0.8158
0.0650,0.3428,0.8246
-0.0050,0.3372,0.8341
-0.0450,0.3372,0.8444
-0.0600,0.3455,0.8539
-0.0600,0.3567,0.8632
-0.0550,0.3821,0.8730
-0.0650,0.4158,0.8832
-0.0600,0.4607,0.8927
-0.0300,0.5054,0.9018
0.0100,0.5586,0.9103
-0.0550,0.6091,0.9186
-0.0750,0.6597,0.9265
-0.0700,0.7046,0.9340
-0.0600,0.7383,0.9406
-0.0400,0.7693,0.9460
-0.0450,0.7861,0.9506
-0.0350,0.7944,0.9543
-0.0350,0.7944,0.9568
-0.0250,0.7888,0.9577
-0.0450,0.7776,0.9555
-0.0350,0.7607,0.9511
-0.0300,0.7412,0.9448
0.0000,0.7188,0.9367
0.3600,0.6990,0.9277
0.1600,0.6794,0.9174
-0.1850,0.6626,0.9050
-0.0850,0.6428,0.8901
-0.0300,0.6316,0.8747
-0.0300,0.6204,0.8588
-0.0250,0.6091,0.8414
-0.0200,0.5979,0.8231
-0.0150,0.5867,0.8050
-0.0100,0.5811,0.7870
-0.0050,0.5698,0.7681
0.0000,0.5642,0.7491
0.0050,0.5530,0.7303
0.0200,0.5417,0.7117
0.0300,0.5334,0.6917
0.0500,0.5249,0.6702
0.0850,0.5137,0.6487
0.1200,0.5027,0.6272
0.1700,0.4971,0.6047
0.2250,0.4858,0.5817
0.1950,0.4746,0.5602
0.1050,0.4634,0.5399
0.0200,0.4578,0.5206
-0.0350,0.4495,0.5023
-0.0550,0.4495,0.4845
-0.0650,0.4578,0.4674
-0.0700,0.4719,0.4517
-0.0650,0.4998,0.4373
-0.0650,0.5305,0.4239
-0.0600,0.5447,0.4109
0.0000,0.5784,0.3987
-0.0450,0.6260,0.3872
-0.0700,0.6682,0.3770
-0.0750,0.7102,0.3679
-0.0600,0.7439,0.3596
-0.0550,0.7693,0.3518
-0.0500,0.7888,0.3438
-0.0450,0.7944,0.3355
-0.0450,0.7944,0.3276
-0.0400,0.7805,0.3203
-0.0500,0.7581,0.3125
-0.0450,0.7327,0.3042
-0.0400,0.7046,0.2954
-0.0400,0.6709,0.2863
0.1750,0.6372,0.2758
0.3300,0.6035,0.2646
-0.1750,0.5754,0.2538
-0.1400,0.5474,0.2438
-0.0350,0.5222,0.2353
-0.0300,0.5027,0.2277
-0.0300,0.4888,0.2214
-0.0250,0.4746,0.2157
-0.0250,0.4634,0.2118
-0.0250,0.4521,0.2091
-0.0200,0.4409,0.2074
-0.0100,0.4297,0.2067
-0.0050,0.4185,0.2074
0.0100,0.4072,0.2091
0.0200,0.3960,0.2099
0.0350,0.3877,0.2096
0.0650,0.3792,0.2086
0.1050,0.3679,0.2069
0.1550,0.3567,0.2040
0.2050,0.3455,0.2001
0.2100,0.3342,0.1962
0.1300,0.3230,0.1928
0.0350,0.3118,0.1893
-0.0250,0.3035,0.1864
-0.0600,0.2979,0.1847
-0.0650,0.2922,0.1840
-0.0700,0.3005,0.1837
-0.0650,0.3147,0.1842
-0.0600,0.3372,0.1849
-0.0550,0.3679,0.1862
-0.0350,0.4045,0.1884
-0.0350,0.4465,0.1915
-0.0600,0.4888,0.1957
-0.0750,0.5193,0.2001
-0.0700,0.5530,0.2038
-0.0650,0.5784,0.2069
-0.0600,0.5979,0.2096
-0.0650,0.6064,0.2118
-0.0550,0.6064,0.2126
-0.0500,0.5979,0.2123
-0.0450,0.5811,0.2113
-0.0600,0.5615,0.2099
-0.0600,0.5391,0.2091
-0.0550,0.5166,0.2086
-0.0050,0.4971,0.2067
0.3600,0.4775,0.2035
0.0450,0.4551,0.2001
-0.2100,0.4326,0.1969
-0.0850,0.4158,0.1940
-0.0400,0.3989,0.1913
-0.0450,0.3848,0.1896
-0.0400,0.3735,0.1889
-0.0300,0.3623,0.1886
-0.0300,0.3511,0.1889
-0.0200,0.3455,0.1896
-0.0200,0.3342,0.1908
-0.0150,0.3286,0.1930
-0.0100,0.3203,0.1962
0.0000,0.3118,0.1999
0.0150,0.3062,0.2040
0.0350,0.3005,0.2065
0.0700,0.2949,0.2077
0.1050,0.2866,0.2079
0.1600,0.2810,0.2072
0.2000,0.2754,0.2060
0.1700,0.2698,0.2043
0.0750,0.2668,0.2030
0.0000,0.2642,0.2025
-0.0450,0.2642,0.2016
-0.0600,0.2668,0.2003
-0.0700,0.2810,0.2006
-0.0700,0.3005,0.2023
-0.0700,0.3286,0.2038
-0.0700,0.3708,0.2055
-0.0600,0.4128,0.2082
-0.0250,0.4607,0.2116
-0.0550,0.5083,0.2155
-0.0750,0.5503,0.2194
-0.0750,0.5867,0.2228
-0.0700,0.6204,0.2258
-0.0650,0.6401,0.2289
-0.0600,0.6541,0.2323
-0.0550,0.6570,0.2353
-0.0550,0.6514,0.2375
-0.0500,0.6401,0.2382
-0.0550,0.6233,0.2377
-0.0650,0.6035,0.2375
-0.0550,0.5840,0.2372
-0.0550,0.5559,0.2363
0.1950,0.5334,0.2345
0.2900,0.5110,0.2323
-0.1950,0.4971,0.2297
-0.1400,0.4775,0.2267
-0.0450,0.4607,0.2238
-0.0400,0.4465,0.2216
-0.0350,0.4353,0.2204
-0.0300,0.4241,0.2196
-0.0300,0.4128,0.2192
-0.0300,0.4072,0.2192
-0.0250,0.3960,0.2196
-0.0200,0.3904,0.2221
-0.0100,0.3792,0.2260
-0.0050,0.3735,0.2294
0.0050,0.3652,0.2323
0.0250,0.3567,0.2355
0.0450,0.3511,0.2392
0.0850,0.3428,0.2443
0.1300,0.3342,0.2504
0.1800,0.3286,0.2575
0.1800,0.3174,0.2653
0.1100,0.3091,0.2756
0.0250,0.3005,0.2883
-0.0350,0.2949,0.3034
-0.0650,0.2922,0.3210
-0.0650,0.3005,0.3411
-0.0750,0.3147,0.3633
-0.0750,0.3398,0.3870
-0.0700,0.3765,0.4122
-0.0650,0.4214,0.4378
-0.0150,0.4690,0.4642
-0.0450,0.5139,0.4901
-0.0750,0.5615,0.5153
-0.0900,0.6035,0.5402
-0.0800,0.6372,0.5644
-0.0650,0.6626,0.5876
-0.0600,0.6821,0.6093
-0.0550,0.6907,0.6303
-0.0450,0.6907,0.6506
-0.0450,0.6821,0.6704
-0.0450,0.6709,0.6897
-0.0500,0.6514,0.7075
-0.0450,0.6345,0.7239
-0.0450,0.6121,0.7383
0.0850,0.5896,0.7513
0.4400,0.5671,0.7640
-0.0300,0.5447,0.7764
-0.1450,0.5278,0.7879
-0.0500,0.5110,0.7984
-0.0350,0.5000,0.8085
-0.0350,0.4915,0.8180
-0.0300,0.4832,0.8280
-0.0300,0.4746,0.8383
-0.0250,0.4690,0.8483
-0.0200,0.4607,0.8576
-0.0200,0.4551,0.8676
-0.0200,0.4521,0.8778
-0.0100,0.4465,0.8876
0.0000,0.4438,0.8967
0.0150,0.4382,0.9042
0.0350,0.4326,0.9103
0.0750,0.4297,0.9147
0.1150,0.4241,0.9172
0.1750,0.4185,0.9184
0.2100,0.4128,0.9186
0.1550,0.4072,0.9184
0.0600,0.4045,0.9177
-0.0150,0.3989,0.9186
-0.0450,0.4016,0.9208
-0.0650,0.4128,0.9221
-0.0600,0.4326,0.9223
-0.0650,0.4634,0.9208
-0.0650,0.5027,0.9179
-0.0600,0.5447,0.9140
-0.0300,0.5615,0.9091
-0.0150,0.6091,0.9025
-0.0600,0.6597,0.8945
-0.0850,0.7131,0.8844
-0.0750,0.7581,0.8727
-0.0650,0.7944,0.8598
-0.0550,0.8254,0.8456
-0.0550,0.8450,0.8287
-0.0500,0.8562,0.8094
-0.0500,0.8591,0.7896
-0.0400,0.8562,0.7691
-0.0550,0.8450,0.7486
-0.0500,0.8254,0.7276
-0.0450,0.8000,0.7066
0.0050,0.7720,0.6856
0.3600,0.7439,0.6645
0.0450,0.7131,0.6435
-0.2100,0.6821,0.6235
-0.0850,0.6570,0.6042
-0.0300,0.6345,0.5859
-0.0350,0.6121,0.5680
-0.0350,0.5952,0.5507
-0.0250,0.5784,0.5338
-0.0200,0.5642,0.5184
-0.0150,0.5530,0.5043
-0.0100,0.5417,0.4918
-0.0050,0.5305,0.4808
0.0050,0.5193,0.4701
0.0100,0.5081,0.4591
0.0250,0.5000,0.4459
0.0450,0.4971,0.4315
0.0800,0.4888,0.4163
0.1200,0.4802,0.4012
0.1700,0.4690,0.3860
0.2100,0.4634,0.3709
0.1800,0.4521,0.3557
0.0900,0.4409,0.3408
0.0000,0.4297,0.3281
-0.0400,0.4185,0.3171
-0.0600,0.4128,0.3064
-0.0750,0.4158,0.2959
-0.0700,0.4270,0.2866
-0.0700,0.4495,0.2783
-0.0650,0.4802,0.2707
-0.0600,0.5110,0.2641
-0.0150,0.5559,0.2590
-0.0500,0.6008,0.2548
-0.0750,0.6428,0.2509
-0.0700,0.6821,0.2470
-0.0650,0.7131,0.2438
-0.0600,0.7327,0.2414
-0.0600,0.7439,0.2389
-0.0500,0.7468,0.2360
-0.0550,0.7383,0.2331
-0.0450,0.7244,0.2297
-0.0550,0.7019,0.2262
-0.0550,0.6794,0.2228
-0.0500,0.6541,0.2194
-0.0500,0.6204,0.2160
0.1650,0.5923,0.2126
0.3150,0.5586,0.2091
-0.1850,0.5334,0.2050
-0.1450,0.5110,0.2001
-0.0400,0.4944,0.1955
-0.0300,0.4775,0.1915
-0.0300,0.4634,0.1881
-0.0300,0.4465,0.1849
-0.0300,0.4353,0.1828
-0.0200,0.4241,0.1820
-0.0150,0.4158,0.1830
-0.0100,0.4072,0.1849
-0.0050,0.3960,0.1869
0.0050,0.3904,0.1889
0.0150,0.3877,0.1908
0.0350,0.3848,0.1925
0.0600,0.3792,0.1925
0.1000,0.3708,0.1908
0.1450,0.3623,0.1886
0.1950,0.3511,0.1864
0.2000,0.3455,0.1852
0.1200,0.3418,0.1847
0.0350,0.3311,0.1837
-0.0250,0.3206,0.1828
-0.0600,0.3098,0.1823
-0.0700,0.2991,0.1825
-0.0750,0.2964,0.1830
-0.0700,0.2991,0.1840
-0.0650,0.3125,0.1852
-0.0600,0.3337,0.1867
-0.0400,0.3633,0.1881
-0.0350,0.4036,0.1898
-0.0600,0.4463,0.1925
-0.0750,0.4893,0.1959
-0.0700,0.5239,0.1989
-0.0700,0.5615,0.2016
-0.0650,0.5908,0.2038
-0.0600,0.6123,0.2057
-0.0550,0.6230,0.2077
-0.0600,0.6230,0.2094
-0.0500,0.6204,0.2108
-0.0600,0.6069,0.2123
-0.0600,0.5908,0.2138
-0.0550,0.5696,0.2150
0.0050,0.5481,0.2152
0.3700,0.5212,0.2145
0.0150,0.5024,0.2130
-0.2050,0.4839,0.2113
-0.0800,0.4624,0.2101
-0.0400,0.4463,0.2096
-0.0350,0.4302,0.2096
-0.0350,0.4167,0.2099
-0.0250,0.4062,0.2104
-0.0200,0.3955,0.2111
-0.0150,0.3875,0.2128
-0.0100,0.3794,0.2155
-0.0050,0.3740,0.2189
0.0000,0.3660,0.2226
0.0100,0.3606,0.2258
0.0250,0.3552,0.2280
0.0400,0.3499,0.2280
0.0700,0.3418,0.2258
0.1200,0.3364,0.2221
0.1700,0.3311,0.2177
0.2050,0.3232,0.2133
0.1750,0.3152,0.2094
0.0800,0.3098,0.2067
0.0000,0.2991,0.2050
-0.0450,0.2937,0.2040
-0.0600,0.2856,0.2038
-0.0650,0.2883,0.2038
-0.0650,0.2991,0.2045
-0.0650,0.3179,0.2062
-0.0650,0.3418,0.2089
-0.0550,0.3821,0.2121
-0.0150,0.4248,0.2160
-0.0550,0.4731,0.2201
-0.0700,0.5159,0.2245
-0.0750,0.5642,0.2282
-0.0650,0.6016,0.2309
-0.0550,0.6365,0.2331
-0.0600,0.6606,0.2348
-0.0550,0.6794,0.2363
-0.0500,0.6963,0.2375
-0.0400,0.6934,0.2385
-0.0550,0.6851,0.2392
-0.0550,0.6709,0.2397
-0.0500,0.6514,0.2402
-0.0500,0.6289,0.2407
0.2200,0.6035,0.2411
0.2750,0.5784,0.2426
-0.1950,0.5559,0.2451
-0.1250,0.5334,0.2490
-0.0450,0.5110,0.2543
-0.0400,0.4971,0.2619
-0.0350,0.4802,0.2712
-0.0300,0.4690,0.2817
-0.0250,0.4578,0.2934
-0.0250,0.4465,0.3078
-0.0250,0.4353,0.3245
-0.0200,0.4241,0.3430
-0.0150,0.4185,0.3628
-0.0100,0.4072,0.3836
0.0050,0.4016,0.4051
0.0200,0.3960,0.4271
0.0450,0.3877,0.4495
0.0800,0.3792,0.4713
0.1250,0.3735,0.4921
0.1750,0.3652,0.5123
0.1850,0.3567,0.5324
0.1100,0.3484,0.5531
0.0250,0.3398,0.5742
-0.0250,0.3315,0.5947
-0.0550,0.3259,0.6147
-0.0600,0.3259,0.6355
-0.0650,0.3286,0.6565
-0.0600,0.3484,0.6770
-0.0550,0.3735,0.6968
-0.0500,0.4072,0.7161
0.0100,0.4521,0.7352
-0.0400,0.4971,0.7537
-0.0650,0.5447,0.7720
-0.0800,0.5952,0.7889
-0.0750,0.6401,0.8048
-0.0650,0.6765,0.8199
-0.0650,0.7075,0.8341
-0.0600,0.7300,0.8458
-0.0500,0.7439,0.8554
-0.0450,0.7524,0.8642
-0.0450,0.7468,0.8727
-0.0550,0.7383,0.8810
-0.0500,0.7244,0.8891
-0.0450,0.7075,0.8957
0.1100,0.6877,0.9013
0.4550,0.6682,0.9059
-0.0600,0.6514,0.9101
-0.1400,0.6345,0.9138
-0.0500,0.6177,0.9172
-0.0400,0.6035,0.9213
-0.0400,0.5923,0.9262
-0.0350,0.5811,0.9304
-0.0350,0.5754,0.9343
-0.0250,0.5642,0.9389
-0.0200,0.5586,0.9438
-0.0150,0.5530,0.9482
-0.0100,0.5447,0.9516
-0.0050,0.5361,0.9528
0.0100,0.5305,0.9516
0.0250,0.5249,0.9470
0.0450,0.5166,0.9389
0.0800,0.5110,0.9279
0.1250,0.5027,0.9142
0.1850,0.5000,0.8996
0.2100,0.4971,0.8842
0.1550,0.4888,0.8673
0.0600,0.4802,0.8490
-0.0150,0.4746,0.8302
-0.0550,0.4719,0.8104
-0.0650,0.4719,0.7904
-0.0700,0.4802,0.7696
-0.0700,0.4944,0.7476
-0.0700,0.5193,0.7249
-0.0650,0.5559,0.7034
-0.0300,0.6035,0.6831
-0.0200,0.6541,0.6638
-0.0550,0.7075,0.6452
-0.0750,0.7581,0.6272
-0.0700,0.8030,0.6096
-0.0600,0.8394,0.5925
-0.0550,0.8704,0.5756
-0.0550,0.8899,0.5590
-0.0450,0.8984,0.5424
-0.0450,0.8984,0.5263
-0.0450,0.8872,0.5101
-0.0550,0.8704,0.4940
-0.0500,0.8423,0.4779
-0.0450,0.8113,0.4623
0.0100,0.7776,0.4464
0.3650,0.7439,0.4307
0.0250,0.7158,0.4153
-0.2050,0.6821,0.4009
-0.0750,0.6541,0.3872
-0.0300,0.6289,0.3733
-0.0300,0.6064,0.3594
-0.0300,0.5840,0.3472
-0.0250,0.5671,0.3367
-0.0250,0.5503,0.3276
-0.0150,0.5361,0.3193
-0.0150,0.5193,0.3118
-0.0050,0.5081,0.3047
0.0000,0.4971,0.2983
0.0150,0.4858,0.2920
0.0300,0.4746,0.2849
0.0500,0.4690,0.2768
0.0850,0.4578,0.2675
0.1250,0.4465,0.2573
0.1800,0.4353,0.2482
0.2150,0.4297,0.2402
0.1750,0.4185,0.2323
0.0850,0.4016,0.2245
0.0050,0.3904,0.2179
-0.0400,0.3821,0.2123
-0.0600,0.3765,0.2082
-0.0650,0.3765,0.2052
-0.0650,0.3848,0.2023
-0.0700,0.4045,0.1996
-0.0650,0.4297,0.1979
-0.0600,0.4678,0.1972
-0.0150,0.5024,0.1969
-0.0500,0.5427,0.1972
-0.0750,0.5803,0.1977
-0.0750,0.6150,0.1984
-0.0700,0.6472,0.1994
-0.0650,0.6714,0.2003
-0.0650,0.6846,0.2006
-0.0500,0.6873,0.1999
-0.0550,0.6846,0.1986
-0.0450,0.6741,0.1972
-0.0500,0.6553,0.1964
-0.0600,0.6338,0.1959
-0.0500,0.6123,0.1952
-0.0500,0.5857,0.1940
0.1600,0.5588,0.1925
0.3200,0.5347,0.1906
-0.1800,0.5105,0.1874
-0.1450,0.4946,0.1835
-0.0450,0.4758,0.1810
-0.0400,0.4570,0.1796
-0.0350,0.4436,0.1781
-0.0300,0.4329,0.1766
-0.0300,0.4194,0.1759
-0.0200,0.4062,0.1762
-0.0150,0.4009,0.1776
-0.0100,0.3901,0.1803
-0.0050,0.3794,0.1830
0.0050,0.3687,0.1854
0.0150,0.3579,0.1879
0.0350,0.3525,0.1901
0.0600,0.3418,0.1911
0.0950,0.3364,0.1911
0.1450,0.3257,0.1893
0.1900,0.3179,0.1864
0.1950,0.3098,0.1847
0.1250,0.2991,0.1840
0.0350,0.2883,0.1837
-0.0250,0.2776,0.1842
-0.0550,0.2749,0.1849
-0.0700,0.2749,0.1859
-0.0750,0.2830,0.1874
-0.0750,0.2964,0.1889
-0.0700,0.3257,0.1903
-0.0700,0.3606,0.1920
-0.0350,0.4036,0.1947
-0.0450,0.4463,0.1984
-0.0650,0.4893,0.2025
-0.0800,0.5266,0.2069
-0.0750,0.5615,0.2106
-0.0650,0.5857,0.2133
-0.0600,0.6069,0.2148
-0.0600,0.6150,0.2150
-0.0550,0.6177,0.2155
-0.0500,0.6177,0.2160
-0.0500,0.6096,0.2165
-0.0550,0.5962,0.2172
-0.0550,0.5750,0.2170
-0.0550,0.5535,0.2157
0.0050,0.5320,0.2130
0.3650,0.5105,0.2094
-0.0050,0.4946,0.2067
-0.2050,0.4731,0.2050
-0.0800,0.4543,0.2043
-0.0400,0.4355,0.2040
-0.0350,0.4221,0.2040
-0.0350,0.4116,0.2045
-0.0350,0.4009,0.2050
-0.0300,0.3901,0.2060
-0.0200,0.3794,0.2069
-0.0150,0.3740,0.2082
-0.0050,0.3660,0.2104
0.0000,0.3579,0.2133
0.0050,0.3525,0.2157
0.0200,0.3445,0.2177
0.0400,0.3364,0.2184
0.0700,0.3311,0.2179
0.1100,0.3206,0.2160
0.1600,0.3152,0.2126
0.2000,0.3044,0.2101
0.1600,0.2991,0.2086
0.0700,0.2883,0.2067
0.0000,0.2776,0.2047
-0.0450,0.2749,0.2035
-0.0600,0.2749,0.2028
-0.0650,0.2803,0.2028
-0.0700,0.2964,0.2030
-0.0700,0.3179,0.2047
-0.0700,0.3499,0.2074
-0.0550,0.3928,0.2118
-0.0150,0.4382,0.2177
-0.0600,0.4866,0.2243
-0.0750,0.5293,0.2319
-0.0750,0.5750,0.2409
-0.0750,0.6096,0.2516
-0.0650,0.6392,0.2644
-0.0650,0.6606,0.2785
-0.0550,0.6741,0.2939
-0.0550,0.6768,0.3103
-0.0500,0.6714,0.3271
-0.0650,0.6580,0.3447
-0.0600,0.6445,0.3626
-0.0600,0.6230,0.3806
-0.0500,0.6016,0.3990
0.2550,0.5750,0.4175
0.2700,0.5508,0.4361
-0.1850,0.5266,0.4547
-0.1100,0.5051,0.4732
-0.0450,0.4946,0.4918
-0.0450,0.4785,0.5104
-0.0400,0.4651,0.5292
-0.0300,0.4543,0.5490
-0.0300,0.4436,0.5695
-0.0300,0.4329,0.5895
-0.0250,0.4248,0.6093
-0.0150,0.4167,0.6308
-0.0100,0.4116,0.6536
0.0000,0.4036,0.6741
0.0100,0.3982,0.6931
0.0250,0.3901,0.7105
0.0550,0.3848,0.7269
0.0850,0.3794,0.7422
0.1300,0.3740,0.7569
0.1800,0.3660,0.7701
0.1850,0.3606,0.7821
0.1050,0.3525,0.7940
0.0150,0.3472,0.8060
-0.0350,0.3418,0.8170
-0.0550,0.3418,0.8270
-0.0700,0.3472,0.8366
-0.0750,0.3606,0.8456
-0.0700,0.3848,0.8541
-0.0700,0.4194,0.8624
-0.0600,0.4651,0.8705
0.0050,0.5105,0.8783
-0.0500,0.5615,0.8861
-0.0700,0.6150,0.8937
-0.0800,0.6606,0.9011
-0.0700,0.7034,0.9084
-0.0600,0.7437,0.9145
-0.0600,0.7678,0.9199
-0.0550,0.7864,0.9255
-0.0500,0.7971,0.9313
-0.0350,0.7998,0.9365
-0.0450,0.7917,0.9406
-0.0500,0.7810,0.9433
-0.0450,0.7651,0.9443
-0.0450,0.7463,0.9426
0.1350,0.7249,0.9382
0.4100,0.7061,0.9318
-0.1150,0.6873,0.9240
-0.1400,0.6687,0.9142
-0.0450,0.6526,0.9025
-0.0350,0.6418,0.8896
-0.0350,0.6257,0.8756
-0.0300,0.6204,0.8610
-0.0250,0.6096,0.8456
-0.0250,0.6016,0.8287
-0.0200,0.5911,0.8109
-0.0150,0.5830,0.7933
-0.0100,0.5750,0.7757
-0.0050,0.5669,0.7581
0.0050,0.5562,0.7408
0.0250,0.5481,0.7225
0.0500,0.5400,0.7036
0.0800,0.5293,0.6841
0.1300,0.5186,0.6638
0.1850,0.5078,0.6426
0.2050,0.4973,0.6198
0.1450,0.4866,0.5966
0.0450,0.4758,0.5729
-0.0200,0.4705,0.5497
-0.0600,0.4624,0.5272
-0.0650,0.4651,0.5062
-0.0750,0.4731,0.4864
-0.0700,0.4919,0.4664
-0.0700,0.5132,0.4466
-0.0650,0.5508,0.4290
-0.0350,0.5935,0.4129
-0.0300,0.6392,0.3980
-0.0650,0.6846,0.3843
-0.0850,0.7302,0.3701
-0.0750,0.7651,0.3560
-0.0650,0.7944,0.3416
-0.0600,0.8159,0.3269
-0.0600,0.8267,0.3122
-0.0600,0.8394,0.2973
-0.0550,0.8254,0.2802
-0.0550,0.8030,0.2617
-0.0600,0.7776,0.2443
-0.0600,0.7439,0.2282
-0.0600,0.7075,0.2140
0.0050,0.6709,0.2018
0.3600,0.6372,0.1920
0.0100,0.6035,0.1837
-0.2150,0.5728,0.1752
-0.0800,0.5447,0.1659
-0.0400,0.5222,0.1561
-0.0350,0.5027,0.1466
-0.0350,0.4832,0.1390
-0.0350,0.4663,0.1332
-0.0300,0.4521,0.1285
-0.0150,0.4409,0.1251
-0.0150,0.4297,0.1244
-0.0100,0.4185,0.1261
0.0050,0.4072,0.1302
0.0100,0.3960,0.1363
0.0250,0.3877,0.1429
0.0450,0.3792,0.1493
0.0800,0.3679,0.1529
0.1250,0.3567,0.1539
0.1750,0.3455,0.1500
0.2150,0.3342,0.1427
0.1700,0.3230,0.1344
0.0800,0.3091,0.1261
0.0000,0.2949,0.1204
-0.0450,0.2866,0.1178
-0.0600,0.2810,0.1185
-0.0650,0.2837,0.1222
-0.0700,0.2979,0.1268
-0.0750,0.3203,0.1324
-0.0650,0.3511,0.1385
-0.0600,0.3933,0.1449
-0.0200,0.4382,0.1505
-0.0550,0.4888,0.1554
-0.0750,0.5249,0.1598
-0.0750,0.5642,0.1639
-0.0650,0.5896,0.1696
-0.0600,0.6091,0.1764
-0.0650,0.6177,0.1820
-0.0550,0.6177,0.1867
-0.0550,0.6121,0.1896
-0.0500,0.6091,0.1913
-0.0550,0.5923,0.1928
-0.0550,0.5728,0.1950
-0.0450,0.5503,0.1989
-0.0450,0.5278,0.2043
0.1650,0.5054,0.2108
0.3300,0.4832,0.2179
-0.1700,0.4607,0.2236
-0.1450,0.4382,0.2280
-0.0400,0.4158,0.2304
-0.0350,0.3989,0.2311
-0.0350,0.3848,0.2309
-0.0300,0.3735,0.2294
-0.0250,0.3679,0.2255
-0.0200,0.3596,0.2196
-0.0150,0.3511,0.2152
-0.0050,0.3472,0.2126
-0.0050,0.3418,0.2128
0.0000,0.3311,0.2152
0.0100,0.3257,0.2187
0.0300,0.3179,0.2223
0.0550,0.3125,0.2243
0.0900,0.3044,0.2245
0.1350,0.2991,0.2218
0.1800,0.2883,0.2167
0.1900,0.2776,0.2099
0.1250,0.2668,0.2023
0.0300,0.2615,0.1964
-0.0250,0.2588,0.1925
-0.0550,0.2588,0.1901
-0.0650,0.2668,0.1889
-0.0700,0.2776,0.1893
-0.0650,0.2991,0.1911
-0.0650,0.3284,0.1930
-0.0650,0.3660,0.1952
-0.0450,0.4114,0.1991
-0.0400,0.4597,0.2045
-0.0650,0.5078,0.2099
-0.0700,0.5535,0.2152
-0.0700,0.5935,0.2206
-0.0650,0.6230,0.2260
-0.0650,0.6418,0.2301
-0.0650,0.6526,0.2333
-0.0600,0.6553,0.2360
-0.0550,0.6526,0.2382
-0.0550,0.6392,0.2409
-0.0600,0.6230,0.2441
-0.0550,0.6016,0.2475
-0.0550,0.5776,0.2512
0.0200,0.5535,0.2541
0.3800,0.5266,0.2563
-0.0200,0.5051,0.2568
-0.1950,0.4839,0.2560
-0.0750,0.4651,0.2543
-0.0450,0.4490,0.2521
-0.0400,0.4329,0.2512
-0.0350,0.4221,0.2516
-0.0350,0.4116,0.2531
-0.0300,0.4036,0.2551
-0.0250,0.3955,0.2568
-0.0200,0.3901,0.2580
-0.0150,0.3821,0.2578
-0.0100,0.3740,0.2568
-0.0050,0.3687,0.2558
0.0150,0.3633,0.2551
0.0450,0.3525,0.2556
0.0650,0.3472,0.2573
0.1050,0.3364,0.2607
0.1500,0.3257,0.2653
0.1900,0.3152,0.2714
0.1550,0.2991,0.2783
0.0700,0.2883,0.2856
-0.0050,0.2776,0.2937
-0.0400,0.2722,0.3032
-0.0650,0.2722,0.3137
-0.0650,0.2830,0.3252
-0.0650,0.3018,0.3376
-0.0600,0.3311,0.3526
-0.0550,0.3713,0.3701
-0.0400,0.4167,0.3924
-0.0150,0.4651,0.4183
-0.0500,0.5132,0.4461
-0.0700,0.5642,0.4747
-0.0650,0.6042,0.5016
-0.0600,0.6392,0.5260
-0.0500,0.6660,0.5458
-0.0500,0.6846,0.5619
-0.0400,0.6899,0.5773
-0.0400,0.6899,0.5927
-0.0300,0.6794,0.6106
-0.0400,0.6660,0.6308
-0.0400,0.6445,0.6540
-0.0350,0.6230,0.6795
-0.0200,0.5989,0.7066
0.3150,0.5750,0.7347
0.2700,0.5535,0.7618
-0.1650,0.5320,0.7877
-0.0850,0.5132,0.8116
-0.0300,0.5000,0.8336
-0.0300,0.4919,0.8537
-0.0300,0.4812,0.8712
-0.0300,0.4705,0.8835
-0.0300,0.4651,0.8908
-0.0250,0.4597,0.8925
-0.0250,0.4543,0.8898
-0.0200,0.4490,0.8849
-0.0100,0.4463,0.8786
0.0050,0.4436,0.8739
0.0150,0.4409,0.8710
0.0250,0.4355,0.8705
0.0550,0.4302,0.8722
0.0950,0.4221,0.8771
0.1450,0.4167,0.8849
0.2000,0.4062,0.8937
0.1950,0.4009,0.9032
0.1100,0.3901,0.9135
0.0200,0.3848,0.9240
-0.0300,0.3821,0.9328
-0.0500,0.3821,0.9397
-0.0550,0.3928,0.9445
-0.0550,0.4114,0.9475
-0.0550,0.4436,0.9480
-0.0500,0.4893,0.9467
-0.0450,0.5347,0.9448
0.0150,0.5881,0.9428
-0.0350,0.6472,0.9406
-0.0600,0.6980,0.9382
-0.0650,0.7463,0.9345
-0.0600,0.7864,0.9296
-0.0450,0.8159,0.9208
-0.0450,0.8374,0.9089
-0.0400,0.8481,0.8935
-0.0400,0.8481,0.8754
-0.0300,0.8481,0.8561
-0.0400,0.8401,0.8366
-0.0450,0.8267,0.8175
-0.0350,0.8052,0.7992
-0.0350,0.7783,0.7833
0.1850,0.7517,0.7694
0.3450,0.7249,0.7562
-0.1650,0.7075,0.7430
-0.1400,0.6821,0.7293
-0.0400,0.6570,0.7149
-0.0350,0.6345,0.6988
-0.0300,0.6121,0.6817
-0.0250,0.5923,0.6645
-0.0200,0.5754,0.6477
-0.0200,0.5615,0.6321
-0.0150,0.5474,0.6176
-0.0050,0.5361,0.6037
0.0000,0.5249,0.5905
0.0100,0.5137,0.5766
0.0250,0.5027,0.5622
0.0400,0.5000,0.5463
0.0650,0.4944,0.5294
0.1050,0.4858,0.5128
0.1500,0.4802,0.4965
0.2050,0.4719,0.4813
0.2100,0.4634,0.4671
0.1400,0.4521,0.4549
0.0450,0.4409,0.4444
-0.0250,0.4297,0.4349
-0.0550,0.4241,0.4261
-0.0600,0.4214,0.4173
-0.0650,0.4241,0.4080
-0.0600,0.4382,0.3985
-0.0600,0.4634,0.3885
-0.0600,0.4944,0.3775
-0.0250,0.5334,0.3657
-0.0250,0.5784,0.3540
-0.0600,0.6289,0.3428
-0.0750,0.6709,0.3320
-0.0650,0.7046,0.3213
-0.0650,0.7356,0.3105
-0.0550,0.7495,0.3000
-0.0550,0.7607,0.2898
-0.0500,0.7581,0.2795
-0.0500,0.7495,0.2697
-0.0450,0.7439,0.2600
-0.0550,0.7244,0.2504
-0.0550,0.6990,0.2411
-0.0500,0.6709,0.2323
0.0100,0.6372,0.2236
0.3650,0.6035,0.2150
0.0050,0.5698,0.2069
-0.2050,0.5417,0.2011
-0.0700,0.5137,0.1972
-0.0350,0.4971,0.1945
-0.0300,0.4775,0.1930
-0.0250,0.4607,0.1923
-0.0250,0.4465,0.1923
-0.0300,0.4297,0.1925
-0.0250,0.4185,0.1930
-0.0200,0.4045,0.1930
-0.0100,0.3904,0.1925
0.0000,0.3792,0.1923
0.0050,0.3679,0.1923
0.0200,0.3567,0.1920
0.0450,0.3455,0.1911
0.0750,0.3372,0.1896
0.1150,0.3286,0.1881
0.1700,0.3174,0.1874
0.2050,0.3152,0.1871
0.1650,0.3044,0.1876
0.0700,0.2937,0.1884
-0.0100,0.2830,0.1893
-0.0550,0.2722,0.1903
-0.0700,0.2642,0.1918
-0.0750,0.2642,0.1933
-0.0750,0.2668,0.1947
-0.0750,0.2803,0.1964
-0.0650,0.3018,0.1991
-0.0650,0.3337,0.2023
-0.0300,0.3713,0.2052
-0.0600,0.4141,0.2077
-0.0800,0.4570,0.2108
-0.0800,0.4971,0.2145
-0.0700,0.5320,0.2187
-0.0600,0.5615,0.2231
-0.0600,0.5857,0.2265
-0.0500,0.5962,0.2292
-0.0550,0.6016,0.2314
-0.0500,0.5962,0.2331
-0.0600,0.5830,0.2345
-0.0550,0.5696,0.2358
-0.0550,0.5481,0.2358
-0.0500,0.5266,0.2345
0.1900,0.5024,0.2328
0.3000,0.4839,0.2306
-0.1850,0.4624,0.2280
-0.1400,0.4409,0.2250
-0.0500,0.4248,0.2221
-0.0400,0.4089,0.2189
-0.0400,0.3955,0.2167
-0.0250,0.3848,0.2155
-0.0300,0.3740,0.2160
-0.0250,0.3633,0.2174
-0.0200,0.3525,0.2189
-0.0150,0.3472,0.2204
-0.0100,0.3391,0.2226
0.0050,0.3337,0.2255
0.0150,0.3257,0.2280
0.0250,0.3206,0.2299
0.0550,0.3152,0.2314
0.0900,0.3098,0.2326
0.1400,0.3018,0.2316
0.1850,0.2964,0.2287
0.1900,0.2883,0.2245
0.1150,0.2830,0.2196
0.0250,0.2803,0.2150
-0.0300,0.2749,0.2108
-0.0600,0.2749,0.2079
-0.0700,0.2776,0.2065
-0.0700,0.2883,0.2077
-0.0650,0.3044,0.2108
-0.0650,0.3311,0.2135
-0.0600,0.3660,0.2160
-0.0350,0.4087,0.2192
-0.0400,0.4570,0.2226
-0.0700,0.5051,0.2255
-0.0800,0.5508,0.2275
-0.0700,0.5935,0.2272
-0.0650,0.6284,0.2245
-0.0600,0.6553,0.2189
-0.0650,0.6687,0.2106
-0.0550,0.6741,0.2011
-0.0500,0.6714,0.1913
-0.0550,0.6606,0.1810
-0.0650,0.6445,0.1708
-0.0600,0.6230,0.1613
-0.0650,0.6016,0.1527
0.0300,0.5776,0.1439
0.3850,0.5535,0.1346
-0.0500,0.5266,0.1253
-0.2000,0.5051,0.1163
-0.0750,0.4893,0.1095
-0.0450,0.4678,0.1046
-0.0500,0.4517,0.1016
-0.0400,0.4382,0.1009
-0.0400,0.4275,0.1036
-0.0350,0.4167,0.1090
-0.0300,0.4089,0.1170
-0.0250,0.4009,0.1275
-0.0150,0.3955,0.1417
-0.0100,0.3901,0.1583
-0.0050,0.3848,0.1759
0.0150,0.3794,0.1940
0.0300,0.3713,0.2113
0.0600,0.3633,0.2280
0.1000,0.3525,0.2441
0.1550,0.3418,0.2600
0.1900,0.3311,0.2756
0.1500,0.3206,0.2910
0.0650,0.3098,0.3083
-0.0050,0.2991,0.3271
-0.0450,0.2910,0.3462
-0.0600,0.2910,0.3655
-0.0700,0.2937,0.3858
-0.0700,0.3071,0.4068
-0.0650,0.3311,0.4285
-0.0650,0.3713,0.4505
-0.0400,0.4141,0.4718
-0.0150,0.4651,0.4923
-0.0600,0.5105,0.5114
-0.0800,0.5588,0.5292
-0.0800,0.6016,0.5461
-0.0700,0.6418,0.5617
-0.0600,0.6714,0.5746
-0.0600,0.6926,0.5854
-0.0500,0.7034,0.5944
-0.0500,0.7034,0.6022
-0.0350,0.7007,0.6076
-0.0450,0.6899,0.6118
-0.0450,0.6714,0.6154
-0.0400,0.6553,0.6191
-0.0100,0.6338,0.6225
0.3600,0.6123,0.6262
0.2200,0.5935,0.6308
-0.1650,0.5750,0.6362
-0.0800,0.5615,0.6423
-0.0400,0.5454,0.6489
-0.0350,0.5347,0.6558
-0.0350,0.5239,0.6628
-0.0300,0.5186,0.6689
-0.0250,0.5105,0.6746
-0.0300,0.5078,0.6795
-0.0250,0.5024,0.6836
-0.0200,0.5000,0.6868
-0.0100,0.5000,0.6885
-0.0050,0.4919,0.6885
0.0100,0.4866,0.6865
0.0300,0.4812,0.6826
0.0550,0.4705,0.6770
0.0950,0.4651,0.6699
0.1450,0.4543,0.6616
0.2000,0.4490,0.6516
0.1850,0.4382,0.6399
0.1000,0.4329,0.6262
0.0150,0.4248,0.6106
-0.0400,0.4194,0.5937
-0.0650,0.4194,0.5759
-0.0700,0.4275,0.5563
-0.0750,0.4463,0.5353
-0.0750,0.4758,0.5143
-0.0700,0.5105,0.4933
-0.0650,0.5562,0.4723
0.0000,0.6042,0.4517
-0.0550,0.6580,0.4312
-0.0750,0.7114,0.4107
-0.0850,0.7571,0.3914
-0.0700,0.7944,0.3731
-0.0600,0.8267,0.3565
-0.0600,0.8481,0.3416
-0.0550,0.8589,0.3276
-0.0550,0.8589,0.3149
-0.0500,0.8508,0.3037
-0.0550,0.8320,0.2939
-0.0650,0.8079,0.2841
-0.0550,0.7756,0.2744
-0.0550,0.7410,0.2639
0.1850,0.7222,0.2521
0.3100,0.6899,0.2382
-0.1950,0.6580,0.2226
-0.1450,0.6284,0.2077
-0.0450,0.6016,0.1937
-0.0400,0.5750,0.1806
-0.0350,0.5562,0.1681
-0.0300,0.5374,0.1571
-0.0250,0.5239,0.1476
-0.0250,0.5132,0.1390
-0.0200,0.5024,0.1314
-0.0150,0.4973,0.1253
-0.0100,0.4893,0.1207
0.0000,0.4812,0.1161
0.0150,0.4758,0.1112
0.0300,0.4651,0.1068
0.0550,0.4543,0.1021
0.0900,0.4436,0.0965
0.1450,0.4329,0.0902
0.1950,0.4221,0.0845
0.2000,0.4116,0.0792
0.1200,0.4009,0.0743
0.0350,0.3875,0.0701
-0.0250,0.3740,0.0682
-0.0550,0.3633,0.0682
-0.0650,0.3579,0.0706
-0.0700,0.3579,0.0750
-0.0700,0.3687,0.0814
-0.0700,0.3821,0.0897
-0.0650,0.4114,0.0992
-0.0350,0.4436,0.1097
-0.0400,0.4812,0.1207
-0.0650,0.5159,0.1317
-0.0800,0.5508,0.1410
-0.0750,0.5881,0.1485
-0.0700,0.6150,0.1551
-0.0600,0.6338,0.1605
-0.0550,0.6472,0.1644
-0.0500,0.6499,0.1669
-0.0500,0.6472,0.1693
-0.0450,0.6311,0.1715
-0.0600,0.6123,0.1727
-0.0500,0.5908,0.1730
-0.0550,0.5669,0.1727
0.0050,0.5400,0.1720
0.3600,0.5132,0.1698
0.0100,0.4946,0.1669
-0.2100,0.4678,0.1639
-0.0800,0.4463,0.1617
-0.0350,0.4275,0.1605
-0.0350,0.4116,0.1603
-0.0350,0.4009,0.1617
-0.0250,0.3848,0.1644
-0.0200,0.3794,0.1674
-0.0200,0.3687,0.1703
-0.0150,0.3579,0.1740
-0.0050,0.3499,0.1784
0.0050,0.3418,0.1832
0.0100,0.3311,0.1881
0.0250,0.3232,0.1915
0.0450,0.3152,0.1933
0.0800,0.3044,0.1940
0.1250,0.2937,0.1937
0.1800,0.2830,0.1918
0.2150,0.2722,0.1889
0.1750,0.2668,0.1859
0.0850,0.2561,0.1832
0.0050,0.2454,0.1828
-0.0400,0.2400,0.1840
-0.0550,0.2400,0.1862
-0.0600,0.2454,0.1896
-0.0650,0.2615,0.1937
-0.0600,0.2830,0.1981
-0.0600,0.3152,0.2018
-0.0500,0.3552,0.2047
-0.0200,0.4036,0.2052
-0.0500,0.4517,0.2038
-0.0700,0.4971,0.2008
-0.0700,0.5374,0.1969
-0.0650,0.5776,0.1942
-0.0600,0.6016,0.1930
-0.0550,0.6177,0.1945
-0.0500,0.6230,0.1981
-0.0450,0.6204,0.2023
-0.0400,0.6096,0.2067
-0.0450,0.5962,0.2104
-0.0500,0.5750,0.2133
-0.0450,0.5535,0.2148
-0.0400,0.5293,0.2152
0.2100,0.5051,0.2157
0.3000,0.4868,0.2162
-0.1850,0.4639,0.2170
-0.1150,0.4456,0.2179
-0.0350,0.4277,0.2196
-0.0300,0.4121,0.2226
-0.0250,0.3992,0.2280
-0.0300,0.3889,0.2355
-0.0200,0.3787,0.2448
-0.0100,0.3733,0.2553
-0.0100,0.3630,0.2668
-0.0050,0.3579,0.2788
0.0050,0.3528,0.2903
0.0100,0.3452,0.3010
0.0250,0.3401,0.3096
0.0450,0.3347,0.3159
0.0650,0.3269,0.3196
0.1050,0.3218,0.3210
0.1500,0.3115,0.3198
0.2000,0.3064,0.3169
0.2050,0.2961,0.3142
0.1250,0.2908,0.3122
0.0350,0.2856,0.3108
-0.0150,0.2832,0.3093
-0.0450,0.2856,0.3071
-0.0500,0.2908,0.3042
-0.0550,0.3091,0.3008
-0.0550,0.3296,0.2971
-0.0550,0.3606,0.2942
-0.0500,0.4019,0.2917
-0.0200,0.4458,0.2898
-0.0350,0.4895,0.2885
-0.0550,0.5308,0.2883
-0.0600,0.5720,0.2895
-0.0550,0.6106,0.2912
-0.0500,0.6340,0.2939
-0.0450,0.6519,0.2981
-0.0450,0.6624,0.3037
-0.0350,0.6624,0.3098
-0.0350,0.6572,0.3171
-0.0400,0.6443,0.3259
-0.0450,0.6392,0.3362
-0.0350,0.6211,0.3484
-0.0400,0.5979,0.3626
0.0700,0.5771,0.3787
0.4250,0.5566,0.3968
-0.0250,0.5308,0.4161
-0.1550,0.5103,0.4368
-0.0450,0.4973,0.4593
-0.0300,0.4817,0.4830
-0.0350,0.4663,0.5067
-0.0300,0.4561,0.5302
-0.0250,0.4456,0.5524
-0.0150,0.4353,0.5739
-0.0100,0.4250,0.5947
-0.0050,0.4199,0.6145
0.0000,0.4094,0.6330
0.0050,0.4043,0.6504
0.0150,0.3992,0.6667
0.0300,0.3940,0.6821
0.0450,0.3889,0.6970
0.0750,0.3838,0.7112
0.1200,0.3787,0.7242
0.1800,0.3733,0.7356
0.2150,0.3682,0.7464
0.1650,0.3606,0.7564
0.0750,0.3555,0.7657
0.0050,0.3503,0.7750
-0.0350,0.3477,0.7850
-0.0550,0.3477,0.7955
-0.0550,0.3528,0.8065
-0.0550,0.3657,0.8177
-0.0550,0.3889,0.8292
-0.0500,0.4224,0.8409
-0.0050,0.4636,0.8527
-0.0050,0.5103,0.8646
-0.0500,0.5591,0.8769
-0.0650,0.6055,0.8891
-0.0650,0.6545,0.9011
-0.0500,0.6934,0.9128
-0.0350,0.7268,0.9226
-0.0350,0.7500,0.9304
-0.0250,0.7654,0.9370
-0.0250,0.7681,0.9426
-0.0250,0.7681,0.9472
-0.0400,0.7603,0.9514
-0.0350,0.7449,0.9548
-0.0300,0.7292,0.9580
0.0100,0.7114,0.9609
0.3950,0.6931,0.9634
0.1450,0.6753,0.9636
-0.1650,0.6597,0.9616
-0.0700,0.6443,0.9575
-0.0250,0.6313,0.9509
-0.0200,0.6184,0.9409
-0.0250,0.6055,0.9282
-0.0250,0.6003,0.9142
-0.0150,0.5901,0.8996
-0.0100,0.5850,0.8842
-0.0100,0.5745,0.8686
-0.0050,0.5693,0.8537
0.0050,0.5618,0.8390
0.0150,0.5540,0.8219
0.0250,0.5464,0.8023
0.0400,0.5413,0.7801
0.0750,0.5332,0.7559
0.1150,0.5281,0.7310
0.1700,0.5178,0.7058
0.2150,0.5127,0.6814
0.1900,0.5024,0.6577
0.0950,0.4973,0.6357
0.0150,0.4868,0.6152
-0.0350,0.4766,0.5959
-0.0550,0.4741,0.5773
-0.0600,0.4741,0.5605
-0.0600,0.4844,0.5451
-0.0600,0.5024,0.5307
-0.0600,0.5281,0.5172
-0.0550,0.5669,0.5055
-0.0050,0.6196,0.4950
-0.0500,0.6750,0.4847
-0.0700,0.7268,0.4740
-0.0750,0.8027,0.4635
-0.0700,0.8352,0.4527
-0.0600,0.8521,0.4422
-0.0600,0.8506,0.4317
-0.0500,0.8337,0.4212
-0.0500,0.8113,0.4107
-0.0400,0.7805,0.4004
-0.0550,0.7468,0.3899
-0.0550,0.7102,0.3806
-0.0550,0.6738,0.3721
-0.0400,0.6372,0.3633
0.2000,0.6035,0.3543
0.2900,0.5728,0.3462
-0.2000,0.5447,0.3384
-0.1300,0.5222,0.3303
-0.0350,0.5054,0.3218
-0.0350,0.4944,0.3127
-0.0300,0.4802,0.3037
-0.0300,0.4690,0.2954
-0.0300,0.4578,0.2881
-0.0250,0.4465,0.2822
-0.0150,0.4353,0.2778
-0.0100,0.4270,0.2744
0.0000,0.4185,0.2717
0.0100,0.4072,0.2697
0.0200,0.3960,0.2678
0.0350,0.3848,0.2644
0.0600,0.3708,0.2592
0.1050,0.3567,0.2534
0.1450,0.3455,0.2470
0.1950,0.3315,0.2409
0.1900,0.3174,0.2353
0.1150,0.3062,0.2304
0.0200,0.3005,0.2258
-0.0350,0.2979,0.2226
-0.0650,0.3005,0.2204
-0.0750,0.3174,0.2189
-0.0750,0.3428,0.2182
-0.0800,0.3735,0.2177
-0.0800,0.4158,0.2179
-0.0750,0.4607,0.2192
-0.0450,0.4998,0.2211
-0.0500,0.5361,0.2231
-0.0750,0.5698,0.2250
-0.0850,0.6008,0.2275
-0.0750,0.6147,0.2304
-0.0700,0.6233,0.2319
-0.0650,0.6233,0.2321
-0.0600,0.6147,0.2314
-0.0600,0.6091,0.2297
-0.0550,0.5923,0.2275
-0.0500,0.5728,0.2250
-0.0600,0.5503,0.2233
-0.0600,0.5222,0.2221
-0.0600,0.5027,0.2204
0.0100,0.4802,0.2184
0.3750,0.4551,0.2172
-0.0050,0.4382,0.2162
-0.2050,0.4185,0.2150
-0.0700,0.4016,0.2130
-0.0350,0.3904,0.2111
-0.0400,0.3792,0.2089
-0.0300,0.3679,0.2084
-0.0300,0.3596,0.2094
-0.0250,0.3511,0.2104
-0.0250,0.3428,0.2116
-0.0200,0.3342,0.2126
-0.0100,0.3259,0.2138
-0.0050,0.3174,0.2148
0.0050,0.3091,0.2157
0.0250,0.3005,0.2167
0.0450,0.2949,0.2177
0.0750,0.2837,0.2187
0.1200,0.2781,0.2196
0.1750,0.2668,0.2196
0.2050,0.2556,0.2187
0.1650,0.2529,0.2182
0.0750,0.2473,0.2182
0.0000,0.2500,0.2184
-0.0450,0.2585,0.2189
-0.0650,0.2754,0.2194
-0.0700,0.2979,0.2199
-0.0700,0.3315,0.2204
-0.0700,0.3708,0.2214
-0.0700,0.4185,0.2231
-0.0600,0.4690,0.2255
-0.0250,0.5110,0.2277
-0.0600,0.5559,0.2297
-0.0850,0.5923,0.2321
-0.0800,0.6233,0.2350
-0.0700,0.6428,0.2375
-0.0650,0.6514,0.2394
-0.0650,0.6514,0.2419
-0.0550,0.6428,0.2448
-0.0550,0.6289,0.2470
-0.0500,0.6121,0.2487
-0.0550,0.5896,0.2490
-0.0600,0.5671,0.2482
-0.0550,0.5391,0.2475
-0.0500,0.5166,0.2468
0.2250,0.4971,0.2443
0.2500,0.4802,0.2404
-0.2050,0.4634,0.2365
-0.1200,0.4465,0.2326
-0.0450,0.4353,0.2299
-0.0400,0.4241,0.2277
-0.0350,0.4128,0.2265
-0.0350,0.4016,0.2255
-0.0300,0.3904,0.2250
-0.0250,0.3848,0.2250
-0.0250,0.3735,0.2250
-0.0150,0.3623,0.2255
-0.0050,0.3567,0.2270
0.0050,0.3484,0.2289
0.0200,0.3398,0.2299
0.0350,0.3342,0.2297
0.0550,0.3230,0.2284
0.0950,0.3174,0.2270
0.1400,0.3062,0.2258
0.1900,0.2979,0.2250
0.1850,0.2893,0.2258
0.1100,0.2837,0.2277
0.0200,0.2781,0.2314
-0.0400,0.2937,0.2367
-0.0600,0.3044,0.2441
-0.0750,0.3230,0.2534
-0.0750,0.3525,0.2648
-0.0750,0.3928,0.2785
-0.0700,0.4355,0.2956
-0.0700,0.4839,0.3157
-0.0300,0.5239,0.3376
-0.0600,0.5696,0.3613
-0.0750,0.6042,0.3863
-0.0850,0.6365,0.4122
-0.0700,0.6606,0.4388
-0.0600,0.6741,0.4654
-0.0650,0.6821,0.4903
-0.0550,0.6794,0.5140
-0.0550,0.6687,0.5375
-0.0500,0.6660,0.5607
-0.0500,0.6499,0.5817
-0.0550,0.6338,0.6010
-0.0550,0.6123,0.6189
-0.0550,0.5908,0.6357
0.1050,0.5696,0.6516
0.4250,0.5481,0.6667
-0.0800,0.5293,0.6814
-0.1450,0.5105,0.6956
-0.0550,0.5000,0.7093
-0.0450,0.4866,0.7229
-0.0450,0.4758,0.7364
-0.0350,0.4651,0.7496
-0.0350,0.4570,0.7628
-0.0350,0.4490,0.7757
-0.0250,0.4409,0.7884
-0.0200,0.4355,0.8009
-0.0100,0.4275,0.8124
-0.0050,0.4248,0.8229
0.0000,0.4194,0.8329
0.0150,0.4143,0.8419
0.0300,0.4116,0.8495
0.0700,0.4062,0.8561
0.1100,0.4036,0.8615
0.1650,0.3982,0.8664
0.1950,0.3928,0.8717
0.1450,0.3901,0.8776
0.0500,0.3875,0.8837
-0.0150,0.3875,0.8898
-0.0500,0.3955,0.8952
-0.0650,0.4089,0.8998
-0.0650,0.4329,0.9040
-0.0650,0.4651,0.9079
-0.0600,0.5024,0.9123
-0.0550,0.5508,0.9169
-0.0150,0.5989,0.9204
-0.0250,0.6499,0.9221
-0.0500,0.6980,0.9216
-0.0700,0.7410,0.9194
-0.0600,0.7756,0.9150
-0.0500,0.8025,0.9086
-0.0400,0.8213,0.9011
-0.0450,0.8320,0.8920
-0.0400,0.8320,0.8813
-0.0400,0.8267,0.8688
-0.0350,0.8132,0.8554
-0.0450,0.7998,0.8412
-0.0450,0.7783,0.8263
-0.0400,0.7544,0.8109
0.0350,0.7302,0.7940
0.3950,0.7034,0.7760
0.0050,0.6819,0.7584
-0.1900,0.6606,0.7408
-0.0650,0.6392,0.7225
-0.0350,0.6230,0.7032
-0.0350,0.6042,0.6834
-0.0300,0.5884,0.6633
-0.0200,0.5750,0.6440
-0.0200,0.5588,0.6255
-0.0150,0.5454,0.6076
-0.0100,0.5320,0.5903
-0.0100,0.5186,0.5744
-0.0050,0.5105,0.5595
0.0100,0.5024,0.5443
0.0250,0.5000,0.5290
0.0400,0.4919,0.5126
0.0750,0.4866,0.4952
0.1250,0.4758,0.4794
0.1800,0.4705,0.4642
0.2150,0.4597,0.4483
0.1700,0.4490,0.4315
0.0750,0.4436,0.4158
-0.0050,0.4355,0.4014
-0.0550,0.4355,0.3880
-0.0750,0.4382,0.3753
-0.0700,0.4570,0.3633
-0.0750,0.4785,0.3516
-0.0650,0.5078,0.3403
-0.0700,0.5454,0.3293
-0.0600,0.5854,0.3198
-0.0100,0.6284,0.3113
-0.0550,0.6660,0.3034
-0.0700,0.7007,0.2964
-0.0750,0.7249,0.2898
-0.0750,0.7437,0.2834
-0.0650,0.7517,0.2775
-0.0650,0.7517,0.2717
-0.0600,0.7437,0.2651
-0.0600,0.7302,0.2578
-0.0500,0.7061,0.2499
-0.0550,0.6792,0.2421
-0.0600,0.6472,0.2341
-0.0500,0.6204,0.2260
-0.0450,0.5881,0.2189
0.2200,0.5588,0.2128
0.2650,0.5320,0.2065
-0.2100,0.5105,0.2001
-0.1300,0.4973,0.1945
-0.0450,0.4785,0.1896
-0.0400,0.4651,0.1842
-0.0400,0.4490,0.1788
-0.0350,0.4382,0.1742
-0.0250,0.4275,0.1703
-0.0250,0.4167,0.1678
-0.0150,0.4062,0.1666
-0.0100,0.3955,0.1664
0.0000,0.3848,0.1666
0.0100,0.3740,0.1654
0.0200,0.3567,0.1630
0.0350,0.3455,0.1605
0.0650,0.3342,0.1586
0.1050,0.3230,0.1566
0.1550,0.3091,0.1547
0.2050,0.2922,0.1529
0.1950,0.2754,0.1515
0.1100,0.2556,0.1507
0.0250,0.2444,0.1512
-0.0350,0.2388,0.1522
-0.0600,0.2417,0.1539
-0.0650,0.2556,0.1569
-0.0700,0.2781,0.1608
-0.0650,0.3118,0.1654
-0.0650,0.3540,0.1703
-0.0600,0.3989,0.1749
-0.0350,0.4495,0.1788
-0.0450,0.4915,0.1823
-0.0650,0.5249,0.1854
-0.0750,0.5559,0.1891
-0.0700,0.5784,0.1935
-0.0650,0.5923,0.1984
-0.0600,0.5952,0.2033
-0.0600,0.5952,0.2074
-0.0550,0.5923,0.2106
-0.0500,0.5811,0.2133
-0.0500,0.5615,0.2155
-0.0600,0.5391,0.2165
-0.0550,0.5166,0.2162
-0.0550,0.4944,0.2152
0.0300,0.4719,0.2138
0.3850,0.4495,0.2128
-0.0200,0.4270,0.2123
-0.1900,0.4072,0.2123
-0.0700,0.3904,0.2128
-0.0450,0.3792,0.2133
-0.0400,0.3679,0.2138
-0.0350,0.3567,0.2135
-0.0350,0.3511,0.2126
-0.0300,0.3455,0.2118
-0.0200,0.3398,0.2121
-0.0200,0.3342,0.2145
-0.0150,0.3286,0.2187
-0.0050,0.3230,0.2231
0.0050,0.3203,0.2275
0.0200,0.3147,0.2321
0.0400,0.3091,0.2367
0.0800,0.3035,0.2404
0.1150,0.2979,0.2431
0.1700,0.2979,0.2453
0.2000,0.2922,0.2468
0.1550,0.2922,0.2480
0.0700,0.2866,0.2487
0.0000,0.2866,0.2482
-0.0450,0.2893,0.2468
-0.0600,0.3005,0.2446
-0.0650,0.3174,0.2419
-0.0600,0.3455,0.2389
-0.0650,0.3821,0.2360
-0.0600,0.4270,0.2348
-0.0550,0.4775,0.2353
-0.0200,0.5222,0.2389
-0.0500,0.5671,0.2451
-0.0650,0.6091,0.2531
-0.0700,0.6428,0.2624
-0.0650,0.6682,0.2710
-0.0550,0.6877,0.2785
-0.0550,0.6963,0.2844
-0.0550,0.6963,0.2885
-0.0500,0.6877,0.2917
-0.0450,0.6821,0.2939
-0.0600,0.6682,0.2946
-0.0550,0.6458,0.2937
-0.0500,0.6204,0.2898
-0.0400,0.5952,0.2832
0.2650,0.5671,0.2749
0.2300,0.5391,0.2651
-0.2000,0.5166,0.2565
-0.1050,0.5027,0.2492
-0.0350,0.4888,0.2446
-0.0400,0.4746,0.2424
-0.0350,0.4634,0.2429
-0.0300,0.4521,0.2458
-0.0250,0.4465,0.2514
-0.0250,0.4353,0.2590
-0.0250,0.4297,0.2683
-0.0150,0.4214,0.2785
-0.0150,0.4128,0.2888
-0.0100,0.4072,0.2990
0.0050,0.4016,0.3088
0.0200,0.3960,0.3188
0.0450,0.3877,0.3298
0.0850,0.3792,0.3416
0.1250,0.3735,0.3560
0.1750,0.3623,0.3731
0.1700,0.3511,0.3929
0.0950,0.3398,0.4151
0.0150,0.3286,0.4408
-0.0350,0.3174,0.4691
-0.0550,0.3147,0.4979
-0.0700,0.3174,0.5265
-0.0700,0.3372,0.5548
-0.0700,0.3679,0.5832
-0.0650,0.4072,0.6115
-0.0650,0.4551,0.6401
-0.0050,0.5027,0.6694
-0.0500,0.5503,0.6997
-0.0750,0.5952,0.7315
-0.0850,0.6316,0.7650
-0.0750,0.6653,0.8014
-0.0600,0.6907,0.8402
-0.0600,0.7046,0.8820
-0.0550,0.7131,0.9257
-0.0450,0.7102,0.9692
-0.0350,0.6990,1.0000
-0.0450,0.6851,1.0000
-0.0500,0.6626,1.0000
-0.0500,0.6401,1.0000
-0.0450,0.6177,1.0000
0.1450,0.5979,1.0000
0.4350,0.5811,1.0000
-0.0850,0.5642,1.0000
-0.1250,0.5530,1.0000
-0.0500,0.5417,1.0000
-0.0400,0.5320,1.0000
-0.0400,0.5266,1.0000
-0.0400,0.5212,1.0000
-0.0350,0.5212,1.0000
-0.0300,0.5212,1.0000
-0.0300,0.5239,1.0000
-0.0250,0.5266,1.0000
-0.0200,0.5266,1.0000
-0.0100,0.5266,1.0000
-0.0050,0.5212,1.0000
0.0150,0.5132,1.0000
0.0450,0.5024,1.0000
0.0750,0.4973,1.0000
0.1200,0.4866,1.0000
0.1750,0.4758,1.0000
0.1950,0.4651,1.0000
0.1400,0.4543,1.0000
0.0450,0.4490,1.0000
-0.0200,0.4463,1.0000
-0.0550,0.4490,1.0000
-0.0700,0.4597,1.0000
-0.0700,0.4812,1.0000
-0.0700,0.5078,1.0000
-0.0700,0.5481,1.0000
-0.0600,0.5962,1.0000
-0.0250,0.6472,1.0000
-0.0300,0.6980,0.9995
-0.0650,0.7463,0.9809
-0.0800,0.7891,0.9626
-0.0700,0.8240,0.9455
-0.0650,0.8535,0.9294
-0.0550,0.8721,0.9130
-0.0550,0.8801,0.8962
-0.0450,0.8774,0.8783
-0.0450,0.8640,0.8598
-0.0400,0.8401,0.8414
-0.0550,0.8132,0.8234
-0.0450,0.7837,0.8058
-0.0450,0.7544,0.7879
0.0400,0.7222,0.7696
0.3900,0.6926,0.7505
-0.0250,0.6660,0.7317
-0.1900,0.6392,0.7132
-0.0600,0.6177,0.6944
-0.0350,0.5962,0.6751
-0.0350,0.5776,0.6575
-0.0300,0.5615,0.6413
-0.0300,0.5481,0.6264
-0.0250,0.5347,0.6125
-0.0200,0.5239,0.6003
-0.0150,0.5132,0.5895
-0.0100,0.5024,0.5800
0.0000,0.4919,0.5710
0.0100,0.4839,0.5617
0.0250,0.4758,0.5517
0.0450,0.4651,0.5404
0.0800,0.4543,0.5282
0.1250,0.4436,0.5162
0.1850,0.4382,0.5045
0.2100,0.4275,0.4930
0.1600,0.4167,0.4818
0.0700,0.4062,0.4706
-0.0050,0.3982,0.4598
-0.0450,0.3928,0.4510
-0.0650,0.3955,0.4439
-0.0700,0.4062,0.4376
-0.0700,0.4275,0.4312
-0.0650,0.4570,0.4254
-0.0650,0.4919,0.4195
-0.0550,0.5266,0.4136
-0.0150,0.5696,0.4078
-0.0550,0.6042,0.4019
-0.0750,0.6365,0.3963
-0.0750,0.6660,0.3909
-0.0700,0.6794,0.3855
-0.0650,0.6873,0.3802
-0.0650,0.6873,0.3748
-0.0600,0.6794,0.3694
-0.0550,0.6606,0.3640
-0.0500,0.6392,0.3587
-0.0600,0.6150,0.3533
-0.0650,0.5881,0.3479
-0.0600,0.5642,0.3425
-0.0550,0.5374,0.3372
0.2100,0.5159,0.3318
0.2500,0.4973,0.3264
-0.2050,0.4785,0.3213
-0.1250,0.4570,0.3183
-0.0400,0.4409,0.3169
-0.0350,0.4275,0.3147
-0.0350,0.4141,0.3118
-0.0300,0.4062,0.3093
-0.0250,0.3955,0.3074
-0.0250,0.3875,0.3059
-0.0150,0.3794,0.3047
-0.0100,0.3740,0.3047
-0.0050,0.3660,0.3059
0.0050,0.3579,0.3076
0.0200,0.3472,0.3098
0.0350,0.3391,0.3103
0.0600,0.3311,0.3096
0.1000,0.3206,0.3078
0.1450,0.3098,0.3049
0.1950,0.2991,0.2993
0.1850,0.2883,0.2917
0.1100,0.2776,0.2834
0.0200,0.2722,0.2749
-0.0350,0.2695,0.2673
-0.0600,0.2695,0.2604
-0.0700,0.2803,0.2551
-0.0750,0.3018,0.2514
-0.0700,0.3311,0.2507
-0.0700,0.3660,0.2521
-0.0650,0.4114,0.2556
-0.0400,0.4570,0.2607
-0.0450,0.4971,0.2668
-0.0750,0.5347,0.2736
-0.0800,0.5669,0.2800
-0.0700,0.5908,0.2859
-0.0700,0.6042,0.2915
-0.0650,0.6069,0.2966
-0.0600,0.6016,0.3008
-0.0500,0.5908,0.3037
-0.0500,0.5723,0.3049
-0.0550,0.5508,0.3047
-0.0650,0.5266,0.3032
-0.0550,0.5024,0.3010
-0.0600,0.4839,0.2990
0.0350,0.4570,0.2976
0.3850,0.4382,0.2954
-0.0600,0.4221,0.2927
-0.1900,0.4062,0.2912
-0.0650,0.3955,0.2912
-0.0400,0.3848,0.2912
-0.0400,0.3740,0.2912
-0.0350,0.3660,0.2912
-0.0350,0.3579,0.2912
-0.0300,0.3525,0.2912
-0.0200,0.3472,0.2912
-0.0150,0.3418,0.2910
-0.0100,0.3364,0.2907
0.0000,0.3311,0.2905
0.0100,0.3284,0.2903
0.0200,0.3232,0.2900
0.0400,0.3179,0.2898
0.0700,0.3098,0.2895
0.1100,0.3044,0.2890
0.1650,0.2937,0.2878
0.1900,0.2883,0.2856
0.1450,0.2856,0.2827
0.0650,0.2856,0.2795
0.0000,0.2856,0.2768
-0.0350,0.2937,0.2749
-0.0500,0.3125,0.2734
-0.0550,0.3364,0.2722
-0.0550,0.3687,0.2712
-0.0500,0.4087,0.2702
-0.0450,0.4543,0.2697
-0.0400,0.4971,0.2695
-0.0200,0.5427,0.2712
-0.0500,0.5803,0.2749
-0.0600,0.6150,0.2788
-0.0650,0.6392,0.2827
-0.0600,0.6580,0.2868
-0.0500,0.6660,0.2912
-0.0550,0.6660,0.2968
-0.0450,0.6580,0.3034
-0.0450,0.6445,0.3105
-0.0350,0.6230,0.3183
-0.0500,0.6042,0.3276
-0.0500,0.5803,0.3379
-0.0450,0.5588,0.3482
-0.0400,0.5374,0.3582
0.3000,0.5159,0.3692
0.2150,0.5000,0.3811
-0.1900,0.4839,0.3946
-0.0950,0.4705,0.4090
-0.0400,0.4543,0.4237
-0.0450,0.4436,0.4386
-0.0400,0.4382,0.4552
-0.0350,0.4275,0.4732
-0.0250,0.4221,0.4925
-0.0250,0.4167,0.5131
-0.0200,0.4116,0.5353
-0.0150,0.4062,0.5588
-0.0100,0.4009,0.5810
0.0000,0.3901,0.6025
0.0100,0.3794,0.6233
0.0300,0.3633,0.6430
0.0550,0.3445,0.6614
0.0900,0.3230,0.6787
0.1350,0.3071,0.6948
0.1900,0.2910,0.7102
0.1850,0.2776,0.7249
0.1100,0.2722,0.7391
0.0300,0.2695,0.7527
-0.0250,0.2722,0.7664
-0.0450,0.2830,0.7808
-0.0600,0.3018,0.7960
-0.0550,0.3337,0.8107
-0.0550,0.3713,0.8246
-0.0500,0.4141,0.8383
-0.0450,0.4624,0.8515
0.0300,0.5024,0.8634
-0.0400,0.5427,0.8744
-0.0600,0.5854,0.8854
-0.0700,0.6204,0.8967
-0.0600,0.6499,0.9072
-0.0500,0.6741,0.9167
-0.0450,0.6846,0.9257
-0.0400,0.6873,0.9343
-0.0350,0.6873,0.9414
-0.0300,0.6846,0.9472
-0.0350,0.6768,0.9531
-0.0350,0.6714,0.9592
-0.0350,0.6660,0.9643
-0.0350,0.6606,0.9692
0.1900,0.6499,0.9743
0.4150,0.6284,0.9795
-0.1200,0.5989,0.9829
-0.1150,0.5696,0.9849
-0.0350,0.5427,0.9856
-0.0300,0.5239,0.9851
-0.0300,0.5212,0.9822
-0.0350,0.5293,0.9768
-0.0300,0.5481,0.9699
-0.0250,0.5642,0.9616
-0.0200,0.5776,0.9514
-0.0150,0.5803,0.9392
-0.0100,0.5696,0.9245
-0.0050,0.5427,0.9081
0.0000,0.4971,0.8903
0.0200,0.4329,0.8715
0.0500,0.3337,0.8510
0.0800,0.2051,0.8285
0.1250,0.0498,0.8041
0.1850,0.0002,0.7782
0.1950,0.0002,0.7530
0.1300,0.0002,0.7288
0.0400,0.0002,0.7054
-0.0300,0.0002,0.6824
-0.0600,0.0002,0.6599
-0.0700,0.0002,0.6377
-0.0750,0.0002,0.6164
-0.0750,0.0002,0.5964
-0.0650,0.0002,0.5781
-0.0650,0.0002,0.5612
-0.0250,0.0002,0.5456
-0.0300,0.0002,0.5307
-0.0650,0.0002,0.5167
-0.0800,0.0002,0.5033
-0.0650,0.0002,0.4903
-0.0600,0.0002,0.4776
-0.0600,0.0002,0.4654
-0.0600,0.0002,0.4532
-0.0450,0.0002,0.4403
-0.0500,0.0002,0.4266
-0.0500,0.0002,0.4136
-0.0550,0.0002,0.4009
-0.0500,0.0002,0.3877
-0.0500,0.0002,0.3741
0.0500,0.0002,0.3611
0.3850,0.0002,0.3484
-0.0550,0.0002,0.3355
-0.1900,0.0002,0.3223
-0.0600,0.0002,0.3108
-0.0400,0.0002,0.3005
-0.0350,0.0256,0.2907
-0.0300,0.0593,0.2810
-0.0300,0.0928,0.2724
-0.0250,0.1238,0.2648
-0.0200,0.1545,0.2590
-0.0100,0.1799,0.2546
-0.0050,0.2080,0.2514
0.0000,0.2332,0.2490
0.0150,0.2585,0.2460
0.0300,0.2866,0.2426
0.0500,0.3174,0.2380
0.0850,0.3455,0.2326
0.1350,0.3792,0.2265
0.1850,0.4072,0.2201
0.2100,0.4326,0.2145
0.1550,0.4551,0.2094
0.0650,0.4775,0.2047
-0.0150,0.4971,0.2006
-0.0500,0.5222,0.1967
-0.0650,0.5642,0.1935
-0.0700,0.6233,0.1913
-0.0750,0.6990,0.1901
-0.0700,0.7776,0.1896
-0.0650,0.8618,0.1898
-0.0600,0.9348,0.1915
-0.0200,0.9910,0.1940
-0.0600,0.9998,0.1964
-0.0800,0.9998,0.1986
-0.0800,0.9998,0.2006
-0.0750,0.9998,0.2025
-0.0600,0.9998,0.2043
-0.0650,0.9998,0.2060
-0.0550,0.9998,0.2062
-0.0600,0.9998,0.2060
-0.0500,0.9998,0.2050
-0.0650,0.9998,0.2033
-0.0550,0.9998,0.2003
-0.0550,0.9998,0.1964
-0.0500,0.9998,0.1925
0.2200,0.9995,0.1891
0.2600,0.9824,0.1862
-0.2050,0.9546,0.1832
-0.1200,0.9321,0.1803
-0.0350,0.6318,0.1776
-0.0350,0.6257,0.1752
-0.0350,0.6204,0.1730
-0.0300,0.6160,0.1727
-0.0350,0.6106,0.1742
-0.0250,0.6052,0.1769
-0.0150,0.5989,0.1806
-0.0100,0.5952,0.1849
-0.0050,0.5918,0.1896
0.0050,0.5911,0.1937
0.0200,0.5864,0.1969
0.0300,0.5857,0.1989
0.0600,0.5828,0.1996
0.1000,0.5793,0.1994
0.1450,0.5747,0.1984
0.1950,0.5669,0.1981
0.1900,0.5588,0.1984
0.1100,0.5498,0.2001
0.0150,0.5427,0.2028
-0.0350,0.5381,0.2060
-0.0550,0.5364,0.2099
-0.0650,0.5417,0.2143
-0.0700,0.5569,0.2189
-0.0650,0.5830,0.2238
-0.0650,0.6213,0.2284
-0.0600,0.6738,0.2321
-0.0250,0.7400,0.2350
-0.0450,0.8213,0.2372
-0.0700,0.9158,0.2392
-0.0800,0.9971,0.2416
-0.0700,0.9998,0.2446
-0.0650,0.9998,0.2468
-0.0650,0.9998,0.2485
-0.0600,0.9998,0.2487
-0.0550,0.9998,0.2475
-0.0500,0.9998,0.2458
-0.0550,0.9998,0.2433
-0.0650,0.9998,0.2416
-0.0600,0.9998,0.2402
-0.0600,0.9998,0.2385
0.0500,0.9998,0.2358
0.3800,0.9998,0.2321
-0.0800,0.9998,0.2272
-0.1900,0.9998,0.2228
-0.0650,0.9998,0.2187
-0.0400,0.9998,0.2157
-0.0400,0.9998,0.2140
-0.0400,0.9998,0.2140
-0.0350,0.9998,0.2155
-0.0300,0.9998,0.2189
-0.0250,0.9998,0.2238
-0.0200,0.9998,0.2309
-0.0100,0.9998,0.2394
-0.0050,0.9998,0.2485
0.0100,0.9998,0.2578
0.0250,0.9998,0.2670
0.0500,0.9998,0.2761
0.0800,0.9998,0.2834
0.1200,0.9961,0.2890
0.1750,0.9722,0.2939
0.2000,0.9470,0.2988
0.1500,0.9221,0.3037
0.0550,0.8989,0.3088
-0.0150,0.8767,0.3157
-0.0550,0.8542,0.3242
-0.0700,0.8320,0.3333
-0.0750,0.8105,0.3425
-0.0750,0.7881,0.3528
-0.0700,0.7659,0.3640
-0.0700,0.7463,0.3760
-0.0600,0.7256,0.3885
-0.0350,0.7078,0.4024
-0.0600,0.6899,0.4175
-0.0800,0.6721,0.4322
-0.0800,0.6543,0.4471
-0.0750,0.6382,0.4637
-0.0600,0.6221,0.4820
-0.0650,0.6106,0.5018
-0.0500,0.6033,0.5224
-0.0550,0.6016,0.5424
-0.0500,0.6016,0.5617
-0.0600,0.6035,0.5798
-0.0600,0.6035,0.5966
-0.0550,0.6006,0.6115
-0.0300,0.5945,0.6250
0.3400,0.5864,0.6369
0.1950,0.5747,0.6482
-0.1800,0.5596,0.6599
-0.0850,0.5417,0.6719
-0.0400,0.5212,0.6841
-0.0450,0.4990,0.6963
-0.0450,0.4775,0.7090
-0.0400,0.4570,0.7217
-0.0400,0.4409,0.7344
-0.0300,0.4285,0.7471
-0.0250,0.4194,0.7611
-0.0200,0.4141,0.7752
-0.0150,0.4097,0.7882
-0.0050,0.4060,0.7999
0.0050,0.3999,0.8094
0.0250,0.3901,0.8170
0.0450,0.3784,0.8214
0.0850,0.3640,0.8234
0.1350,0.3472,0.8241
0.1850,0.3301,0.8241
0.1750,0.3132,0.8246
0.0900,0.2954,0.8256
0.0100,0.2793,0.8258
-0.0400,0.2642,0.8260
-0.0650,0.2498,0.8287
-0.0700,0.2390,0.8339
-0.0750,0.2339,0.8414
-0.0700,0.2356,0.8517
-0.0700,0.2471,0.8646
-0.0650,0.2678,0.8798
0.0050,0.2944,0.8964
-0.0550,0.3240,0.9138
-0.0750,0.3552,0.9279
-0.0850,0.3855,0.9387
-0.0750,0.4114,0.9433
-0.0600,0.4329,0.9426
-0.0600,0.4480,0.9370
-0.0500,0.4543,0.9274
-0.0450,0.4543,0.9160
-0.0350,0.4775,0.9030
-0.0500,0.4741,0.8891
-0.0450,0.4705,0.8739
-0.0450,0.4680,0.8566
-0.0400,0.4658,0.8370
0.2150,0.4631,0.8155
0.3150,0.4590,0.7928
-0.1850,0.4524,0.7691
-0.1250,0.4438,0.7447
-0.0400,0.4336,0.7188
-0.0400,0.4219,0.6919
-0.0400,0.4082,0.6660
-0.0350,0.3931,0.6413
-0.0300,0.3760,0.6174
-0.0350,0.3574,0.5944
-0.0250,0.3374,0.5742
-0.0200,0.3167,0.5558
-0.0150,0.2954,0.5382
-0.0050,0.2754,0.5211
0.0100,0.2583,0.5043
0.0250,0.2446,0.4874
0.0550,0.2329,0.4688
0.0950,0.2239,0.4486
0.1450,0.2163,0.4273
0.1950,0.2097,0.4051
0.1950,0.2039,0.3833
0.1200,0.1978,0.3618
0.0300,0.1924,0.3396
-0.0300,0.1877,0.3169
-0.0600,0.1848,0.2951
-0.0750,0.1843,0.2741
-0.0750,0.1870,0.2551
-0.0750,0.1924,0.2377
-0.0700,0.2000,0.2226
-0.0650,0.2090,0.2094
-0.0350,0.2180,0.1977
-0.0400,0.2275,0.1874
-0.0700,0.2400,0.1791
-0.0850,0.2563,0.1722
-0.0700,0.2781,0.1678
-0.0650,0.3040,0.1652
-0.0600,0.3333,0.1627
-0.0600,0.3630,0.1603
-0.0550,0.3894,0.1583
-0.0550,0.4104,0.1561
-0.0500,0.4260,0.1534
-0.0600,0.4375,0.1495
-0.0550,0.4453,0.1432
-0.0550,0.4509,0.1346
0.0400,0.4539,0.1239
0.3750,0.4514,0.1112
-0.0600,0.4392,0.0972
-0.2000,0.4146,0.0828
-0.0700,0.3745,0.0696
-0.0400,0.3228,0.0579
-0.0350,0.2659,0.0486
-0.0400,0.2112,0.0408
-0.0350,0.1665,0.0354
-0.0250,0.1367,0.0323
-0.0200,0.1216,0.0313
-0.0150,0.1177,0.0323
-0.0100,0.1211,0.0357
-0.0050,0.1284,0.0408
0.0050,0.1382,0.0474
0.0150,0.1504,0.0547
0.0450,0.1650,0.0618
0.0800,0.1814,0.0682
0.1250,0.1995,0.0723
0.1850,0.2185,0.0745
0.2100,0.2393,0.0762
0.1500,0.2605,0.0779
0.0550,0.2830,0.0801
-0.0200,0.3057,0.0833
-0.0550,0.3284,0.0880
-0.0700,0.3496,0.0936
-0.0700,0.3684,0.0989
-0.0700,0.3845,0.1041
-0.0650,0.3965,0.1090
-0.0650,0.4060,0.1136
-0.0650,0.4136,0.1170
-0.0300,0.4199,0.1195
-0.0600,0.4255,0.1212
-0.0750,0.4304,0.1224
-0.0750,0.4341,0.1231
-0.0700,0.4358,0.1236
-0.0600,0.4370,0.1248
-0.0650,0.4363,0.1266
-0.0550,0.4358,0.1288
-0.0550,0.4351,0.1312
-0.0500,0.4343,0.1341
-0.0600,0.4329,0.1371
-0.0550,0.4312,0.1400
-0.0500,0.4297,0.1429
-0.0450,0.4282,0.1451
0.2400,0.4272,0.1461
0.2500,0.4272,0.1456
-0.2000,0.4272,0.1439
-0.1150,0.4275,0.1424
-0.0400,0.4294,0.1410
-0.0400,0.4316,0.1395
-0.0300,0.4348,0.1383
-0.0350,0.4377,0.1380
-0.0300,0.4409,0.1388
-0.0200,0.4438,0.1412
-0.0200,0.4456,0.1449
-0.0150,0.4468,0.1495
-0.0100,0.4468,0.1544
0.0050,0.4468,0.1591
0.0200,0.4460,0.1632
0.0300,0.4460,0.1659
0.0500,0.4460,0.1671
0.0900,0.4463,0.1666
0.1400,0.4478,0.1649
0.1900,0.4485,0.1630
0.1800,0.4487,0.1613
0.1000,0.4487,0.1605
0.0150,0.4485,0.1605
-0.0350,0.4485,0.1613
-0.0600,0.4492,0.1625
-0.0700,0.4507,0.1639
-0.0650,0.4536,0.1659
-0.0700,0.4570,0.1678
-0.0650,0.4617,0.1698
-0.0600,0.4661,0.1718
-0.0350,0.4529,0.1742
-0.0450,0.4600,0.1774
-0.0600,0.4661,0.1813
-0.0750,0.4712,0.1847
-0.0700,0.4741,0.1879
-0.0600,0.4766,0.1906
-0.0600,0.4773,0.1930
-0.0550,0.4780,0.1955
-0.0500,0.4766,0.1974
-0.0450,0.4753,0.1994
-0.0450,0.4729,0.2013
-0.0550,0.4705,0.2028
-0.0500,0.4680,0.2045
-0.0500,0.4666,0.2060
0.0700,0.4661,0.2072
0.3950,0.4666,0.2067
-0.0850,0.4680,0.2045
-0.1750,0.4700,0.2021
-0.0500,0.4712,0.1994
-0.0350,0.4724,0.1977
-0.0400,0.4729,0.1969
-0.0350,0.4736,0.1977
-0.0300,0.4736,0.1999
-0.0300,0.4736,0.2038
-0.0250,0.4736,0.2096
-0.0200,0.4736,0.2187
-0.0150,0.4736,0.2299
-0.0100,0.4717,0.2431
0.0000,0.4692,0.2578
0.0150,0.4666,0.2724
0.0350,0.4641,0.2871
0.0600,0.4604,0.3017
0.1050,0.4561,0.3164
0.1600,0.4524,0.3311
0.1850,0.4460,0.3457
0.1400,0.4412,0.3611
0.0550,0.4404,0.3777
-0.0150,0.4373,0.3970
-0.0500,0.4348,0.4188
-0.0650,0.4353,0.4432
-0.0650,0.4399,0.4693
-0.0650,0.4485,0.4952
-0.0600,0.4592,0.5206
-0.0550,0.4724,0.5468
-0.0300,0.4861,0.5732
-0.0250,0.4985,0.5988
-0.0600,0.5085,0.6237
-0.0800,0.5173,0.6472
-0.0700,0.5237,0.6694
-0.0650,0.5278,0.6907
-0.0550,0.5305,0.7110
-0.0500,0.5325,0.7308
-0.0450,0.5337,0.7496
-0.0450,0.5330,0.7659
-0.0300,0.5305,0.7804
-0.0450,0.5261,0.7931
-0.0450,0.5205,0.8045
-0.0400,0.5129,0.8151
0.0000,0.5049,0.8251
0.3850,0.4973,0.8356
0.1900,0.4893,0.8463
-0.1550,0.4817,0.8563
-0.0650,0.4749,0.8659
-0.0250,0.4700,0.8747
-0.0300,0.4661,0.8832
-0.0300,0.4636,0.8915
-0.0300,0.4624,0.8993
-0.0250,0.4617,0.9072
-0.0200,0.4612,0.9147
-0.0200,0.4612,0.9221
-0.0150,0.4612,0.9294
-0.0100,0.4612,0.9355
-0.0100,0.4612,0.9406
0.0050,0.4612,0.9453
0.0250,0.4592,0.9489
0.0500,0.4568,0.9514
0.0900,0.4524,0.9524
0.1400,0.4473,0.9514
0.1950,0.4412,0.9489
0.1800,0.4341,0.9441
0.0900,0.4255,0.9375
0.0100,0.4160,0.9294
-0.0400,0.4043,0.9204
-0.0600,0.3904,0.9106
-0.0700,0.3767,0.9001
-0.0700,0.3643,0.8881
-0.0650,0.3542,0.8747
-0.0650,0.3491,0.8605
-0.0600,0.3479,0.8456
-0.0100,0.3499,0.8302
-0.0500,0.3535,0.8143
-0.0750,0.3579,0.7972
-0.0750,0.3616,0.7794
-0.0600,0.3643,0.7625
-0.0500,0.3650,0.7466
-0.0550,0.3650,0.7298
-0.0450,0.3643,0.7119
-0.0450,0.3630,0.6944
-0.0400,0.3623,0.6770
-0.0450,0.3630,0.6611
-0.0450,0.3643,0.6460
-0.0450,0.3667,0.6296
-0.0350,0.3679,0.6123
0.2350,0.3691,0.5939
0.2600,0.3699,0.5746
-0.2050,0.3691,0.5541
-0.1150,0.3662,0.5324
-0.0300,0.3611,0.5097
-0.0350,0.3542,0.4869
-0.0300,0.3467,0.4667
-0.0250,0.3411,0.4486
-0.0200,0.3362,0.4322
-0.0200,0.3330,0.4175
-0.0150,0.3325,0.4048
-0.0150,0.3367,0.3938
-0.0050,0.3374,0.3843
0.0050,0.3379,0.3755
0.0150,0.3423,0.3665
0.0350,0.3518,0.3570
0.0650,0.3687,0.3462
0.1000,0.3931,0.3345
0.1550,0.4236,0.3220
0.2050,0.4573,0.3088
0.2000,0.4905,0.2954
0.1150,0.5593,0.2817
0.0200,0.6365,0.2692
-0.0350,0.6941,0.2580
-0.0600,0.7383,0.2492
-0.0700,0.7727,0.2426
-0.0700,0.7998,0.2367
-0.0650,0.8247,0.2316
-0.0700,0.8479,0.2277
-0.0650,0.8669,0.2248
-0.0300,0.8882,0.2209
-0.0400,0.9016,0.2160
-0.0650,0.9114,0.2116
-0.0750,0.9094,0.2074
-0.0700,0.8977,0.2035
-0.0650,0.8669,0.1999
-0.0550,0.8210,0.1964
-0.0500,0.7671,0.1930
-0.0400,0.7249,0.1889
-0.0350,0.7036,0.1840
-0.0400,0.7170,0.1786
-0.0500,0.7710,0.1732
-0.0450,0.8652,0.1686
-0.0400,0.9766,0.1644
0.0500,0.9998,0.1600
0.4000,0.9998,0.1551
-0.0450,0.9998,0.1500
-0.1800,0.9998,0.1449
-0.0550,0.9998,0.1407
-0.0350,0.9998,0.1373
-0.0350,0.9998,0.1346
-0.0300,0.9998,0.1324
-0.0250,0.9998,0.1317
-0.0200,0.9998,0.1319
-0.0150,0.9998,0.1329
-0.0100,0.9998,0.1346
0.0000,0.9998,0.1378
0.0050,0.9998,0.1417
0.0150,0.9998,0.1446
0.0350,0.9998,0.1466
0.0550,0.9998,0.1488
0.0900,0.9998,0.1510
0.1350,0.9998,0.1525
0.1900,0.9998,0.1534
0.2200,0.9998,0.1547
0.1700,0.9998,0.1561
0.0700,0.9998,0.1581
0.0000,0.9421,0.1600
-0.0400,0.7305,0.1622
-0.0600,0.4788,0.1647
-0.0600,0.1729,0.1671
-0.0600,0.0002,0.1696
-0.0550,0.0002,0.1720
-0.0550,0.0002,0.1744
-0.0450,0.0002,0.1766
-0.0150,0.0002,0.1791
-0.0500,0.0002,0.1823
-0.0700,0.0002,0.1862
-0.0650,0.0002,0.1906
-0.0600,0.0002,0.1955
-0.0500,0.0002,0.2006
-0.0500,0.0002,0.2057
-0.0400,0.0002,0.2091
-0.0400,0.0002,0.2106
-0.0350,0.0002,0.2108
-0.0450,0.0002,0.2104
-0.0450,0.0002,0.2091
-0.0350,0.0002,0.2074
-0.0300,0.0002,0.2055
0.2650,0.0002,0.2033
0.2450,0.0002,0.2021
-0.1950,0.0002,0.2013
-0.1000,0.0002,0.2011
-0.0300,0.0002,0.2013
-0.0250,0.0002,0.2018
-0.0250,0.0002,0.2028
-0.0250,0.0002,0.2038
-0.0200,0.0132,0.2050
-0.0150,0.0579,0.2072
-0.0150,0.0986,0.2101
-0.0100,0.1328,0.2126
-0.0050,0.1592,0.2148
0.0100,0.1763,0.2155
0.0200,0.1853,0.2155
0.0350,0.1853,0.2155
0.0650,0.1787,0.2160
0.1000,0.1682,0.2165
0.1450,0.1565,0.2170
0.1950,0.1499,0.2177
0.1900,0.1511,0.2187
0.1100,0.1616,0.2196
0.0250,0.1855,0.2204
-0.0300,0.2144,0.2211
-0.0600,0.2485,0.2221
-0.0600,0.2866,0.2228
-0.0600,0.3274,0.2238
-0.0600,0.3684,0.2255
-0.0600,0.4077,0.2282
-0.0550,0.4458,0.2314
-0.0250,0.4800,0.2350
-0.0400,0.5063,0.2389
-0.0600,0.5312,0.2429
-0.0700,0.5513,0.2460
-0.0600,0.5696,0.2482
-0.0550,0.5854,0.2499
-0.0550,0.6011,0.2514
-0.0500,0.6116,0.2524
-0.0450,0.6184,0.2534
-0.0400,0.6169,0.2551
-0.0450,0.6077,0.2573
-0.0450,0.5933,0.2602
-0.0400,0.5735,0.2639
-0.0450,0.5486,0.2697
0.0950,0.5222,0.2778
0.4150,0.4998,0.2873
-0.0800,0.4788,0.2981
-0.1500,0.4617,0.3108
-0.0450,0.4500,0.3249
-0.0350,0.4431,0.3391
-0.0300,0.4395,0.3538
-0.0300,0.4395,0.3704
-0.0300,0.4407,0.3890
-0.0250,0.4458,0.4097
-0.0200,0.4512,0.4324
-0.0150,0.4563,0.4554
-0.0150,0.4949,0.4786
-0.0050,0.4949,0.5028
0.0100,0.4949,0.5280
0.0200,0.4949,0.5529
0.0400,0.4949,0.5771
0.0750,0.4949,0.5988
0.1150,0.4949,0.6186
0.1700,0.4949,0.6379
0.2000,0.5000,0.6570
0.1450,0.5000,0.6755
0.0550,0.5000,0.6939
-0.0200,0.5000,0.7112
-0.0500,0.5000,0.7276
-0.0600,0.5000,0.7442
-0.0600,0.5000,0.7608
-0.0650,0.5000,0.7777
-0.0600,0.5049,0.7945
-0.0600,0.5100,0.8104
-0.0150,0.5125,0.8256
-0.0200,0.5151,0.8400
-0.0550,0.5200,0.8539
-0.0750,0.5251,0.8664
-0.0650,0.5276,0.8776
-0.0550,0.5303,0.8888
-0.0500,0.5303,0.9001
-0.0450,0.5352,0.9094
-0.0400,0.5352,0.9174
-0.0400,0.5352,0.9247
-0.0400,0.5327,0.9321
-0.0450,0.5303,0.9394
-0.0450,0.5303,0.9465
-0.0400,0.5303,0.9526
0.0150,0.5251,0.9580
0.4200,0.5251,0.9634
0.1250,0.5251,0.9690
-0.1550,0.5251,0.9741
-0.0650,0.5200,0.9783
-0.0400,0.5200,0.9819
-0.0400,0.5200,0.9849
-0.0400,0.5200,0.9856
-0.0300,0.5200,0.9841
-0.0250,0.5151,0.9802
-0.0250,0.5151,0.9743
-0.0200,0.5151,0.9680
-0.0100,0.5151,0.9609
-0.0100,0.5151,0.9516
0.0050,0.5151,0.9404
0.0150,0.5151,0.9267
0.0350,0.5151,0.9106
0.0650,0.5151,0.8920
0.1050,0.5125,0.8715
0.1550,0.5100,0.8495
0.2050,0.5100,0.8265
0.1700,0.5100,0.8036
0.0850,0.5100,0.7811
0.0050,0.5049,0.7586
-0.0450,0.5049,0.7366
-0.0700,0.5073,0.7146
-0.0750,0.5100,0.6929
-0.0750,0.5100,0.6721
-0.0700,0.5151,0.6523
-0.0700,0.5176,0.6323
-0.0650,0.5200,0.6123
-0.0150,0.5225,0.5930
-0.0600,0.5251,0.5746
-0.0850,0.5303,0.5580
-0.0800,0.5327,0.5426
-0.0700,0.5352,0.5282
-0.0650,0.5352,0.5145
-0.0650,0.5352,0.5006
-0.0500,0.5352,0.4862
-0.0550,0.5352,0.4715
-0.0450,0.5352,0.4569
-0.0550,0.5352,0.4430
-0.0600,0.5352,0.4298
-0.0550,0.5303,0.4161
-0.0450,0.5303,0.4019
0.2500,0.5276,0.3877
0.2400,0.5251,0.3733
-0.2100,0.5225,0.3599
-0.1150,0.5200,0.3472
-0.0350,0.5200,0.3350
-0.0400,0.5176,0.3235
-0.0300,0.5151,0.3135
-0.0300,0.5151,0.3044
-0.0300,0.5125,0.2964
-0.0200,0.5100,0.2890
-0.0150,0.5100,0.2822
-0.0100,0.5100,0.2761
0.0000,0.5100,0.2712
0.0050,0.5073,0.2673
0.0200,0.5049,0.2622
0.0400,0.5049,0.2560
0.0700,0.5049,0.2492
0.1100,0.5049,0.2416
0.1600,0.5000,0.2331
0.2100,0.5000,0.2238
0.1950,0.5000,0.2157
0.1100,0.5000,0.2089
0.0250,0.5000,0.2030
-0.0300,0.5000,0.1979
-0.0600,0.5000,0.1935
-0.0650,0.5000,0.1898
-0.0650,0.5000,0.1871
-0.0650,0.5000,0.1859
-0.0650,0.5000,0.1852
-0.0650,0.5000,0.1852
-0.0350,0.5049,0.1857
-0.0400,0.5073,0.1867
-0.0600,0.5100,0.1879
-0.0750,0.5151,0.1891
-0.0700,0.5151,0.1893
-0.0650,0.5176,0.1893
-0.0550,0.5200,0.1896
-0.0550,0.5200,0.1901
-0.0550,0.5200,0.1908
-0.0500,0.5151,0.1918
-0.0500,0.5151,0.1930
-0.0650,0.5151,0.1942
-0.0600,0.5100,0.1945
-0.0600,0.5100,0.1942
0.0400,0.5073,0.1933
0.3800,0.5049,0.1918
-0.0650,0.5049,0.1903
-0.1850,0.5181,0.1886
-0.0650,0.5122,0.1876
-0.0400,0.5054,0.1874
-0.0450,0.5010,0.1876
-0.0350,0.4963,0.1881
-0.0300,0.4919,0.1891
-0.0300,0.4885,0.1901
-0.0300,0.4851,0.1915
-0.0200,0.4817,0.1930
-0.0150,0.4795,0.1957
-0.0050,0.4761,0.1989
0.0100,0.4736,0.2008
0.0250,0.4705,0.2016
0.0450,0.4668,0.2013
0.0800,0.4636,0.2003
0.1300,0.4612,0.1989
0.1800,0.4590,0.1972
0.2100,0.4568,0.1952
0.1600,0.4556,0.1933
0.0650,0.4543,0.1920
-0.0050,0.4521,0.1915
-0.0450,0.4509,0.1915
-0.0650,0.4509,0.1920
-0.0700,0.4531,0.1928
-0.0650,0.4578,0.1937
-0.0650,0.4670,0.1950
-0.0600,0.4792,0.1964
-0.0550,0.4954,0.1979
-0.0250,0.5088,0.1994
-0.0550,0.5271,0.2018
-0.0700,0.5442,0.2050
-0.0650,0.5601,0.2077
-0.0700,0.5715,0.2101
-0.0550,0.5815,0.2121
-0.0550,0.5862,0.2140
-0.0500,0.5886,0.2155
-0.0500,0.5874,0.2167
-0.0400,0.5828,0.2170
-0.0550,0.5759,0.2165
-0.0550,0.5679,0.2162
-0.0500,0.5601,0.2162
-0.0350,0.5520,0.2155
0.2800,0.5442,0.2138
0.2150,0.5374,0.2108
-0.2000,0.5305,0.2069
-0.1000,0.5237,0.2043
-0.0350,0.5190,0.2025
-0.0300,0.5134,0.2018
-0.0350,0.5078,0.2016
-0.0300,0.5032,0.2018
-0.0250,0.5000,0.2023
-0.0200,0.4954,0.2030
-0.0150,0.4895,0.2040
-0.0100,0.4873,0.2062
-0.0050,0.4827,0.2091
0.0100,0.4783,0.2116
0.0200,0.4736,0.2138
0.0350,0.4692,0.2145
0.0600,0.4646,0.2143
0.1000,0.4600,0.2133
0.1450,0.3955,0.2118
0.1900,0.3901,0.2108
0.1700,0.3875,0.2104
0.0950,0.3821,0.2094
0.0200,0.3821,0.2079
-0.0250,0.3821,0.2069
-0.0450,0.3848,0.2067
-0.0500,0.3955,0.2079
-0.0500,0.4141,0.2106
-0.0500,0.4382,0.2170
-0.0500,0.4758,0.2265
-0.0450,0.5105,0.2382
-0.0050,0.5535,0.2519
-0.0300,0.5962,0.2680
-0.0500,0.6392,0.2861
-0.0600,0.6741,0.3056
-0.0550,0.7034,0.3264
-0.0450,0.7249,0.3477
-0.0450,0.7410,0.3697
-0.0400,0.7490,0.3921
-0.0350,0.7544,0.4149
-0.0300,0.7517,0.4368
-0.0350,0.7463,0.4583
-0.0400,0.7383,0.4801
-0.0350,0.7222,0.5021
-0.0400,0.7087,0.5233
0.1500,0.6926,0.5439
0.4250,0.6794,0.5627
-0.0900,0.6633,0.5805
-0.1150,0.6526,0.5981
-0.0300,0.6418,0.6162
-0.0300,0.6284,0.6343
-0.0300,0.6150,0.6523
-0.0300,0.5989,0.6702
-0.0200,0.5857,0.6880
-0.0150,0.5696,0.7056
-0.0100,0.5562,0.7234
-0.0050,0.5454,0.7410
0.0000,0.5347,0.7586
0.0050,0.5239,0.7750
0.0150,0.5159,0.7904
0.0250,0.5105,0.8041
0.0500,0.5051,0.8163
0.0800,0.5024,0.8273
0.1200,0.5000,0.8375
0.1700,0.5000,0.8471
0.2000,0.5000,0.8561
0.1400,0.4946,0.8646
0.0550,0.4946,0.8730
-0.0100,0.5000,0.8810
-0.0450,0.5024,0.8891
-0.0550,0.5159,0.8979
-0.0600,0.5374,0.9072
-0.0550,0.5669,0.9150
-0.0550,0.6069,0.9216
-0.0450,0.6499,0.9284
0.0000,0.6980,0.9353
-0.0250,0.7410,0.9421
-0.0500,0.7864,0.9487
-0.0700,0.8240,0.9543
-0.0550,0.8481,0.9590
-0.0450,0.8667,0.9619
-0.0350,0.8694,0.9634
-0.0300,0.8694,0.9629
-0.0250,0.8787,0.9607
-0.0250,0.8618,0.9572
-0.0250,0.8423,0.9524
-0.0350,0.8198,0.9448
-0.0300,0.7944,0.9350
-0.0250,0.7693,0.9245
0.0500,0.7412,0.9133
0.4300,0.7158,0.8998
0.0100,0.6907,0.8844
-0.1650,0.6626,0.8683
-0.0550,0.6401,0.8519
-0.0200,0.6233,0.8344
-0.0250,0.6035,0.8158
-0.0250,0.5867,0.7965
-0.0250,0.5728,0.7767
-0.0200,0.5586,0.7564
-0.0150,0.5417,0.7359
-0.0150,0.5334,0.7161
-0.0100,0.5249,0.6973
0.0000,0.5137,0.6790
0.0150,0.5027,0.6609
0.0300,0.4971,0.6423
0.0500,0.4858,0.6228
0.0800,0.4746,0.6008
0.1200,0.4663,0.5768
0.1750,0.4578,0.5524
0.2150,0.4465,0.5277
0.1700,0.4409,0.5040
0.0750,0.4353,0.4811
0.0000,0.4297,0.4608
-0.0450,0.4270,0.4427
-0.0600,0.4297,0.4266
-0.0700,0.4409,0.4117
-0.0650,0.4551,0.3980
-0.0600,0.4802,0.3853
-0.0600,0.5083,0.3743
-0.0550,0.5417,0.3645
-0.0100,0.5811,0.3560
-0.0550,0.6204,0.3479
-0.0800,0.6541,0.3406
-0.0750,0.6851,0.3337
-0.0700,0.7075,0.3274
-0.0600,0.7271,0.3213
-0.0600,0.7383,0.3166
-0.0500,0.7412,0.3127
-0.0500,0.7383,0.3076
-0.0450,0.7271,0.3012
-0.0550,0.7131,0.2942
-0.0600,0.6934,0.2863
-0.0500,0.6682,0.2780
-0.0350,0.6458,0.2692
0.2500,0.6177,0.2604
0.2200,0.5952,0.2514
-0.2050,0.5754,0.2416
-0.1050,0.5559,0.2314
-0.0350,0.5391,0.2214
-0.0350,0.5249,0.2123
-0.0350,0.5137,0.2057
-0.0300,0.5054,0.2011
-0.0250,0.5000,0.1979
-0.0200,0.4944,0.1962
-0.0150,0.4858,0.1962
-0.0050,0.4775,0.1979
0.0000,0.4690,0.2006
0.0100,0.4578,0.2038
0.0250,0.4521,0.2055
0.0450,0.4409,0.2060
0.0750,0.4326,0.2045
0.1200,0.4241,0.2018
0.1650,0.4128,0.1989
0.2200,0.4072,0.1959
0.2000,0.3960,0.1930
0.1100,0.3877,0.1903
0.0200,0.3821,0.1879
-0.0350,0.3765,0.1854
-0.0600,0.3792,0.1830
-0.0650,0.3848,0.1806
-0.0650,0.4016,0.1793
-0.0650,0.4214,0.1786
-0.0650,0.4521,0.1788
-0.0600,0.4888,0.1796
-0.0350,0.5222,0.1806
-0.0400,0.5615,0.1820
-0.0600,0.5979,0.1835
-0.0700,0.6316,0.1852
-0.0750,0.6570,0.1879
-0.0600,0.6738,0.1913
-0.0550,0.6821,0.1942
-0.0550,0.6851,0.1969
-0.0500,0.6821,0.1994
-0.0400,0.6709,0.2016
-0.0450,0.6570,0.2023
-0.0550,0.6401,0.2021
-0.0500,0.6233,0.2013
-0.0500,0.6008,0.2001
0.0650,0.5840,0.1984
0.3950,0.5615,0.1964
-0.0750,0.5447,0.1942
-0.1750,0.5305,0.1918
-0.0550,0.5137,0.1893
-0.0350,0.5027,0.1871
-0.0350,0.5000,0.1859
-0.0350,0.4915,0.1854
-0.0300,0.4858,0.1854
-0.0250,0.4775,0.1862
-0.0200,0.4719,0.1881
-0.0200,0.4663,0.1913
-0.0150,0.4634,0.1950
0.0000,0.4521,0.1991
0.0150,0.4465,0.2028
0.0300,0.4382,0.2055
0.0450,0.4297,0.2069
0.0850,0.4241,0.2072
0.1300,0.4158,0.2069
0.1750,0.4102,0.2057
0.2000,0.4045,0.2040
0.1500,0.3989,0.2021
0.0550,0.3989,0.2008
-0.0100,0.3960,0.2003
-0.0450,0.4016,0.2003
-0.0650,0.4128,0.2011
-0.0650,0.4326,0.2028
-0.0650,0.4612,0.2055
-0.0700,0.5027,0.2089
-0.0650,0.5474,0.2128
-0.0600,0.6011,0.2172
-0.0350,0.6487,0.2218
-0.0600,0.6963,0.2267
-0.0750,0.7319,0.2314
-0.0750,0.7556,0.2350
-0.0750,0.7708,0.2380
-0.0600,0.7737,0.2411
-0.0650,0.7646,0.2446
-0.0550,0.7527,0.2473
-0.0550,0.7319,0.2490
-0.0450,0.7141,0.2495
-0.0600,0.6902,0.2487
-0.0600,0.6724,0.2470
-0.0550,0.6516,0.2448
-0.0350,0.6338,0.2421
0.3000,0.6128,0.2392
0.1750,0.5950,0.2358
-0.2000,0.5713,0.2326
-0.0950,0.5474,0.2301
-0.0400,0.5176,0.2284
-0.0350,0.4968,0.2272
-0.0350,0.4761,0.2267
-0.0350,0.4553,0.2265
-0.0300,0.4373,0.2267
-0.0300,0.4255,0.2292
-0.0200,0.4194,0.2333
-0.0150,0.4106,0.2385
-0.0050,0.4077,0.2446
0.0050,0.4048,0.2516
0.0150,0.4048,0.2592
0.0250,0.4077,0.2663
0.0500,0.4106,0.2729
0.0850,0.4136,0.2812
0.1350,0.4165,0.2910
0.1800,0.4136,0.3020
0.1700,0.4077,0.3140
0.0850,0.4016,0.3274
0.0100,0.3928,0.3423
-0.0400,0.3867,0.3594
-0.0650,0.3867,0.3780
-0.0700,0.3987,0.3978
-0.0700,0.4194,0.4188
-0.0650,0.4521,0.4412
-0.0700,0.4968,0.4654
-0.0650,0.5415,0.4906
-0.0150,0.5950,0.5165
-0.0600,0.6487,0.5417
-0.0750,0.6931,0.5666
-0.0850,0.7349,0.5910
-0.0750,0.7646,0.6150
-0.0650,0.7886,0.6377
-0.0650,0.8035,0.6594
-0.0600,0.8093,0.6802
-0.0600,0.8093,0.7000
-0.0450,0.8005,0.7183
-0.0500,0.7886,0.7352
-0.0500,0.7737,0.7510
-0.0500,0.7556,0.7659
-0.0550,0.7319,0.7794
0.1750,0.7080,0.7916
0.4100,0.6843,0.8038
-0.1200,0.6636,0.8158
-0.1200,0.6426,0.8268
-0.0500,0.6277,0.8370
-0.0500,0.6128,0.8478
-0.0500,0.5981,0.8588
-0.0450,0.5920,0.8688
-0.0350,0.5801,0.8786
-0.0300,0.5713,0.8886
-0.0300,0.5623,0.8991
-0.0300,0.5564,0.9089
-0.0200,0.5476,0.9179
-0.0150,0.5386,0.9255
-0.0050,0.5266,0.9316
0.0100,0.5146,0.9367
0.0350,0.5029,0.9414
0.0650,0.4939,0.9453
0.1100,0.4761,0.9484
0.1700,0.4612,0.9506
0.1950,0.4434,0.9516
0.1300,0.4314,0.9528
0.0350,0.4194,0.9541
-0.0250,0.4165,0.9536
-0.0650,0.4165,0.9511
-0.0700,0.4255,0.9462
-0.0750,0.4434,0.9397
-0.0750,0.4729,0.9316
-0.0700,0.5088,0.9226
-0.0650,0.5535,0.9128
-0.0150,0.6069,0.9023
-0.0450,0.6606,0.8903
-0.0700,0.7083,0.8769
-0.0900,0.7559,0.8617
-0.0750,0.7944,0.8449
-0.0650,0.8213,0.8265
-0.0600,0.8391,0.8077
-0.0600,0.8481,0.7892
-0.0500,0.8452,0.7711
-0.0500,0.8330,0.7523
-0.0400,0.8093,0.7327
-0.0500,0.7825,0.7127
-0.0500,0.7527,0.6924
-0.0500,0.7229,0.6719
0.0650,0.6902,0.6511
0.3950,0.6665,0.6301
-0.0750,0.6426,0.6091
-0.1800,0.6189,0.5881
-0.0550,0.5981,0.5673
-0.0350,0.5801,0.5475
-0.0400,0.5684,0.5287
-0.0300,0.5564,0.5106
-0.0250,0.5505,0.4933
-0.0250,0.5476,0.4774
-0.0200,0.5476,0.4627
-0.0150,0.5415,0.4491
-0.0100,0.5325,0.4361
0.0000,0.5237,0.4237
0.0100,0.5088,0.4114
0.0250,0.5000,0.3987
0.0500,0.4910,0.3853
0.0850,0.4790,0.3716
0.1300,0.4719,0.3577
0.1850,0.4634,0.3445
0.2100,0.4578,0.3320
0.1500,0.4521,0.3201
0.0550,0.4495,0.3086
-0.0150,0.4438,0.2986
-0.0500,0.4465,0.2900
-0.0650,0.4521,0.2819
-0.0700,0.4719,0.2749
-0.0700,0.4944,0.2683
-0.0700,0.5193,0.2619
-0.0650,0.5586,0.2551
-0.0600,0.6008,0.2477
-0.0200,0.6428,0.2411
-0.0600,0.6821,0.2355
-0.0800,0.7214,0.2311
-0.0750,0.7495,0.2280
-0.0750,0.7749,0.2250
-0.0650,0.7917,0.2216
-0.0600,0.7974,0.2184
-0.0500,0.7974,0.2150
-0.0550,0.7861,0.2118
-0.0450,0.7693,0.2086
-0.0600,0.7468,0.2057
-0.0550,0.7214,0.2025
-0.0500,0.6963,0.1984
-0.0400,0.6682,0.1935
0.2650,0.6458,0.1881
0.2000,0.6233,0.1823
-0.2100,0.6035,0.1764
-0.1050,0.5840,0.1705
-0.0400,0.5642,0.1666
-0.0350,0.5447,0.1644
-0.0350,0.5278,0.1632
-0.0300,0.5110,0.1630
-0.0250,0.5000,0.1634
-0.0200,0.4915,0.1647
-0.0200,0.4802,0.1671
-0.0100,0.4690,0.1708
-0.0050,0.4634,0.1749
0.0050,0.4551,0.1796
0.0250,0.4521,0.1828
0.0400,0.4495,0.1845
0.0700,0.4551,0.1852
0.1050,0.4551,0.1849
0.1550,0.4607,0.1832
0.2000,0.4607,0.1803
0.1850,0.4663,0.1774
0.1000,0.4663,0.1747
0.0150,0.4663,0.1732
-0.0350,0.4663,0.1727
-0.0600,0.4690,0.1730
-0.0650,0.4746,0.1737
-0.0650,0.4915,0.1759
-0.0650,0.5054,0.1791
-0.0600,0.5305,0.1820
-0.0600,0.5642,0.1849
-0.0400,0.6064,0.1886
-0.0500,0.6458,0.1925
-0.0650,0.6877,0.1959
-0.0750,0.7214,0.1991
-0.0650,0.7524,0.2016
-0.0650,0.7720,0.2040
-0.0600,0.7861,0.2060
-0.0550,0.7917,0.2079
-0.0550,0.7974,0.2096
-0.0500,0.7888,0.2111
-0.0550,0.7776,0.2126
-0.0600,0.7581,0.2138
-0.0600,0.7356,0.2140
-0.0600,0.7102,0.2133
0.0900,0.6851,0.2121
0.3850,0.6597,0.2104
-0.1100,0.6345,0.2084
-0.1700,0.6177,0.2060
-0.0550,0.5979,0.2035
-0.0400,0.5811,0.2011
-0.0400,0.5698,0.1994
-0.0350,0.5642,0.1986
-0.0300,0.5586,0.1994
-0.0250,0.5559,0.2016
-0.0200,0.5503,0.2047
-0.0200,0.5474,0.2084
-0.0150,0.5417,0.2126
0.0000,0.5361,0.2167
0.0100,0.5305,0.2204
0.0200,0.5249,0.2231
0.0500,0.5137,0.2243
0.0750,0.5027,0.2243
0.1250,0.4944,0.2236
0.1750,0.4802,0.2218
0.1900,0.4634,0.2199
0.1400,0.4465,0.2177
0.0500,0.4297,0.2160
-0.0200,0.4185,0.2150
-0.0500,0.4072,0.2145
-0.0650,0.4045,0.2145
-0.0650,0.4128,0.2148
-0.0650,0.4297,0.2155
-0.0650,0.4578,0.2172
-0.0650,0.4915,0.2199
-0.0500,0.5305,0.2231
-0.0300,0.5698,0.2267
-0.0550,0.6091,0.2319
-0.0700,0.6401,0.2377
-0.0650,0.6626,0.2424
-0.0600,0.6821,0.2460
-0.0500,0.6934,0.2487
-0.0500,0.6963,0.2507
-0.0450,0.6907,0.2521
-0.0450,0.6765,0.2531
-0.0400,0.6626,0.2541
-0.0500,0.6401,0.2546
-0.0500,0.6121,0.2551
-0.0450,0.5840,0.2558
-0.0200,0.5559,0.2582
0.3400,0.5278,0.2624
0.1400,0.5027,0.2678
-0.1950,0.4775,0.2744
-0.0850,0.4551,0.2827
-0.0350,0.4270,0.2925
-0.0400,0.4016,0.3047
-0.0400,0.3765,0.3186
-0.0300,0.3484,0.3347
-0.0300,0.3259,0.3528
-0.0250,0.2979,0.3723
-0.0200,0.2754,0.3929
-0.0200,0.2529,0.4141
-0.0050,0.2361,0.4359
0.0000,0.2219,0.4571
0.0100,0.2107,0.4776
0.0300,0.2024,0.4977
0.0550,0.2024,0.5175
0.0900,0.2024,0.5358
0.1400,0.2080,0.5534
0.1900,0.2163,0.5717
0.1700,0.2249,0.5913
0.0900,0.2361,0.6106
0.0100,0.2500,0.6296
-0.0350,0.2612,0.6494
-0.0600,0.2810,0.6699
-0.0650,0.3005,0.6900
-0.0700,0.3286,0.7095
-0.0650,0.3708,0.7298
-0.0650,0.4185,0.7503
-0.0600,0.4746,0.7703
0.0000,0.5305,0.7896
-0.0550,0.5867,0.8075
-0.0750,0.6345,0.8238
-0.0750,0.6765,0.8392
-0.0600,0.7075,0.8541
-0.0500,0.7271,0.8683
-0.0550,0.7356,0.8817
-0.0450,0.7383,0.8940
-0.0450,0.7356,0.9047
-0.0250,0.7300,0.9135
-0.0400,0.7214,0.9211
-0.0450,0.7102,0.9284
-0.0350,0.7046,0.9355
-0.0350,0.6934,0.9416
0.2350,0.6821,0.9467
0.3850,0.6682,0.9521
-0.1350,0.6514,0.9577
-0.1000,0.6345,0.9629
-0.0350,0.6204,0.9673
-0.0350,0.6091,0.9721
-0.0350,0.6064,0.9775
-0.0350,0.6121,0.9831
-0.0300,0.6233,0.9888
-0.0250,0.6372,0.9927
-0.0200,0.6514,0.9946
-0.0150,0.6653,0.9934
-0.0100,0.6709,0.9895
0.0000,0.6738,0.9834
0.0100,0.6709,0.9753
0.0300,0.6597,0.9643
0.0500,0.6484,0.9504
0.0900,0.6289,0.9335
0.1350,0.6064,0.9140
0.1900,0.5840,0.8927
0.1950,0.5615,0.8703
0.1250,0.5391,0.8478
0.0300,0.5166,0.8253
-0.0350,0.5027,0.8033
-0.0600,0.4944,0.7813
-0.0700,0.4888,0.7593
-0.0750,0.4971,0.7376
-0.0700,0.5054,0.7168
-0.0650,0.5305,0.6970
-0.0600,0.5642,0.6782
-0.0200,0.6008,0.6599
-0.0450,0.6401,0.6421
-0.0700,0.6765,0.6245
-0.0800,0.7102,0.6074
-0.0700,0.7356,0.5905
-0.0600,0.7495,0.5751
-0.0550,0.7581,0.5605
-0.0500,0.7551,0.5458
-0.0500,0.7495,0.5307
-0.0450,0.7412,0.5155
-0.0500,0.7327,0.5004
-0.0550,0.7214,0.4860
-0.0500,0.7046,0.4723
-0.0500,0.6851,0.4586
0.0850,0.6653,0.4444
0.3950,0.6401,0.4310
-0.1000,0.6121,0.4183
-0.1750,0.5811,0.4061
-0.0550,0.5530,0.3943
-0.0400,0.5249,0.3831
-0.0350,0.5027,0.3719
-0.0300,0.4858,0.3611
-0.0300,0.4719,0.3506
-0.0250,0.4634,0.3411
-0.0200,0.4578,0.3325
-0.0150,0.4551,0.3249
-0.0100,0.4521,0.3179
0.0000,0.4465,0.3113
0.0100,0.4353,0.3049
0.0250,0.4241,0.2978
0.0500,0.4045,0.2900
0.0900,0.3877,0.2817
0.1350,0.3679,0.2729
0.1900,0.3511,0.2641
0.2100,0.3398,0.2553
0.1500,0.3286,0.2465
0.0550,0.3230,0.2380
-0.0150,0.3203,0.2304
-0.0500,0.3259,0.2238
-0.0700,0.3342,0.2182
-0.0700,0.3455,0.2133
-0.0700,0.3652,0.2099
-0.0650,0.3904,0.2077
-0.0650,0.4270,0.2065
-0.0550,0.4690,0.2057
-0.0250,0.5083,0.2055
-0.0600,0.5503,0.2057
-0.0750,0.5867,0.2074
-0.0750,0.6177,0.2099
-0.0700,0.6401,0.2121
-0.0600,0.6541,0.2140
-0.0600,0.6653,0.2157
-0.0500,0.6709,0.2172
-0.0550,0.6794,0.2187
-0.0450,0.6794,0.2196
-0.0600,0.6794,0.2187
-0.0550,0.6794,0.2160
-0.0500,0.6821,0.2130
-0.0400,0.6877,0.2099
0.2900,0.6934,0.2057
0.1800,0.6990,0.2008
-0.2100,0.7019,0.1967
-0.0950,0.6990,0.1928
-0.0350,0.6934,0.1893
-0.0350,0.6794,0.1864
-0.0350,0.6653,0.1854
-0.0300,0.6541,0.1862
-0.0300,0.6428,0.1874
-0.0250,0.6372,0.1889
-0.0150,0.6260,0.1915
-0.0100,0.6204,0.1947
-0.0050,0.6091,0.1986
0.0050,0.5979,0.2028
0.0200,0.5896,0.2055
0.0400,0.5811,0.2065
0.0700,0.5671,0.2055
0.1100,0.5503,0.2030
0.1600,0.5278,0.2006
0.2050,0.4998,0.1979
0.1850,0.4663,0.1962
0.1000,0.4297,0.1952
0.0150,0.3960,0.1940
-0.0350,0.3708,0.1925
-0.0600,0.3652,0.1918
-0.0650,0.3708,0.1915
-0.0650,0.3960,0.1918
-0.0700,0.4297,0.1925
-0.0650,0.4719,0.1935
-0.0650,0.5110,0.1945
-0.0400,0.5503,0.1957
-0.0550,0.5952,0.1972
-0.0750,0.6345,0.1986
-0.0800,0.6709,0.2001
-0.0700,0.7019,0.2025
-0.0650,0.7244,0.2057
-0.0550,0.7356,0.2084
-0.0550,0.7327,0.2108
-0.0550,0.7158,0.2128
-0.0450,0.6907,0.2148
-0.0500,0.6570,0.2162
-0.0600,0.6121,0.2174
-0.0550,0.5586,0.2177
-0.0550,0.5027,0.2170
0.0950,0.4438,0.2145
0.3850,0.3765,0.2111
-0.1200,0.3091,0.2077
-0.1650,0.2417,0.2043
-0.0500,0.1799,0.2008
-0.0400,0.1238,0.1977
-0.0350,0.0818,0.1959
-0.0300,0.0510,0.1947
-0.0300,0.0398,0.1945
-0.0250,0.0425,0.1945
-0.0200,0.0593,0.1950
-0.0150,0.0762,0.1962
-0.0050,0.0928,0.1991
-0.0050,0.1013,0.2038
0.0050,0.0984,0.2079
0.0250,0.0872,0.2111
0.0450,0.0762,0.2138
0.0800,0.0649,0.2160
0.1200,0.0593,0.2170
0.1750,0.0623,0.2167
0.1950,0.0732,0.2157
0.1350,0.0928,0.2143
0.0450,0.1208,0.2133
-0.0200,0.1545,0.2130
-0.0550,0.1912,0.2130
-0.0650,0.2361,0.2135
-0.0700,0.2837,0.2150
-0.0700,0.3342,0.2177
-0.0700,0.3904,0.2221
-0.0650,0.4465,0.2280
-0.0500,0.4998,0.2353
-0.0400,0.5530,0.2446
-0.0650,0.6064,0.2563
-0.0800,0.6484,0.2697
-0.0750,0.6851,0.2844
-0.0700,0.7131,0.3005
-0.0600,0.7327,0.3181
-0.0600,0.7468,0.3374
-0.0500,0.7524,0.3567
-0.0500,0.7524,0.3760
-0.0450,0.7439,0.3963
-0.0600,0.7271,0.4173
-0.0600,0.7046,0.4381
-0.0600,0.6794,0.4583
-0.0100,0.6514,0.4781
0.3850,0.6233,0.4979
0.0950,0.5952,0.5182
-0.1800,0.5671,0.5392
-0.0750,0.5447,0.5597
-0.0450,0.5222,0.5798
-0.0450,0.5027,0.5993
-0.0400,0.4832,0.6186
-0.0400,0.4663,0.6377
-0.0350,0.4495,0.6562
-0.0350,0.4353,0.6748
-0.0250,0.4241,0.6931
-0.0250,0.4128,0.7112
-0.0200,0.4016,0.7290
-0.0050,0.3960,0.7459
0.0050,0.3848,0.7615
0.0200,0.3735,0.7755
0.0500,0.3623,0.7879
0.0900,0.3455,0.7994
0.1400,0.3315,0.8099
0.1850,0.3174,0.8194
0.1650,0.3062,0.8285
0.0800,0.2949,0.8373
0.0050,0.2893,0.8458
-0.0400,0.2866,0.8551
-0.0600,0.2866,0.8649
-0.0650,0.2979,0.8742
-0.0600,0.3174,0.8832
-0.0600,0.3455,0.8915
-0.0550,0.3848,0.8998
-0.0450,0.4270,0.9076
0.0200,0.4719,0.9155
-0.0500,0.5110,0.9230
-0.0750,0.5474,0.9304
-0.0750,0.5811,0.9377
-0.0650,0.5676,0.9448
-0.0550,0.5820,0.9509
-0.0500,0.5908,0.9560
-0.0400,0.5979,0.9604
-0.0400,0.5979,0.9638
-0.0250,0.5945,0.9651
-0.0400,0.5874,0.9641
-0.0400,0.5747,0.9604
-0.0300,0.5640,0.9546
-0.0300,0.5498,0.9472
0.2800,0.5391,0.9384
0.2850,0.5283,0.9277
-0.1750,0.5195,0.9157
-0.0900,0.5142,0.9035
-0.0300,0.5088,0.8908
-0.0350,0.5071,0.8761
-0.0350,0.5071,0.8598
-0.0300,0.5071,0.8419
-0.0250,0.5105,0.8234
-0.0200,0.5142,0.8053
-0.0200,0.5195,0.7874
-0.0150,0.5249,0.7699
-0.0050,0.5303,0.7523
0.0050,0.5374,0.7339
0.0200,0.5444,0.7146
0.0350,0.5515,0.6951
0.0600,0.5588,0.6748
0.1000,0.5676,0.6533
0.1500,0.5784,0.6308
0.2000,0.5891,0.6086
0.2000,0.6033,0.5869
0.1200,0.6177,0.5663
0.0250,0.6355,0.5470
-0.0300,0.6533,0.5285
-0.0600,0.6731,0.5106
-0.0650,0.6946,0.4933
-0.0650,0.7158,0.4764
-0.0700,0.7390,0.4610
-0.0700,0.7625,0.4464
-0.0650,0.7874,0.4317
-0.0250,0.8088,0.4173
-0.0450,0.8284,0.4046
-0.0700,0.8391,0.3936
-0.0750,0.8445,0.3828
-0.0650,0.8462,0.3723
-0.0650,0.8408,0.3628
-0.0600,0.8301,0.3543
-0.0550,0.8140,0.3455
-0.0500,0.7961,0.3364
-0.0450,0.7766,0.3271
-0.0500,0.7517,0.3176
-0.0600,0.7283,0.3078
-0.0550,0.7053,0.2981
-0.0600,0.6802,0.2883
0.0950,0.6587,0.2785
0.3750,0.6338,0.2690
-0.1250,0.6123,0.2597
-0.1650,0.5908,0.2504
-0.0500,0.5696,0.2414
-0.0300,0.5518,0.2326
-0.0350,0.5337,0.2240
-0.0300,0.5176,0.2177
-0.0300,0.5051,0.2133
-0.0250,0.4980,0.2104
-0.0150,0.4910,0.2086
-0.0100,0.4802,0.2086
-0.0050,0.4731,0.2099
0.0000,0.4624,0.2113
0.0100,0.4551,0.2126
0.0300,0.4480,0.2128
0.0550,0.4409,0.2121
0.0900,0.4355,0.2108
0.1400,0.4302,0.2086
0.1950,0.4231,0.2055
0.2050,0.4160,0.2013
0.1400,0.4087,0.1974
0.0500,0.4016,0.1937
-0.0200,0.3945,0.1903
-0.0550,0.3875,0.1874
-0.0700,0.3857,0.1845
-0.0750,0.3875,0.1818
-0.0750,0.3945,0.1801
-0.0750,0.4089,0.1793
-0.0700,0.4268,0.1793
-0.0650,0.4500,0.1801
-0.0350,0.4731,0.1820
-0.0650,0.4963,0.1849
-0.0800,0.5159,0.1879
-0.0750,0.5354,0.1903
-0.0700,0.5498,0.1928
-0.0650,0.5588,0.1950
-0.0650,0.5642,0.1969
-0.0600,0.5623,0.1989
-0.0600,0.5535,0.2008
-0.0550,0.5427,0.2023
-0.0650,0.5303,0.2030
-0.0600,0.5176,0.2028
-0.0550,0.5051,0.2018
-0.0350,0.4980,0.2003
0.3000,0.4910,0.1984
0.1550,0.4836,0.1964
-0.2150,0.4766,0.1942
-0.0950,0.4714,0.1920
-0.0400,0.4658,0.1908
-0.0400,0.4607,0.1903
-0.0350,0.4551,0.1903
-0.0300,0.4517,0.1908
-0.0300,0.4480,0.1915
-0.0250,0.4446,0.1925
-0.0200,0.4429,0.1937
-0.0100,0.4392,0.1952
-0.0050,0.4355,0.1977
0.0000,0.4321,0.2008
0.0150,0.4285,0.2025
0.0350,0.4231,0.2033
0.0650,0.4194,0.2040
0.1100,0.4143,0.2047
0.1550,0.4106,0.2047
0.2000,0.4053,0.2043
0.1800,0.4016,0.2040
0.0950,0.3945,0.2040
0.0100,0.3909,0.2045
-0.0400,0.3857,0.2052
-0.0600,0.3857,0.2062
-0.0700,0.3611,0.2072
-0.0700,0.3772,0.2082
-0.0750,0.3977,0.2094
-0.0650,0.4270,0.2116
-0.0650,0.4590,0.2145
-0.0350,0.4932,0.2170
-0.0500,0.5225,0.2192
-0.0700,0.5566,0.2218
-0.0750,0.5862,0.2253
-0.0700,0.6135,0.2292
-0.0600,0.6362,0.2331
-0.0600,0.6521,0.2363
-0.0600,0.6611,0.2387
-0.0500,0.6680,0.2407
-0.0500,0.6680,0.2421
-0.0600,0.6636,0.2433
-0.0600,0.6567,0.2441
-0.0550,0.6499,0.2438
-0.0600,0.6431,0.2426
0.1300,0.6338,0.2407
0.3700,0.6248,0.2382
-0.1500,0.6111,0.2353
-0.1550,0.5999,0.2323
-0.0500,0.5862,0.2301
-0.0400,0.5725,0.2287
-0.0400,0.5613,0.2277
-0.0350,0.5520,0.2272
-0.0350,0.5430,0.2270
-0.0300,0.5339,0.2272
-0.0250,0.5249,0.2284
-0.0200,0.5156,0.2304
-0.0150,0.5066,0.2321
-0.0050,0.5000,0.2336
0.0050,0.4954,0.2358
0.0150,0.4885,0.2387
0.0400,0.4839,0.2421
0.0700,0.4795,0.2458
0.1150,0.4749,0.2509
0.1700,0.4680,0.2573
0.1800,0.4612,0.2666
0.1250,0.4521,0.2783
0.0350,0.4431,0.2917
-0.0300,0.4338,0.3069
-0.0600,0.4316,0.3240
-0.0700,0.4338,0.3430
-0.0750,0.4431,0.3640
-0.0750,0.4612,0.3870
-0.0700,0.4839,0.4112
-0.0750,0.5066,0.4366
-0.0450,0.5339,0.4627
-0.0450,0.5657,0.4894
-0.0700,0.5930,0.5153
-0.0900,0.6204,0.5407
-0.0800,0.6406,0.5656
-0.0750,0.6589,0.5900
-0.0650,0.6748,0.6140
-0.0600,0.6794,0.6377
-0.0500,0.6816,0.6602
-0.0450,0.6772,0.6814
-0.0450,0.6748,0.7010
-0.0550,0.6658,0.7188
-0.0500,0.6567,0.7352
-0.0450,0.6431,0.7510
0.0300,0.6294,0.7659
0.4400,0.6179,0.7801
0.0700,0.6067,0.7928
-0.1550,0.5930,0.8045
-0.0600,0.5840,0.8163
-0.0350,0.5747,0.8280
-0.0400,0.5657,0.8402
-0.0350,0.5591,0.8524
-0.0350,0.5520,0.8646
-0.0300,0.5476,0.8766
-0.0250,0.5454,0.8876
-0.0250,0.5408,0.8979
-0.0200,0.5383,0.9084
-0.0100,0.5361,0.9191
-0.0050,0.5317,0.9291
0.0050,0.5293,0.9382
0.0300,0.5249,0.9458
0.0600,0.5203,0.9519
0.0950,0.5156,0.9560
0.1550,0.5134,0.9585
0.2000,0.5090,0.9597
0.1650,0.5066,0.9602
0.0750,0.5022,0.9609
0.0000,0.5000,0.9619
-0.0450,0.5000,0.9631
-0.0650,0.5022,0.9643
-0.0700,0.5134,0.9636
-0.0700,0.5339,0.9612
-0.0650,0.5613,0.9575
-0.0550,0.5999,0.9528
-0.0400,0.6431,0.9465
0.0000,0.6838,0.9384
-0.0500,0.7271,0.9294
-0.0700,0.7681,0.9194
-0.0700,0.7976,0.9079
-0.0550,0.8250,0.8947
-0.0450,0.8430,0.8796
-0.0450,0.8474,0.8627
-0.0400,0.8474,0.8436
-0.0350,0.8384,0.8231
-0.0300,0.8293,0.8031
-0.0400,0.8135,0.7835
-0.0350,0.7952,0.7637
-0.0350,0.7725,0.7435
-0.0100,0.7476,0.7229
0.3200,0.7202,0.7022
0.1800,0.6931,0.6812
-0.1950,0.6658,0.6602
-0.0900,0.6431,0.6391
-0.0250,0.6204,0.6184
-0.0300,0.5999,0.5986
-0.0300,0.5840,0.5798
-0.0250,0.5679,0.5614
-0.0250,0.5566,0.5439
-0.0200,0.5430,0.5277
-0.0150,0.5339,0.5128
-0.0100,0.5203,0.4989
-0.0050,0.5088,0.4857
0.0050,0.5000,0.4720
0.0200,0.4885,0.4579
0.0350,0.4771,0.4434
0.0700,0.4553,0.4285
0.1150,0.4373,0.4127
0.1650,0.4255,0.3958
0.2100,0.4136,0.3804
0.1900,0.3958,0.3660
0.1000,0.3838,0.3528
0.0100,0.3718,0.3403
-0.0400,0.3630,0.3296
-0.0600,0.3569,0.3201
-0.0700,0.3630,0.3103
-0.0700,0.3748,0.3008
-0.0700,0.3987,0.2922
-0.0650,0.4253,0.2844
-0.0650,0.4641,0.2773
-0.0250,0.4998,0.2707
-0.0450,0.5386,0.2656
-0.0700,0.5742,0.2617
-0.0750,0.6040,0.2585
-0.0700,0.6277,0.2560
-0.0650,0.6458,0.2531
-0.0550,0.6516,0.2499
-0.0500,0.6545,0.2465
-0.0500,0.6458,0.2429
-0.0450,0.6338,0.2389
-0.0500,0.6189,0.2350
-0.0500,0.5950,0.2304
-0.0500,0.5713,0.2248
-0.0450,0.5415,0.2184
0.1050,0.5146,0.2118
0.3800,0.4910,0.2050
-0.1200,0.4583,0.1981
-0.1550,0.4343,0.1923
-0.0450,0.4106,0.1871
-0.0300,0.3896,0.1828
-0.0300,0.3718,0.1791
-0.0250,0.3599,0.1757
-0.0250,0.3481,0.1730
-0.0200,0.3362,0.1725
-0.0200,0.3303,0.1737
-0.0100,0.3274,0.1752
0.0000,0.3303,0.1769
0.0050,0.3391,0.1796
0.0200,0.3481,0.1828
0.0300,0.3599,0.1840
0.0550,0.3689,0.1832
0.0950,0.3689,0.1820
0.1450,0.3689,0.1803
0.1950,0.3599,0.1776
0.2100,0.3481,0.1740
0.1450,0.3420,0.1705
0.0500,0.3303,0.1678
-0.0150,0.3242,0.1674
-0.0450,0.3213,0.1686
-0.0600,0.3213,0.1713
-0.0650,0.3333,0.1747
-0.0600,0.3540,0.1781
-0.0600,0.3838,0.1810
-0.0600,0.4253,0.1835
-0.0500,0.4700,0.1862
-0.0200,0.5088,0.1896
-0.0550,0.5503,0.1935
-0.0700,0.5771,0.1969
-0.0650,0.5850,0.1999
-0.0600,0.5928,0.2023
-0.0500,0.5901,0.2047
-0.0500,0.5798,0.2067
-0.0350,0.5669,0.2084
-0.0400,0.5464,0.2091
-0.0300,0.5229,0.2089
-0.0450,0.4998,0.2089
-0.0450,0.4741,0.2091
-0.0350,0.4509,0.2089
-0.0150,0.4277,0.2077
0.3450,0.4019,0.2060
0.1400,0.3811,0.2040
-0.1900,0.3657,0.2018
-0.0750,0.3477,0.1994
-0.0250,0.3347,0.1969
-0.0300,0.3218,0.1945
-0.0250,0.3142,0.1920
-0.0250,0.3091,0.1896
-0.0200,0.3091,0.1881
-0.0150,0.3091,0.1876
-0.0150,0.3115,0.1886
-0.0050,0.3142,0.1908
0.0000,0.3193,0.1930
0.0100,0.3218,0.1950
0.0200,0.3245,0.1969
0.0400,0.3296,0.1989
0.0700,0.3296,0.2006
0.1100,0.3245,0.2021
0.1600,0.3193,0.2028
0.2000,0.3167,0.2025
0.1750,0.3142,0.2025
0.0900,0.3167,0.2030
0.0100,0.3193,0.2035
-0.0350,0.3218,0.2045
-0.0700,0.3269,0.2055
-0.0700,0.3398,0.2065
-0.0700,0.3555,0.2074
-0.0700,0.3811,0.2084
-0.0700,0.4097,0.2096
-0.0650,0.4404,0.2111
-0.0400,0.4766,0.2133
-0.0500,0.5076,0.2162
-0.0700,0.5386,0.2187
-0.0750,0.5693,0.2211
-0.0650,0.5928,0.2238
-0.0550,0.6106,0.2272
-0.0550,0.6238,0.2299
-0.0550,0.6289,0.2321
-0.0500,0.6289,0.2328
-0.0400,0.6238,0.2323
-0.0550,0.6133,0.2321
-0.0550,0.6003,0.2321
-0.0500,0.5823,0.2321
-0.0500,0.5618,0.2323
0.1600,0.5410,0.2336
0.3550,0.5178,0.2358
-0.1550,0.4973,0.2385
-0.1400,0.4817,0.2421
-0.0400,0.4663,0.2468
-0.0400,0.4561,0.2531
-0.0450,0.4482,0.2622
-0.0350,0.4431,0.2739
-0.0350,0.4431,0.2883
-0.0300,0.4431,0.3052
-0.0200,0.4380,0.3237
-0.0200,0.4302,0.3438
-0.0150,0.4199,0.3657
-0.0100,0.4121,0.3892
0.0050,0.4043,0.4119
0.0200,0.4019,0.4337
0.0400,0.3992,0.4557
0.0750,0.4043,0.4779
0.1200,0.4121,0.4984
0.1750,0.4250,0.5175
0.1900,0.4380,0.5373
0.1300,0.4534,0.5580
0.0400,0.4714,0.5793
-0.0200,0.4868,0.6010
-0.0450,0.4973,0.6230
-0.0600,0.5076,0.6452
-0.0650,0.5229,0.6677
-0.0600,0.5410,0.6900
-0.0550,0.5618,0.7112
-0.0550,0.5901,0.7315
-0.0050,0.6184,0.7501
-0.0250,0.6521,0.7674
-0.0550,0.6855,0.7835
-0.0750,0.7190,0.7989
-0.0650,0.7500,0.8136
-0.0550,0.7783,0.8275
-0.0450,0.7991,0.8400
-0.0400,0.8118,0.8512
-0.0350,0.8198,0.8615
-0.0350,0.8198,0.8710
-0.0300,0.8118,0.8800
-0.0450,0.8015,0.8888
-0.0400,0.7810,0.8984
-0.0350,0.7473,0.9081
0.0550,0.7061,0.9174
0.4650,0.6572,0.9262
0.0550,0.6003,0.9345
-0.1400,0.5410,0.9426
-0.0500,0.4895,0.9504
-0.0350,0.4509,0.9580
-0.0350,0.4226,0.9643
-0.0300,0.4121,0.9697
-0.0300,0.4121,0.9753
-0.0200,0.4175,0.9812
-0.0200,0.4226,0.9861
-0.0150,0.4277,0.9900
-0.0100,0.4302,0.9914
-0.0050,0.4329,0.9905
0.0000,0.4380,0.9858
0.0200,0.4456,0.9783
0.0400,0.4561,0.9680
0.0650,0.4663,0.9560
0.1100,0.4766,0.9419
0.1650,0.4844,0.9260
0.2050,0.4895,0.9094
0.1600,0.4844,0.8923
0.0700,0.4766,0.8732
-0.0050,0.4663,0.8524
-0.0500,0.4587,0.8312
-0.0650,0.4578,0.8097
-0.0700,0.4719,0.7882
-0.0700,0.4998,0.7667
-0.0650,0.5391,0.7452
-0.0650,0.5840,0.7237
-0.0550,0.6289,0.7022
-0.0150,0.6738,0.6809
-0.0600,0.7158,0.6606
-0.0800,0.7551,0.6413
-0.0750,0.7888,0.6228
-0.0700,0.8142,0.6047
-0.0600,0.8337,0.5859
-0.0600,0.8423,0.5668
-0.0550,0.8367,0.5485
-0.0500,0.8281,0.5307
-0.0450,0.8086,0.5133
-0.0550,0.7805,0.4962
-0.0500,0.7495,0.4796
-0.0500,0.7158,0.4630
-0.0200,0.6821,0.4469
0.3250,0.6484,0.4307
0.1550,0.6147,0.4139
-0.2100,0.5754,0.3963
-0.0850,0.5417,0.3802
-0.0350,0.5137,0.3655
-0.0350,0.4858,0.3518
-0.0350,0.4607,0.3389
-0.0300,0.4326,0.3267
-0.0300,0.4158,0.3152
-0.0200,0.3960,0.3052
-0.0150,0.3848,0.2961
-0.0100,0.3735,0.2881
0.0000,0.3679,0.2807
0.0100,0.3511,0.2741
0.0200,0.3315,0.2678
0.0450,0.3091,0.2609
0.0700,0.2781,0.2534
0.1150,0.2417,0.2446
0.1650,0.2051,0.2348
0.2100,0.1687,0.2255
0.1850,0.1321,0.2165
0.0950,0.1040,0.2089
0.0100,0.0789,0.2025
-0.0400,0.0593,0.1969
-0.0600,0.0566,0.1923
-0.0650,0.0679,0.1891
-0.0650,0.0901,0.1874
-0.0650,0.1238,0.1874
-0.0600,0.1631,0.1891
-0.0600,0.2136,0.1911
-0.0300,0.2668,0.1928
-0.0500,0.3230,0.1945
-0.0700,0.3735,0.1962
-0.0800,0.4270,0.1989
-0.0700,0.4719,0.2023
-0.0600,0.5083,0.2052
-0.0600,0.5417,0.2077
-0.0550,0.5671,0.2099
-0.0500,0.5811,0.2116
-0.0450,0.5896,0.2123
-0.0500,0.5840,0.2121
-0.0550,0.5784,0.2111
-0.0500,0.5669,0.2096
-0.0550,0.5618,0.2077
0.1000,0.5566,0.2055
0.3800,0.5540,0.2018
-0.1250,0.5515,0.1974
-0.1600,0.5464,0.1935
-0.0500,0.5437,0.1898
-0.0350,0.5386,0.1876
-0.0350,0.5359,0.1864
-0.0350,0.5281,0.1859
-0.0300,0.5229,0.1862
-0.0250,0.5127,0.1867
-0.0200,0.5051,0.1879
-0.0150,0.5000,0.1901
-0.0050,0.4946,0.1930
0.0000,0.4946,0.1959
0.0100,0.4973,0.1981
0.0300,0.5000,0.1994
0.0550,0.5127,0.1996
0.0900,0.5256,0.1989
0.1350,0.5464,0.1979
0.1850,0.5720,0.1974
0.2000,0.6003,0.1974
0.1350,0.6392,0.1967
0.0450,0.6855,0.1957
-0.0150,0.7346,0.1950
-0.0500,0.7886,0.1950
-0.0650,0.8428,0.1955
-0.0650,0.8918,0.1959
-0.0650,0.9382,0.1959
-0.0650,0.9719,0.1955
-0.0600,0.9973,0.1964
-0.0500,0.9998,0.1986
-0.0300,0.9998,0.2018
-0.0600,0.9998,0.2052
-0.0750,0.9998,0.2084
-0.0700,0.9998,0.2111
-0.0650,0.9998,0.2133
-0.0600,0.9998,0.2152
-0.0550,0.9998,0.2167
-0.0500,0.9998,0.2182
-0.0500,0.9900,0.2196
-0.0450,0.9590,0.2209
-0.0550,0.9229,0.2218
-0.0550,0.8867,0.2228
-0.0500,0.8455,0.2228
-0.0200,0.8066,0.2218
0.3450,0.7708,0.2204
0.1050,0.7422,0.2184
-0.2000,0.7217,0.2160
-0.0800,0.7009,0.2135
-0.0350,0.6855,0.2108
-0.0350,0.6726,0.2079
-0.0350,0.6572,0.2050
-0.0350,0.6443,0.2023
-0.0300,0.6289,0.2016
-0.0200,0.6133,0.2023
-0.0200,0.5979,0.2033
-0.0100,0.5850,0.2045
-0.0050,0.5745,0.2067
0.0000,0.5720,0.2096
0.0200,0.5798,0.2111
0.0350,0.5691,0.2113
0.0650,0.5864,0.2108
0.1050,0.6094,0.2096
0.1550,0.6362,0.2079
0.1900,0.6594,0.2060
0.1650,0.6807,0.2047
0.0800,0.6941,0.2043
0.0050,0.7000,0.2030
-0.0400,0.7017,0.2018
-0.0650,0.7036,0.2021
-0.0700,0.7056,0.2035
-0.0700,0.7170,0.2050
-0.0700,0.7344,0.2067
-0.0650,0.7556,0.2094
-0.0600,0.7805,0.2128
-0.0250,0.7998,0.2177
-0.0550,0.8093,0.2238
-0.0750,0.8113,0.2316
-0.0800,0.8057,0.2414
-0.0750,0.7959,0.2531
-0.0700,0.7844,0.2666
-0.0650,0.7729,0.2815
-0.0600,0.7632,0.2976
-0.0600,0.7517,0.3157
-0.0550,0.7383,0.3350
-0.0600,0.7229,0.3555
-0.0600,0.7017,0.3765
-0.0600,0.6787,0.3973
-0.0600,0.6516,0.4178
0.1850,0.6228,0.4378
0.3550,0.5959,0.4576
-0.1550,0.5710,0.4772
-0.1200,0.5498,0.4962
-0.0500,0.5344,0.5153
-0.0500,0.5249,0.5343
-0.0500,0.5190,0.5529
-0.0450,0.5154,0.5717
-0.0400,0.5134,0.5915
-0.0350,0.5095,0.6120
-0.0250,0.5017,0.6330
-0.0200,0.4980,0.6545
-0.0150,0.4844,0.6753
-0.0050,0.4690,0.6951
0.0050,0.4500,0.7134
0.0200,0.4346,0.7303
0.0400,0.4248,0.7449
0.0750,0.4172,0.7584
0.1200,0.4172,0.7716
0.1750,0.4211,0.7843
0.1900,0.4307,0.7970
0.1200,0.4480,0.8097
0.0350,0.4788,0.8224
-0.0250,0.5344,0.8348
-0.0550,0.6401,0.8463
-0.0650,0.8074,0.8568
-0.0650,0.9844,0.8664
-0.0600,0.9998,0.8754
-0.0600,0.9998,0.8839
-0.0550,0.9998,0.8925
-0.0050,0.9998,0.9015
-0.0350,0.9998,0.9116
-0.0650,0.9998,0.9218
-0.0800,0.9998,0.9326
-0.0700,0.9998,0.9436
-0.0550,0.9998,0.9546
-0.0500,0.9998,0.9636
-0.0500,0.9998,0.9709
-0.0450,0.9998,0.9770
-0.0400,0.9998,0.9822
-0.0400,0.9998,0.9866
-0.0500,0.9998,0.9900
-0.0450,0.9998,0.9910
-0.0400,0.9998,0.9897
0.0800,0.9998,0.9861
0.4500,0.9998,0.9802
-0.0350,0.9998,0.9729
-0.1500,0.9998,0.9641
-0.0450,0.9998,0.9533
-0.0300,0.9998,0.9406
-0.0300,0.9998,0.9260
-0.0300,0.9998,0.9096
-0.0300,0.9998,0.8918
-0.0300,0.9998,0.8732
-0.0250,0.9998,0.8546
-0.0150,0.9998,0.8363
-0.0100,0.9998,0.8175
-0.0050,0.9998,0.7977
0.0100,0.9998,0.7764
0.0250,0.9939,0.7537
0.0450,0.8652,0.7293
0.0800,0.6594,0.7032
0.1200,0.4019,0.6768
0.1750,0.0884,0.6506
0.2050,0.0002,0.6255
0.1550,0.0002,0.6015
0.0600,0.0002,0.5795
-0.0150,0.0002,0.5590
-0.0500,0.0002,0.5404
-0.0650,0.0002,0.5238
-0.0650,0.0002,0.5084
-0.0650,0.0002,0.4943
-0.0650,0.0002,0.4808
-0.0650,0.0002,0.4681
-0.0500,0.0002,0.4547
-0.0100,0.0002,0.4408
-0.0550,0.0002,0.4266
-0.0750,0.0002,0.4124
-0.0750,0.0002,0.4002
-0.0700,0.0002,0.3894
-0.0550,0.0002,0.3799
-0.0550,0.0002,0.3714
-0.0500,0.0002,0.3635
-0.0500,0.0002,0.3562
-0.0400,0.0002,0.3484
-0.0500,0.0002,0.3398
-0.0500,0.0002,0.3298
-0.0500,0.0002,0.3188
-0.0150,0.0190,0.3081
0.3250,0.0498,0.2971
0.1200,0.0806,0.2856
-0.2100,0.1057,0.2734
-0.0850,0.1230,0.2619
-0.0350,0.1365,0.2512
-0.0350,0.1440,0.2419
-0.0300,0.4299,0.2338
-0.0350,0.4321,0.2260
-0.0300,0.4358,0.2182
-0.0250,0.4390,0.2116
-0.0200,0.4429,0.2057
-0.0100,0.4451,0.2006
-0.0050,0.4470,0.1964
0.0050,0.4482,0.1935
0.0200,0.4478,0.1915
0.0400,0.4475,0.1896
0.0700,0.4468,0.1876
0.1150,0.4460,0.1864
0.1700,0.4463,0.1859
0.2100,0.4468,0.1852
0.1750,0.4478,0.1840
0.0900,0.4495,0.1825
0.0000,0.4517,0.1808
-0.0500,0.4546,0.1788
-0.0650,0.4580,0.1769
-0.0700,0.4626,0.1749
-0.0750,0.4685,0.1732
-0.0750,0.4749,0.1732
-0.0650,0.4810,0.1749
-0.0650,0.4878,0.1781
-0.0350,0.4944,0.1820
-0.0500,0.4995,0.1864
-0.0700,0.5049,0.1913
-0.0800,0.5095,0.1955
-0.0700,0.5144,0.1989
-0.0650,0.5186,0.2018
-0.0650,0.5217,0.2043
-0.0600,0.5249,0.2065
-0.0500,0.5264,0.2084
-0.0450,0.5273,0.2101
-0.0550,0.5264,0.2113
-0.0500,0.5251,0.2108
-0.0500,0.5232,0.2086
-0.0550,0.5210,0.2062
0.1200,0.5186,0.2033
0.3800,0.5159,0.2006
-0.1300,0.5139,0.1977
-0.1550,0.5115,0.1950
-0.0450,0.5095,0.1923
-0.0350,0.5073,0.1906
-0.0350,0.5049,0.1898
-0.0300,0.5029,0.1898
-0.0300,0.5010,0.1906
-0.0300,0.4995,0.1923
-0.0150,0.4978,0.1950
-0.0100,0.4971,0.1974
0.0000,0.4961,0.1999
0.0050,0.4951,0.2018
0.0200,0.4944,0.2035
0.0350,0.4932,0.2043
0.0600,0.4917,0.2040
0.0900,0.4900,0.2033
0.1350,0.4885,0.2018
0.1850,0.4866,0.2001
0.2050,0.4846,0.1981
0.1400,0.4829,0.1969
0.0500,0.4807,0.1964
-0.0150,0.4790,0.1964
-0.0500,0.4788,0.1969
-0.0650,0.4783,0.1977
-0.0700,0.4795,0.1986
-0.0650,0.4822,0.1996
-0.0650,0.4861,0.2008
-0.0650,0.4910,0.2030
-0.0500,0.4963,0.2060
-0.0350,0.5015,0.2086
-0.0550,0.5076,0.2111
-0.0650,0.5125,0.2143
-0.0650,0.5176,0.2177
-0.0600,0.5215,0.2206
-0.0500,0.5239,0.2231
-0.0550,0.5256,0.2262
-0.0500,0.5261,0.2297
-0.0500,0.5256,0.2323
-0.0450,0.5239,0.2345
-0.0550,0.5222,0.2363
-0.0450,0.5198,0.2377
-0.0450,0.5171,0.2387
-0.0100,0.5144,0.2394
0.3550,0.5115,0.2392
0.0900,0.5090,0.2380
-0.2000,0.5063,0.2363
-0.0750,0.5039,0.2338
-0.0350,0.5024,0.2321
-0.0350,0.5010,0.2309
-0.0300,0.5000,0.2292
-0.0250,0.4985,0.2272
-0.0200,0.4971,0.2258
-0.0150,0.4956,0.2250
-0.0100,0.4941,0.2255
-0.0100,0.4917,0.2272
-0.0050,0.4902,0.2297
0.0050,0.4890,0.2326
0.0200,0.4878,0.2350
0.0400,0.4863,0.2370
0.0650,0.4849,0.2385
0.1050,0.4832,0.2399
0.1500,0.4817,0.2419
0.1950,0.4795,0.2446
0.1700,0.4778,0.2490
0.0800,0.4763,0.2548
0.0050,0.4753,0.2639
-0.0450,0.4753,0.2753
-0.0600,0.4753,0.2898
-0.0650,0.4763,0.3066
-0.0650,0.4788,0.3262
-0.0650,0.4822,0.3482
-0.0600,0.4868,0.3716
-0.0600,0.4922,0.3963
-0.0150,0.4988,0.4219
-0.0550,0.5044,0.4483
-0.0750,0.5112,0.4740
-0.0750,0.5164,0.4991
-0.0650,0.5210,0.5241
-0.0600,0.5244,0.5483
-0.0550,0.5264,0.5715
-0.0450,0.5276,0.5932
-0.0450,0.5271,0.6142
-0.0350,0.5264,0.6345
-0.0450,0.5247,0.6531
-0.0450,0.5237,0.6702
-0.0400,0.5208,0.6853
-0.0400,0.5176,0.6988
0.2350,0.5144,0.7119
0.3700,0.5107,0.7251
-0.1400,0.5068,0.7383
-0.1000,0.5015,0.7513
-0.0350,0.4946,0.7640
-0.0350,0.4846,0.7767
-0.0350,0.4724,0.7894
-0.0350,0.4587,0.8019
-0.0350,0.4458,0.8133
-0.0250,0.4346,0.8243
-0.0250,0.4270,0.8366
-0.0200,0.4229,0.8497
-0.0100,0.4221,0.8629
-0.0050,0.4236,0.8754
0.0050,0.4258,0.8857
0.0200,0.4280,0.8942
0.0450,0.4302,0.9013
0.0750,0.4314,0.9074
0.1250,0.4321,0.9125
0.1800,0.4331,0.9169
0.1900,0.4333,0.9206
0.1150,0.4338,0.9240
0.0300,0.4333,0.9282
-0.0300,0.4331,0.9331
-0.0650,0.4333,0.9384
-0.0700,0.4348,0.9443
-0.0700,0.4377,0.9504
-0.0650,0.4426,0.9563
-0.0650,0.4495,0.9594
-0.0600,0.4595,0.9599
-0.0050,0.4712,0.9585
-0.0350,0.4846,0.9555
-0.0600,0.4973,0.9504
-0.0800,0.5098,0.9436
-0.0700,0.5212,0.9355
-0.0550,0.5295,0.9260
-0.0500,0.5356,0.9147
-0.0450,0.5398,0.9018
-0.0400,0.5422,0.8859
-0.0350,0.5430,0.8671
-0.0400,0.5435,0.8453
-0.0450,0.5427,0.8214
-0.0350,0.5413,0.7967
-0.0400,0.5381,0.7716
0.1250,0.5325,0.7449
0.3950,0.5234,0.7176
-0.1200,0.5090,0.6912
-0.1500,0.4897,0.6660
-0.0450,0.4626,0.6418
-0.0350,0.4290,0.6186
-0.0300,0.3914,0.5969
-0.0300,0.3523,0.5766
-0.0250,0.3164,0.5585
-0.0200,0.2874,0.5421
-0.0200,0.2668,0.5280
-0.0100,0.2561,0.5158
-0.0100,0.2539,0.5053
0.0000,0.0002,0.4955
0.0100,0.0002,0.4845
0.0200,0.0002,0.4725
0.0450,0.0002,0.4598
0.0850,0.0002,0.4464
0.1350,0.0002,0.4324
0.1950,0.0002,0.4183
0.2100,0.0884,0.4036
0.1450,0.2192,0.3892
0.0500,0.3403,0.3755
-0.0150,0.4421,0.3626
-0.0550,0.5249,0.3504
-0.0650,0.5903,0.3389
-0.0700,0.6362,0.3289
-0.0700,0.6670,0.3198
-0.0700,0.6882,0.3118
-0.0650,0.7075,0.3042
-0.0550,0.7285,0.2973
-0.0250,0.7556,0.2910
-0.0600,0.7844,0.2849
-0.0800,0.8132,0.2790
-0.0750,0.8401,0.2734
-0.0700,0.8574,0.2680
-0.0600,0.8708,0.2626
-0.0650,0.8767,0.2575
-0.0500,0.8806,0.2526
-0.0550,0.8767,0.2477
-0.0500,0.8767,0.2431
-0.0650,0.8728,0.2385
-0.0600,0.8672,0.2331
-0.0600,0.8574,0.2270
-0.0300,0.8459,0.2204
0.3200,0.8306,0.2135
0.1200,0.8132,0.2077
-0.2100,0.7900,0.2023
-0.0900,0.7671,0.1967
-0.0350,0.7439,0.1911
-0.0300,0.7209,0.1871
-0.0300,0.6997,0.1845
-0.0300,0.6843,0.1820
-0.0300,0.6653,0.1798
-0.0250,0.6499,0.1796
-0.0200,0.6345,0.1808
-0.0150,0.6191,0.1823
-0.0050,0.6074,0.1842
0.0050,0.5940,0.1859
0.0200,0.5825,0.1876
0.0450,0.5710,0.1884
0.0750,0.5596,0.1881
0.1150,0.5498,0.1864
0.1700,0.5383,0.1835
0.2100,0.5269,0.1806
0.1800,0.5171,0.1779
0.0900,0.5056,0.1764
0.0050,0.5000,0.1757
-0.0450,0.4961,0.1759
-0.0650,0.4922,0.1766
-0.0700,0.4941,0.1776
-0.0750,0.5000,0.1791
-0.0700,0.5115,0.1806
-0.0700,0.5286,0.1820
-0.0650,0.5537,0.1840
-0.0400,0.5273,0.1859
-0.0500,0.5366,0.1886
-0.0700,0.5452,0.1920
-0.0750,0.5525,0.1952
-0.0700,0.5576,0.1981
-0.0600,0.5623,0.2018
-0.0600,0.5645,0.2055
-0.0550,0.5645,0.2079
-0.0550,0.5623,0.2086
-0.0450,0.5596,0.2084
-0.0550,0.5549,0.2079
-0.0500,0.5510,0.2077
-0.0550,0.5459,0.2074
-0.0550,0.5405,0.2057
0.1250,0.5354,0.2028
0.3700,0.5300,0.2006
-0.1450,0.5254,0.1994
-0.1500,0.5208,0.1979
-0.0450,0.5168,0.1962
-0.0400,0.5137,0.1950
-0.0350,0.5098,0.1947
-0.0300,0.5071,0.1950
-0.0350,0.5044,0.1957
-0.0250,0.5024,0.1974
-0.0250,0.5005,0.2003
-0.0200,0.4993,0.2028
-0.0100,0.4973,0.2052
-0.0050,0.4951,0.2082
0.0100,0.4927,0.2116
0.0200,0.4907,0.2135
0.0500,0.4885,0.2140
0.0850,0.4861,0.2126
0.1300,0.4846,0.2096
0.1800,0.4822,0.2067
0.1950,0.4802,0.2038
0.1300,0.4780,0.2018
0.0400,0.4756,0.2006
-0.0200,0.4741,0.2001
-0.0550,0.4736,0.2001
-0.0650,0.4741,0.2006
-0.0700,0.4768,0.2013
-0.0750,0.4814,0.2035
-0.0700,0.4888,0.2065
-0.0650,0.4966,0.2089
-0.0500,0.5051,0.2113
-0.0400,0.5144,0.2152
-0.0600,0.5234,0.2206
-0.0750,0.5320,0.2248
-0.0700,0.5386,0.2282
-0.0700,0.5439,0.2319
-0.0600,0.5464,0.2358
-0.0600,0.5486,0.2399
-0.0500,0.5479,0.2441
-0.0500,0.5452,0.2463
-0.0500,0.5425,0.2468
-0.0600,0.5378,0.2460
-0.0550,0.5327,0.2446
-0.0500,0.5281,0.2424
-0.0050,0.5261,0.2399
0.3650,0.5222,0.2380
0.0550,0.5168,0.2367
-0.1950,0.5122,0.2370
-0.0750,0.5083,0.2382
-0.0400,0.5044,0.2404
-0.0450,0.5005,0.2433
-0.0400,0.4993,0.2490
-0.0350,0.4966,0.2568
-0.0300,0.4939,0.2673
-0.0300,0.4927,0.2797
-0.0250,0.4900,0.2939
-0.0200,0.4880,0.3096
-0.0100,0.4861,0.3269
-0.0050,0.4841,0.3457
0.0050,0.4822,0.3648
0.0250,0.4807,0.3838
0.0550,0.4795,0.4029
0.0950,0.4780,0.4219
0.1400,0.4768,0.4422
0.1800,0.4756,0.4630
0.1550,0.4741,0.4845
0.0750,0.4729,0.5065
-0.0050,0.4714,0.5287
-0.0450,0.4709,0.5512
-0.0650,0.4709,0.5739
-0.0700,0.4722,0.5966
-0.0650,0.4756,0.6184
-0.0650,0.4807,0.6394
-0.0650,0.4888,0.6606
-0.0550,0.4973,0.6819
-0.0100,0.5051,0.7014
-0.0550,0.5144,0.7198
-0.0750,0.5229,0.7378
-0.0800,0.5300,0.7557
-0.0700,0.5347,0.7720
-0.0550,0.5374,0.7877
-0.0550,0.5381,0.8026
-0.0500,0.5381,0.8168
-0.0500,0.5374,0.8295
-0.0400,0.5347,0.8409
-0.0500,0.5327,0.8515
-0.0500,0.5293,0.8612
-0.0400,0.5254,0.8715
-0.0350,0.5208,0.8822
0.2750,0.5156,0.8923
0.3400,0.5110,0.9013
-0.1450,0.5063,0.9089
-0.0900,0.5017,0.9152
-0.0400,0.4985,0.9216
-0.0450,0.4946,0.9284
-0.0400,0.4912,0.9353
-0.0400,0.4873,0.9419
-0.0350,0.4846,0.9475
-0.0300,0.4822,0.9524
-0.0300,0.4802,0.9575
-0.0200,0.4780,0.9629
-0.0150,0.4768,0.9677
-0.0100,0.4749,0.9717
0.0050,0.4729,0.9731
0.0250,0.4714,0.9719
0.0500,0.4702,0.9673
0.0850,0.4683,0.9594
0.1300,0.4670,0.9494
0.1900,0.4658,0.9377
0.1850,0.4636,0.9247
0.1050,0.3550,0.9106
0.0150,0.3474,0.8957
-0.0400,0.3450,0.8803
-0.0700,0.3450,0.8634
-0.0750,0.3523,0.8451
-0.0750,0.3699,0.8248
-0.0750,0.3972,0.8031
-0.0750,0.4299,0.7813
-0.0700,0.4700,0.7596
-0.0200,0.5098,0.7391
-0.0500,0.5498,0.7193
-0.0750,0.5898,0.7005
-0.0800,0.6272,0.6821
-0.0650,0.6572,0.6655
-0.0600,0.6797,0.6499
-0.0600,0.6973,0.6343
-0.0550,0.7073,0.6184
-0.0500,0.7100,0.6015
-0.0450,0.7073,0.5839
-0.0500,0.6973,0.5663
-0.0550,0.6848,0.5492
-0.0500,0.6648,0.5314
-0.0550,0.6423,0.5131
0.1200,0.6123,0.4962
0.3800,0.5823,0.4808
-0.1400,0.5522,0.4654
-0.1500,0.5222,0.4498
-0.0450,0.4973,0.4344
-0.0400,0.4824,0.4190
-0.0350,0.4749,0.4048
-0.0300,0.4700,0.3916
-0.0300,0.4700,0.3802
-0.0300,0.4700,0.3701
-0.0200,0.4700,0.3599
-0.0200,0.4673,0.3499
-0.0050,0.4624,0.3398
0.0100,0.4524,0.3296
0.0150,0.4424,0.3196
0.0300,0.4297,0.3093
0.0550,0.4097,0.2983
0.0900,0.3823,0.2863
0.1400,0.3499,0.2739
0.1950,0.3123,0.2612
0.2200,0.2798,0.2485
0.1550,0.2524,0.2360
0.0550,0.2349,0.2253
-0.0100,0.2224,0.2165
-0.0450,0.2200,0.2091
-0.0550,0.2224,0.2030
-0.0600,0.2273,0.1977
-0.0600,0.2449,0.1933
-0.0600,0.2673,0.1913
-0.0600,0.2998,0.1915
-0.0500,0.3474,0.1940
-0.0250,0.3923,0.1984
-0.0550,0.4424,0.2021
-0.0750,0.4824,0.2052
-0.0700,0.5073,0.2079
-0.0650,0.5298,0.2101
-0.0550,0.5398,0.2111
-0.0550,0.5398,0.2111
-0.0450,0.5273,0.2104
-0.0450,0.5110,0.2086
-0.0400,0.4915,0.2057
-0.0500,0.4578,0.2016
-0.0400,0.4297,0.1969
-0.0400,0.3960,0.1918
-0.0100,0.3679,0.1881
0.3450,0.3428,0.1859
0.1100,0.3203,0.1837
-0.2000,0.3005,0.1815
-0.0750,0.2893,0.1803
-0.0300,0.2810,0.1801
-0.0350,0.2754,0.1803
-0.0300,0.2754,0.1810
-0.0250,0.2754,0.1820
-0.0250,0.2754,0.1835
-0.0250,0.2754,0.1849
-0.0150,0.2754,0.1867
-0.0150,0.2754,0.1893
-0.0050,0.2754,0.1928
0.0050,0.2754,0.1957
0.0200,0.2698,0.1981
0.0300,0.2698,0.1984
0.0700,0.2698,0.1964
0.1100,0.2668,0.1925
0.1600,0.2612,0.1869
0.2000,0.2585,0.1806
0.1650,0.2529,0.1747
0.0800,0.2529,0.1715
0.0000,0.2529,0.1710
-0.0500,0.2529,0.1722
-0.0650,0.2612,0.1749
-0.0750,0.2725,0.1786
-0.0800,0.2949,0.1828
-0.0750,0.3259,0.1874
-0.0750,0.3652,0.1923
-0.0700,0.4128,0.1964
-0.0400,0.4634,0.2001
-0.0550,0.5083,0.2030
-0.0800,0.5474,0.2060
-0.0850,0.5811,0.2091
-0.0750,0.6121,0.2128
-0.0700,0.6260,0.2160
-0.0650,0.6372,0.2189
-0.0600,0.6401,0.2221
-0.0600,0.6372,0.2253
-0.0500,0.6316,0.2260
-0.0550,0.6177,0.2245
-0.0600,0.6008,0.2214
-0.0600,0.5840,0.2172
-0.0600,0.5586,0.2133
0.1400,0.5334,0.2096
0.3500,0.5110,0.2069
-0.1650,0.4971,0.2055
-0.1400,0.4832,0.2057
-0.0500,0.4690,0.2069
-0.0400,0.4578,0.2065
-0.0400,0.4409,0.2043
-0.0300,0.4297,0.2018
-0.0250,0.4128,0.1994
-0.0200,0.4016,0.1977
-0.0200,0.3960,0.1969
-0.0150,0.3933,0.1979
-0.0100,0.3933,0.2001
0.0000,0.3877,0.2040
0.0100,0.3848,0.2096
0.0300,0.3792,0.2150
0.0500,0.3708,0.2204
0.0800,0.3623,0.2238
0.1300,0.3540,0.2250
0.1800,0.3455,0.2231
0.1900,0.3398,0.2184
0.1250,0.3286,0.2121
0.0350,0.3147,0.2045
-0.0250,0.3005,0.1991
-0.0550,0.2949,0.1957
-0.0650,0.2949,0.1942
-0.0700,0.3035,0.1950
-0.0700,0.3259,0.1979
-0.0650,0.3567,0.2025
-0.0650,0.3933,0.2074
-0.0500,0.4382,0.2126
-0.0400,0.4832,0.2167
-0.0650,0.5249,0.2204
-0.0750,0.5642,0.2253
-0.0700,0.5979,0.2314
-0.0650,0.6233,0.2382
-0.0600,0.6428,0.2460
-0.0600,0.6514,0.2563
-0.0500,0.6484,0.2690
-0.0550,0.6428,0.2844
-0.0550,0.6289,0.3017
-0.0650,0.6147,0.3208
-0.0550,0.5979,0.3411
-0.0600,0.5840,0.3623
0.0100,0.5698,0.3838
0.4000,0.5586,0.4048
0.0200,0.5474,0.4256
-0.1800,0.5361,0.4456
-0.0700,0.5222,0.4654
-0.0500,0.5081,0.4838
-0.0450,0.4971,0.5011
-0.0450,0.4775,0.5187
-0.0400,0.4551,0.5363
-0.0350,0.4297,0.5544
-0.0250,0.4016,0.5724
-0.0200,0.3708,0.5905
-0.0150,0.3567,0.6086
-0.0100,0.3174,0.6267
0.0000,0.2754,0.6445
0.0150,0.2332,0.6602
0.0350,0.1938,0.6741
0.0600,0.1631,0.6878
0.0950,0.1350,0.7012
0.1450,0.1125,0.7144
0.1850,0.0901,0.7276
0.1550,0.0679,0.7408
0.0700,0.0454,0.7540
0.0050,0.0200,0.7679
-0.0250,0.0002,0.7828
-0.0350,0.0002,0.7982
-0.0350,0.0002,0.8141
-0.0250,0.0002,0.8292
-0.0300,0.0002,0.8436
-0.0250,0.0002,0.8576
-0.0200,0.0002,0.8712
0.0300,0.0002,0.8857
-0.0250,0.0002,0.9003
-0.0450,0.0200,0.9135
-0.0450,0.1069,0.9252
-0.0350,0.1938,0.9345
-0.0250,0.2698,0.9423
-0.0300,0.3342,0.9487
-0.0200,0.3821,0.9538
-0.0150,0.4158,0.9572
-0.0100,0.4297,0.9594
-0.0250,0.4382,0.9614
-0.0200,0.4326,0.9631
-0.0200,0.4241,0.9638
-0.0050,0.4128,0.9636
0.3500,0.4045,0.9616
0.2950,0.3989,0.9585
-0.1400,0.3933,0.9543
-0.0650,0.3933,0.9492
-0.0200,0.3904,0.9436
-0.0250,0.3877,0.9375
-0.0250,0.3792,0.9299
-0.0250,0.3735,0.9211
-0.0200,0.3652,0.9116
-0.0150,0.3596,0.9008
-0.0150,0.3540,0.8879
-0.0100,0.3484,0.8727
-0.0050,0.3428,0.8559
0.0100,0.3342,0.8378
0.0200,0.3230,0.8177
0.0350,0.3091,0.7960
0.0650,0.2781,0.7733
0.1000,0.2444,0.7498
0.1500,0.1995,0.7266
0.2050,0.1519,0.7036
0.1950,0.1040,0.6812
0.1100,0.0679,0.6589
0.0250,0.0481,0.6382
-0.0300,0.0537,0.6184
-0.0500,0.0874,0.5996
-0.0600,0.1545,0.5815
-0.0650,0.2473,0.5639
-0.0600,0.3679,0.5468
-0.0600,0.4941,0.5299
-0.0600,0.6121,0.5136
-0.0150,0.7214,0.4994
-0.0400,0.8113,0.4869
-0.0650,0.8872,0.4752
-0.0700,0.9543,0.4637
-0.0600,0.9998,0.4537
-0.0500,0.9998,0.4444
-0.0500,0.9998,0.4351
-0.0450,0.9998,0.4254
-0.0500,0.9998,0.4156
-0.0400,0.9998,0.4056
-0.0450,0.9998,0.3953
-0.0500,0.9998,0.3850
-0.0450,0.9998,0.3748
-0.0500,0.9998,0.3645
0.1450,0.9998,0.3543
0.3600,0.9998,0.3440
-0.1500,0.9998,0.3325
-0.1450,0.9998,0.3205
-0.0450,0.9998,0.3076
-0.0350,0.9998,0.2944
-0.0350,0.9998,0.2819
-0.0350,0.9998,0.2702
-0.0250,0.9998,0.2602
-0.0200,0.9998,0.2516
-0.0200,0.9998,0.2453
-0.0150,0.9998,0.2407
-0.0050,0.9998,0.2370
0.0000,0.9998,0.2343
0.0100,0.9998,0.2304
0.0300,0.9976,0.2255
0.0550,0.9727,0.2211
0.0950,0.9407,0.2167
0.1400,0.9089,0.2116
0.1950,0.8772,0.2062
0.2000,0.8477,0.2011
0.1300,0.8157,0.1969
0.0400,0.7886,0.1940
-0.0250,0.7612,0.1923
-0.0600,0.7385,0.1913
-0.0700,0.7202,0.1911
-0.0750,0.7112,0.1913
-0.0700,0.7090,0.1918
-0.0700,0.7112,0.1928
-0.0650,0.7249,0.1937
-0.0550,0.7407,0.1950
-0.0350,0.7634,0.1964
-0.0650,0.7815,0.1979
-0.0800,0.7976,0.1994
-0.0800,0.8066,0.2018
-0.0750,0.8135,0.2050
-0.0650,0.8113,0.2077
-0.0600,0.8020,0.2099
-0.0550,0.7861,0.2111
-0.0550,0.7681,0.2111
-0.0550,0.7520,0.2104
-0.0700,0.7361,0.2089
-0.0650,0.7134,0.2072
-0.0650,0.6885,0.2050
-0.0250,0.6611,0.2025
0.3400,0.6340,0.2001
0.0900,0.6067,0.1977
-0.2050,0.5815,0.1952
-0.0800,0.5588,0.1928
-0.0400,0.5361,0.1901
-0.0400,0.5181,0.1884
-0.0350,0.5022,0.1876
-0.0350,0.4929,0.1876
-0.0300,0.4817,0.1884
-0.0250,0.4702,0.1903
-0.0200,0.4612,0.1933
-0.0150,0.4521,0.1969
-0.0100,0.4431,0.2011
0.0000,0.4338,0.2035
0.0150,0.4294,0.2047
0.0350,0.4202,0.2050
0.0700,0.4158,0.2040
0.1100,0.4089,0.2016
0.1650,0.4021,0.1981
0.2050,0.3975,0.1947
0.1750,0.4441,0.1915
0.0800,0.4409,0.1896
0.0000,0.4373,0.1886
-0.0450,0.4329,0.1884
-0.0700,0.4304,0.1886
-0.0800,0.4294,0.1903
-0.0750,0.4304,0.1930
-0.0700,0.4351,0.1967
-0.0700,0.4419,0.2008
-0.0700,0.4534,0.2045
-0.0400,0.4680,0.2074
-0.0650,0.4839,0.2099
-0.0800,0.5010,0.2123
-0.0750,0.5168,0.2152
-0.0700,0.5327,0.2184
-0.0600,0.5464,0.2204
-0.0600,0.5566,0.2211
-0.0550,0.5623,0.2216
-0.0550,0.5657,0.2221
-0.0500,0.5657,0.2226
-0.0550,0.5645,0.2233
-0.0600,0.5588,0.2231
-0.0500,0.5520,0.2221
-0.0600,0.5430,0.2214
0.1650,0.5349,0.2209
0.3300,0.5271,0.2199
-0.1750,0.5203,0.2184
-0.1350,0.5146,0.2174
-0.0500,0.5100,0.2170
-0.0450,0.5054,0.2170
-0.0450,0.5010,0.2170
-0.0400,0.4988,0.2174
-0.0350,0.4941,0.2182
-0.0300,0.4885,0.2199
-0.0300,0.4827,0.2223
-0.0200,0.4795,0.2255
-0.0150,0.4761,0.2289
-0.0050,0.4714,0.2309
0.0100,0.4668,0.2311
0.0250,0.4646,0.2304
0.0450,0.4600,0.2287
0.0750,0.4556,0.2258
0.1200,0.4531,0.2218
0.1700,0.4487,0.2187
0.1750,0.4465,0.2170
0.1050,0.4419,0.2177
0.0200,0.4397,0.2211
-0.0400,0.4351,0.2270
-0.0700,0.4329,0.2350
-0.0750,0.4316,0.2455
-0.0750,0.4329,0.2585
-0.0750,0.4373,0.2739
-0.0750,0.4465,0.2915
-0.0750,0.4578,0.3118
-0.0450,0.4727,0.3340
-0.0550,0.4907,0.3567
-0.0750,0.5066,0.3799
-0.0900,0.5237,0.4043
-0.0800,0.5396,0.4298
-0.0750,0.5544,0.4559
-0.0650,0.5657,0.4825
-0.0600,0.5725,0.5087
-0.0550,0.5771,0.5338
-0.0550,0.5781,0.5575
-0.0550,0.5759,0.5798
-0.0550,0.5713,0.6010
-0.0550,0.5657,0.6218
-0.0500,0.5588,0.6418
0.0400,0.5498,0.6611
0.4400,0.5417,0.6792
0.0150,0.5339,0.6961
-0.1500,0.5259,0.7119
-0.0550,0.5190,0.7271
-0.0400,0.5122,0.7415
-0.0300,0.5078,0.7557
-0.0350,0.5032,0.7694
-0.0350,0.5000,0.7830
-0.0200,0.4963,0.7975
-0.0200,0.4932,0.8124
-0.0200,0.4895,0.8268
-0.0150,0.4873,0.8407
-0.0050,0.4839,0.8544
0.0050,0.4817,0.8673
0.0200,0.4783,0.8781
0.0350,0.4761,0.8869
0.0650,0.4736,0.8940
0.1050,0.4714,0.9001
0.1600,0.4680,0.9052
0.2000,0.4658,0.9096
0.1600,0.4624,0.9135
0.0700,0.4600,0.9172
0.0050,0.4578,0.9213
-0.0400,0.4556,0.9262
-0.0500,0.4543,0.9316
-0.0550,0.4578,0.9375
-0.0550,0.4634,0.9436
-0.0500,0.4739,0.9497
-0.0500,0.4873,0.9550
-0.0300,0.5010,0.9594
0.0100,0.5190,0.9624
-0.0450,0.5383,0.9636
-0.0650,0.5566,0.9619
-0.0600,0.5737,0.9575
-0.0450,0.5874,0.9511
-0.0350,0.5974,0.9433
-0.0450,0.6055,0.9343
-0.0300,0.6101,0.9243
-0.0300,0.6113,0.9128
-0.0250,0.6101,0.8998
-0.0400,0.6055,0.8847
-0.0350,0.5999,0.8678
-0.0350,0.5930,0.8488
0.0050,0.5840,0.8280
0.3700,0.5747,0.8070
0.1350,0.5657,0.7855
-0.1800,0.5579,0.7640
-0.0650,0.5498,0.7425
-0.0200,0.5430,0.7210
-0.0250,0.5361,0.6997
-0.0250,0.5305,0.6795
-0.0200,0.5249,0.6602
-0.0200,0.5190,0.6426
-0.0200,0.5159,0.6264
-0.0150,0.5122,0.6103
-0.0050,0.5193,0.5942
0.0050,0.5137,0.5783
0.0150,0.5054,0.5622
0.0300,0.5000,0.5463
0.0450,0.5000,0.5302
0.0800,0.4944,0.5133
0.1200,0.4858,0.4955
0.1700,0.4802,0.4769
0.2150,0.4690,0.4581
0.1850,0.4578,0.4398
0.0900,0.4465,0.4224
0.0100,0.4353,0.4065
-0.0350,0.4270,0.3921
-0.0500,0.4214,0.3799
-0.0600,0.4214,0.3689
-0.0650,0.4297,0.3582
-0.0600,0.4465,0.3477
-0.0600,0.4719,0.3386
-0.0550,0.4998,0.3303
-0.0150,0.5361,0.3227
-0.0450,0.5754,0.3157
-0.0650,0.6147,0.3093
-0.0700,0.6484,0.3030
-0.0600,0.6765,0.2971
-0.0500,0.6990,0.2912
-0.0500,0.7131,0.2859
-0.0400,0.7188,0.2805
-0.0450,0.7188,0.2751
-0.0300,0.7102,0.2697
-0.0400,0.6963,0.2648
-0.0450,0.6765,0.2597
-0.0400,0.6570,0.2560
-0.0400,0.6316,0.2529
0.1600,0.6064,0.2487
0.3550,0.5840,0.2431
-0.1500,0.5615,0.2370
-0.1300,0.5447,0.2304
-0.0350,0.5249,0.2245
-0.0300,0.5081,0.2194
-0.0300,0.4971,0.2157
-0.0250,0.4858,0.2130
-0.0250,0.4719,0.2104
-0.0200,0.4578,0.2077
-0.0150,0.4465,0.2060
-0.0050,0.4353,0.2050
0.0000,0.4241,0.2045
0.0050,0.4185,0.2043
0.0150,0.4072,0.2025
0.0350,0.3989,0.1994
0.0600,0.3904,0.1952
0.1000,0.3792,0.1903
0.1450,0.3735,0.1849
0.1950,0.3623,0.1793
0.2000,0.3511,0.1747
0.1300,0.3398,0.1705
0.0400,0.3286,0.1681
-0.0250,0.3230,0.1671
-0.0550,0.3147,0.1678
-0.0650,0.3147,0.1700
-0.0700,0.3203,0.1725
-0.0650,0.3342,0.1749
-0.0650,0.3567,0.1781
-0.0650,0.3877,0.1823
-0.0550,0.4241,0.1879
-0.0400,0.4634,0.1950
-0.0650,0.4998,0.2025
-0.0750,0.5305,0.2108
-0.0750,0.5615,0.2184
-0.0700,0.5867,0.2253
-0.0600,0.6035,0.2297
-0.0600,0.6091,0.2319
-0.0550,0.6091,0.2326
-0.0550,0.6035,0.2321
-0.0550,0.5896,0.2309
-0.0600,0.5728,0.2289
-0.0550,0.5559,0.2277
-0.0500,0.5334,0.2265
-0.0050,0.5110,0.2240
0.3650,0.4971,0.2204
0.0550,0.4775,0.2165
-0.2000,0.4607,0.2128
-0.0750,0.4438,0.2094
-0.0400,0.4297,0.2062
-0.0400,0.4185,0.2040
-0.0350,0.4072,0.2028
-0.0300,0.3960,0.2033
-0.0300,0.3904,0.2050
-0.0250,0.3792,0.2077
-0.0200,0.3735,0.2111
-0.0200,0.3623,0.2150
-0.0050,0.3567,0.2192
0.0050,0.3511,0.2226
0.0100,0.3428,0.2253
0.0350,0.3342,0.2265
0.0650,0.3286,0.2262
0.1100,0.3230,0.2243
0.1600,0.3147,0.2206
0.1950,0.3062,0.2160
0.1650,0.3005,0.2106
0.0750,0.2922,0.2060
0.0000,0.2837,0.2018
-0.0450,0.2810,0.1991
-0.0700,0.2837,0.1974
-0.0700,0.2949,0.1964
-0.0750,0.3147,0.1962
-0.0700,0.3398,0.1974
-0.0650,0.3765,0.2001
-0.0650,0.4214,0.2033
-0.0400,0.4663,0.2072
-0.0600,0.5054,0.2104
-0.0750,0.5417,0.2133
-0.0800,0.5754,0.2165
-0.0750,0.6008,0.2201
-0.0650,0.6204,0.2233
-0.0650,0.6316,0.2258
-0.0550,0.6345,0.2277
-0.0600,0.6316,0.2294
-0.0500,0.6260,0.2309
-0.0650,0.6204,0.2319
-0.0650,0.6064,0.2319
-0.0600,0.5896,0.2309
-0.0600,0.5671,0.2301
0.1950,0.5474,0.2294
0.3050,0.5278,0.2275
-0.1900,0.5054,0.2238
-0.1250,0.4944,0.2204
-0.0450,0.4775,0.2172
-0.0400,0.4634,0.2157
-0.0400,0.4465,0.2162
-0.0400,0.4353,0.2187
-0.0350,0.4270,0.2231
-0.0350,0.4185,0.2299
-0.0300,0.4072,0.2389
-0.0200,0.4016,0.2512
-0.0150,0.3933,0.2661
-0.0100,0.3848,0.2822
0.0050,0.3792,0.2990
0.0150,0.3735,0.3164
0.0400,0.3652,0.3345
0.0750,0.3596,0.3526
0.1150,0.3511,0.3711
0.1750,0.3455,0.3909
0.1800,0.3372,0.4117
0.1150,0.3315,0.4329
0.0200,0.3230,0.4549
-0.0350,0.3203,0.4774
-0.0550,0.3174,0.5001
-0.0650,0.3203,0.5231
-0.0650,0.3286,0.5461
-0.0650,0.3484,0.5690
-0.0650,0.3735,0.5920
-0.0600,0.4072,0.6150
-0.0100,0.4495,0.6379
-0.0450,0.4888,0.6609
-0.0700,0.5278,0.6836
-0.0800,0.5698,0.7041
-0.0700,0.6035,0.7229
-0.0600,0.6345,0.7415
-0.0550,0.6570,0.7596
-0.0500,0.6709,0.7752
-0.0500,0.6738,0.7892
-0.0400,0.6738,0.8028
-0.0400,0.6682,0.8160
-0.0450,0.6570,0.8292
-0.0400,0.6428,0.8422
-0.0400,0.6260,0.8537
0.0800,0.6091,0.8642
0.4700,0.5923,0.8739
0.0000,0.5754,0.8832
-0.1250,0.5615,0.8920
-0.0450,0.5474,0.9003
-0.0350,0.5361,0.9084
-0.0350,0.5278,0.9162
-0.0300,0.5193,0.9240
-0.0300,0.5110,0.9316
-0.0300,0.5054,0.9389
-0.0250,0.5000,0.9460
-0.0200,0.4971,0.9521
-0.0150,0.4915,0.9575
-0.0100,0.4858,0.9629
0.0000,0.4802,0.9685
0.0100,0.4746,0.9724
0.0350,0.4690,0.9743
0.0650,0.4607,0.9743
0.1100,0.4551,0.9721
0.1650,0.4495,0.9665
0.2000,0.4404,0.9582
0.1450,0.4314,0.9489
0.0550,0.4255,0.9387
-0.0200,0.4194,0.9269
-0.0550,0.4165,0.9138
-0.0650,0.4194,0.8998
-0.0700,0.4314,0.8849
-0.0700,0.4521,0.8683
-0.0700,0.4790,0.8507
-0.0600,0.5117,0.8331
-0.0500,0.5593,0.8153
-0.0150,0.6069,0.7957
-0.0600,0.6516,0.7745
-0.0850,0.6931,0.7530
-0.0750,0.7319,0.7315
-0.0650,0.7617,0.7100
-0.0600,0.7825,0.6887
-0.0550,0.7944,0.6685
-0.0450,0.8035,0.6492
-0.0500,0.8005,0.6306
-0.0450,0.7944,0.6128
-0.0500,0.7795,0.5952
-0.0500,0.7617,0.5781
-0.0500,0.7378,0.5612
0.0000,0.7080,0.5448
0.3600,0.6814,0.5294
0.0700,0.6545,0.5150
-0.2050,0.6306,0.5004
-0.0750,0.6069,0.4855
-0.0350,0.5830,0.4703
-0.0450,0.5652,0.4554
-0.0350,0.5505,0.4427
-0.0300,0.5325,0.4312
-0.0300,0.5208,0.4202
-0.0200,0.5088,0.4095
-0.0150,0.5000,0.4000
-0.0100,0.4968,0.3914
-0.0050,0.4849,0.3833
0.0050,0.4761,0.3760
0.0150,0.4670,0.3679
0.0400,0.4612,0.3594
0.0750,0.4553,0.3494
0.1150,0.4434,0.3381
0.1650,0.4314,0.3274
0.2100,0.4194,0.3166
0.1750,0.4106,0.3059
0.0800,0.4016,0.2954
0.0050,0.3896,0.2863
-0.0450,0.3779,0.2783
-0.0600,0.3718,0.2707
-0.0700,0.3689,0.2641
-0.0650,0.3779,0.2590
-0.0650,0.3896,0.2548
-0.0650,0.4165,0.2509
-0.0700,0.4492,0.2470
-0.0350,0.4849,0.2438
-0.0500,0.5237,0.2416
-0.0700,0.5652,0.2402
-0.0750,0.6040,0.2392
-0.0700,0.6367,0.2385
-0.0600,0.6604,0.2380
-0.0600,0.6755,0.2377
-0.0550,0.6843,0.2377
-0.0500,0.6843,0.2377
-0.0450,0.6814,0.2377
-0.0550,0.6665,0.2370
-0.0550,0.6487,0.2353
-0.0550,0.6306,0.2331
-0.0550,0.6069,0.2306
0.1500,0.5830,0.2277
0.3400,0.5593,0.2245
-0.1700,0.5354,0.2204
-0.1350,0.5117,0.2155
-0.0400,0.4968,0.2108
-0.0400,0.4819,0.2065
-0.0450,0.4670,0.2025
-0.0350,0.4553,0.1989
-0.0300,0.4434,0.1955
-0.0250,0.4314,0.1925
-0.0150,0.4194,0.1915
-0.0100,0.4077,0.1923
-0.0050,0.4016,0.1933
0.0000,0.3896,0.1945
0.0200,0.3838,0.1947
0.0300,0.3718,0.1942
0.0600,0.3660,0.1933
0.0950,0.3569,0.1915
0.1400,0.3481,0.1889
0.1950,0.3362,0.1852
0.2000,0.3303,0.1806
0.1250,0.3184,0.1754
0.0350,0.3093,0.1700
-0.0250,0.3005,0.1647
-0.0550,0.2915,0.1610
-0.0650,0.2915,0.1588
-0.0650,0.2944,0.1569
-0.0650,0.3064,0.1551
-0.0650,0.3271,0.1544
-0.0650,0.3599,0.1549
-0.0550,0.3987,0.1569
-0.0400,0.4404,0.1600
-0.0600,0.4849,0.1632
-0.0750,0.5176,0.1664
-0.0700,0.5535,0.1703
-0.0700,0.5830,0.1747
-0.0600,0.6040,0.1786
-0.0600,0.6130,0.1818
-0.0600,0.6189,0.1840
-0.0600,0.6130,0.1849
-0.0500,0.6040,0.1862
-0.0550,0.5891,0.1874
-0.0500,0.5742,0.1876
-0.0500,0.5535,0.1874
0.0100,0.5354,0.1864
0.3850,0.5146,0.1852
0.0250,0.4968,0.1837
-0.1950,0.4819,0.1823
-0.0700,0.4670,0.1825
-0.0400,0.4492,0.1842
-0.0400,0.4373,0.1869
-0.0350,0.4255,0.1903
-0.0350,0.4194,0.1935
-0.0300,0.4077,0.1964
-0.0250,0.3987,0.2001
-0.0250,0.3896,0.2040
-0.0200,0.3838,0.2074
-0.0100,0.3750,0.2101
0.0000,0.3660,0.2116
0.0200,0.3599,0.2116
0.0350,0.3511,0.2099
0.0650,0.3452,0.2067
0.1100,0.3391,0.2038
0.1550,0.3333,0.2008
0.2000,0.3242,0.1979
0.1550,0.3184,0.1950
0.0700,0.3123,0.1933
0.0000,0.3064,0.1923
-0.0450,0.3035,0.1920
-0.0650,0.3035,0.1923
-0.0650,0.3064,0.1928
-0.0700,0.3271,0.1940
-0.0650,0.3540,0.1974
-0.0700,0.3928,0.2023
-0.0650,0.4373,0.2074
-0.0350,0.4880,0.2128
-0.0500,0.5295,0.2182
-0.0750,0.5713,0.2236
-0.0750,0.6099,0.2284
-0.0750,0.6426,0.2336
-0.0650,0.6665,0.2397
-0.0700,0.6814,0.2465
-0.0600,0.6873,0.2529
-0.0600,0.6873,0.2595
-0.0550,0.6814,0.2675
-0.0650,0.6755,0.2771
-0.0600,0.6636,0.2868
-0.0600,0.6426,0.2966
-0.0600,0.6248,0.3071
0.2200,0.6011,0.3186
0.3050,0.5771,0.3308
-0.1800,0.5593,0.3435
-0.1150,0.5386,0.3567
-0.0500,0.5208,0.3704
-0.0500,0.5088,0.3860
-0.0500,0.5000,0.4036
-0.0450,0.4910,0.4229
-0.0350,0.4819,0.4432
-0.0350,0.4731,0.4642
-0.0300,0.4670,0.4860
-0.0250,0.4583,0.5092
-0.0200,0.4524,0.5336
-0.0100,0.4434,0.5578
0.0100,0.4373,0.5815
0.0600,0.4314,0.6030
0.0950,0.4255,0.6225
0.1350,0.4194,0.6404
0.1800,0.4106,0.6575
0.2300,0.4048,0.6746
0.2300,0.3987,0.6917
0.1550,0.3896,0.7090
0.0650,0.3838,0.7266
0.0150,0.3809,0.7442
-0.0150,0.3750,0.7615
-0.0300,0.3779,0.7779
-0.0300,0.3896,0.7931
-0.0300,0.4077,0.8065
-0.0300,0.4373,0.8187
-0.0250,0.4729,0.8309
0.0300,0.5117,0.8431
-0.0200,0.5623,0.8554
-0.0400,0.6128,0.8673
-0.0550,0.6606,0.8783
-0.0450,0.7051,0.8883
-0.0300,0.7407,0.8979
-0.0300,0.7676,0.9067
-0.0250,0.7886,0.9140
-0.0200,0.7976,0.9204
-0.0200,0.8035,0.9267
-0.0250,0.7976,0.9331
-0.0350,0.7886,0.9387
-0.0300,0.7766,0.9433
-0.0300,0.7588,0.9472
0.1300,0.7439,0.9506
0.4850,0.7261,0.9538
-0.0400,0.7021,0.9565
-0.1100,0.6843,0.9570
-0.0350,0.6636,0.9555
-0.0250,0.6426,0.9526
-0.0250,0.6277,0.9484
-0.0250,0.6099,0.9426
-0.0250,0.5981,0.9350
-0.0250,0.5862,0.9262
-0.0250,0.5742,0.9167
-0.0200,0.5623,0.9064
-0.0150,0.5505,0.8954
0.0000,0.5386,0.8832
0.0100,0.5325,0.8695
0.0200,0.5237,0.8529
0.0450,0.5178,0.8341
0.0750,0.5088,0.8155
0.1200,0.5029,0.7972
0.1700,0.5000,0.7784
0.1950,0.4910,0.7589
0.1400,0.4849,0.7400
0.0500,0.4731,0.7215
-0.0150,0.4670,0.7024
-0.0550,0.4612,0.6829
-0.0650,0.4583,0.6641
-0.0700,0.4670,0.6455
-0.0700,0.4849,0.6267
-0.0700,0.5059,0.6074
-0.0650,0.5415,0.5900
-0.0400,0.5833,0.5744
-0.0200,0.6309,0.5607
-0.0650,0.6785,0.5487
-0.0800,0.7229,0.5370
-0.0750,0.7646,0.5255
-0.0700,0.7974,0.5131
-0.0650,0.8242,0.4999
-0.0600,0.8420,0.4862
-0.0500,0.8452,0.4720
-0.0550,0.8420,0.4586
-0.0450,0.8271,0.4459
-0.0550,0.8093,0.4324
-0.0550,0.7795,0.4188
-0.0500,0.7498,0.4058
0.0000,0.7200,0.3931
0.3650,0.6873,0.3799
0.0500,0.6575,0.3662
-0.2050,0.6306,0.3523
-0.0750,0.6011,0.3381
-0.0400,0.5771,0.3249
-0.0400,0.5564,0.3125
-0.0350,0.5354,0.3005
-0.0350,0.5176,0.2890
-0.0300,0.5029,0.2793
-0.0200,0.4968,0.2707
-0.0150,0.4849,0.2631
-0.0100,0.4731,0.2560
-0.0050,0.4612,0.2499
0.0100,0.4492,0.2443
0.0250,0.4434,0.2389
0.0450,0.4314,0.2338
0.0800,0.4194,0.2282
0.1200,0.4136,0.2218
0.1700,0.4016,0.2152
0.2050,0.3896,0.2084
0.1700,0.3779,0.2025
0.0800,0.3660,0.1977
0.0000,0.3569,0.1942
-0.0400,0.3481,0.1923
-0.0600,0.3420,0.1923
-0.0650,0.3452,0.1935
-0.0600,0.3540,0.1940
-0.0600,0.3748,0.1937
-0.0600,0.4016,0.1940
-0.0550,0.4373,0.1947
-0.0200,0.4790,0.1964
-0.0450,0.5146,0.1994
-0.0650,0.5564,0.2018
-0.0650,0.5920,0.2040
-0.0550,0.6248,0.2060
-0.0450,0.6458,0.2077
-0.0500,0.6575,0.2084
-0.0400,0.6665,0.2082
-0.0400,0.6636,0.2082
-0.0250,0.6575,0.2084
-0.0350,0.6458,0.2082
-0.0400,0.6396,0.2072
-0.0350,0.6189,0.2065
-0.0350,0.6011,0.2062
0.1750,0.5771,0.2055
0.3550,0.5593,0.2040
-0.1550,0.5386,0.2023
-0.1200,0.5176,0.2001
-0.0250,0.5029,0.1969
-0.0250,0.4910,0.1925
-0.0250,0.4790,0.1864
-0.0150,0.4670,0.1793
-0.0150,0.4583,0.1720
-0.0150,0.4492,0.1654
-0.0100,0.4404,0.1610
0.0000,0.4314,0.1586
0.0050,0.4226,0.1581
0.0150,0.4136,0.1593
0.0300,0.4077,0.1613
0.0450,0.3958,0.1632
0.0700,0.3896,0.1644
0.1050,0.3809,0.1647
0.1500,0.3718,0.1644
0.2000,0.3735,0.1639
0.2100,0.3623,0.1642
0.1350,0.3567,0.1649
0.0450,0.3455,0.1661
-0.0150,0.3398,0.1676
-0.0450,0.3315,0.1696
-0.0550,0.3315,0.1718
-0.0550,0.3315,0.1749
-0.0550,0.3428,0.1788
-0.0550,0.3623,0.1832
-0.0500,0.3904,0.1881
-0.0350,0.4297,0.1935
-0.0200,0.4719,0.1991
-0.0500,0.5083,0.2057
-0.0600,0.5503,0.2128
-0.0600,0.5867,0.2184
-0.0550,0.6177,0.2231
-0.0400,0.6401,0.2277
-0.0400,0.6541,0.2323
-0.0350,0.6626,0.2360
-0.0350,0.6626,0.2387
-0.0300,0.6570,0.2409
-0.0400,0.6428,0.2426
-0.0350,0.6289,0.2429
-0.0350,0.6091,0.2421
0.0300,0.5896,0.2404
0.4050,0.5671,0.2382
0.0200,0.5447,0.2355
-0.1750,0.5278,0.2326
-0.0550,0.5081,0.2294
-0.0250,0.4971,0.2260
-0.0300,0.4802,0.2226
-0.0300,0.4690,0.2194
-0.0250,0.4578,0.2184
-0.0200,0.4465,0.2187
-0.0150,0.4353,0.2192
-0.0050,0.4241,0.2199
0.0000,0.4158,0.2216
0.0050,0.4072,0.2240
0.0150,0.4016,0.2253
0.0300,0.3933,0.2250
0.0550,0.3848,0.2231
0.0800,0.3792,0.2196
0.1250,0.3708,0.2162
0.1700,0.3623,0.2128
0.2050,0.3540,0.2094
0.1650,0.3455,0.2062
0.0750,0.3398,0.2040
0.0000,0.3286,0.2030
-0.0400,0.3230,0.2047
-0.0500,0.3203,0.2086
-0.0600,0.3230,0.2150
-0.0650,0.3342,0.2236
-0.0650,0.3567,0.2358
-0.0600,0.3877,0.2509
-0.0550,0.4270,0.2680
-0.0150,0.4719,0.2871
-0.0500,0.5110,0.3083
-0.0700,0.5530,0.3315
-0.0700,0.5923,0.3550
-0.0600,0.6260,0.3785
-0.0550,0.6570,0.4019
-0.0550,0.6738,0.4256
-0.0400,0.6851,0.4493
-0.0400,0.6907,0.4730
-0.0350,0.6851,0.4965
-0.0450,0.6765,0.5199
-0.0400,0.6597,0.5421
-0.0400,0.6428,0.5636
-0.0300,0.6233,0.5844
0.2850,0.6008,0.6042
0.3100,0.5811,0.6228
-0.1550,0.5615,0.6401
-0.0850,0.5447,0.6565
-0.0300,0.5305,0.6719
-0.0350,0.5193,0.6868
-0.0350,0.5081,0.7012
-0.0300,0.5000,0.7151
-0.0200,0.4915,0.7290
-0.0200,0.4858,0.7435
-0.0200,0.4775,0.7589
-0.0200,0.4690,0.7747
-0.0100,0.4634,0.7909
-0.0050,0.4551,0.8063
0.0050,0.4495,0.8207
0.0150,0.4409,0.8336
0.0450,0.4353,0.8451
0.0850,0.4297,0.8544
0.1300,0.4214,0.8624
0.1800,0.4128,0.8700
0.1800,0.4072,0.8776
0.1050,0.4016,0.8849
0.0200,0.3933,0.8923
-0.0300,0.3904,0.8984
-0.0550,0.3904,0.9037
-0.0600,0.3960,0.9094
-0.0650,0.4102,0.9155
-0.0650,0.4353,0.9218
-0.0650,0.4690,0.9282
-0.0600,0.5083,0.9338
0.0050,0.5503,0.9384
-0.0450,0.6008,0.9423
-0.0650,0.6514,0.9458
-0.0800,0.6934,0.9480
-0.0700,0.7327,0.9484
-0.0550,0.7637,0.9462
-0.0500,0.7861,0.9416
-0.0450,0.8000,0.9353
-0.0400,0.8086,0.9272
-0.0350,0.8086,0.9169
-0.0400,0.8057,0.9052
-0.0450,0.7944,0.8923
-0.0400,0.7832,0.8781
-0.0400,0.7637,0.8622
0.1600,0.7383,0.8446
0.3950,0.7131,0.8251
-0.1400,0.6851,0.8038
-0.1300,0.6626,0.7823
-0.0350,0.6401,0.7608
-0.0300,0.6177,0.7393
-0.0300,0.5979,0.7181
-0.0300,0.5811,0.6978
-0.0250,0.5642,0.6785
-0.0250,0.5503,0.6609
-0.0200,0.5361,0.6445
-0.0100,0.5249,0.6284
0.0000,0.5137,0.6125
0.0050,0.5027,0.5976
0.0150,0.5000,0.5832
0.0300,0.4915,0.5676
0.0600,0.4858,0.5509
0.0900,0.4746,0.5343
0.1400,0.4690,0.5180
0.1950,0.4578,0.5018
0.2050,0.4465,0.4860
0.1400,0.4409,0.4710
0.0450,0.4297,0.4574
-0.0150,0.4214,0.4454
-0.0500,0.4128,0.4349
-0.0600,0.4102,0.4246
-0.0650,0.4128,0.4141
-0.0650,0.4241,0.4039
-0.0600,0.4438,0.3934
-0.0650,0.4690,0.3831
-0.0450,0.5054,0.3728
-0.0250,0.5447,0.3638
-0.0550,0.5867,0.3552
-0.0800,0.6289,0.3464
-0.0750,0.6653,0.3376
-0.0650,0.6990,0.3296
-0.0550,0.7214,0.3220
-0.0550,0.7383,0.3152
-0.0450,0.7439,0.3083
-0.0500,0.7439,0.3012
-0.0450,0.7383,0.2934
-0.0550,0.7244,0.2861
-0.0550,0.7075,0.2793
-0.0500,0.6851,0.2717
0.0000,0.6626,0.2639
0.3700,0.6345,0.2556
0.0400,0.6091,0.2473
-0.2000,0.5840,0.2389
-0.0750,0.5615,0.2309
-0.0400,0.5391,0.2248
-0.0400,0.5222,0.2204
-0.0350,0.5081,0.2172
-0.0350,0.4971,0.2152
-0.0350,0.4858,0.2140
-0.0300,0.4746,0.2138
-0.0200,0.4634,0.2145
-0.0150,0.4521,0.2165
-0.0050,0.4409,0.2182
0.0050,0.4326,0.2196
0.0150,0.4241,0.2199
0.0450,0.4158,0.2192
0.0800,0.4072,0.2179
0.1200,0.3960,0.2160
0.1750,0.3904,0.2128
0.2050,0.3792,0.2084
0.1600,0.3679,0.2045
0.0700,0.3567,0.2008
-0.0050,0.3484,0.1984
-0.0500,0.3398,0.1969
-0.0700,0.3315,0.1962
-0.0750,0.3315,0.1962
-0.0750,0.3372,0.1964
-0.0750,0.3511,0.1972
-0.0750,0.3765,0.1981
-0.0700,0.4072,0.1994
-0.0400,0.4465,0.2016
-0.0600,0.4858,0.2047
-0.0800,0.5193,0.2084
-0.0800,0.5586,0.2123
-0.0750,0.5867,0.2157
-0.0700,0.6121,0.2184
-0.0650,0.6260,0.2209
-0.0600,0.6345,0.2228
-0.0600,0.6345,0.2243
-0.0550,0.6260,0.2258
-0.0600,0.6147,0.2270
-0.0600,0.6008,0.2280
-0.0600,0.5811,0.2277
-0.0600,0.5615,0.2265
0.1650,0.5391,0.2238
0.3200,0.5166,0.2199
-0.1850,0.5000,0.2160
-0.1400,0.4832,0.2123
-0.0500,0.4663,0.2099
-0.0500,0.4521,0.2084
-0.0450,0.4409,0.2077
-0.0400,0.4297,0.2074
-0.0350,0.4185,0.2086
-0.0300,0.4072,0.2108
-0.0300,0.4016,0.2128
-0.0250,0.3904,0.2148
-0.0150,0.3848,0.2174
-0.0100,0.3735,0.2204
0.0050,0.3652,0.2231
0.0200,0.3567,0.2253
0.0450,0.3455,0.2260
0.0850,0.3398,0.2255
0.1350,0.3286,0.2233
0.1800,0.3203,0.2199
0.1900,0.3118,0.2165
0.1150,0.3005,0.2130
0.0250,0.2949,0.2096
-0.0350,0.2866,0.2065
-0.0650,0.2810,0.2043
-0.0750,0.2837,0.2033
-0.0800,0.2893,0.2047
-0.0800,0.3091,0.2084
-0.0800,0.3342,0.2135
-0.0750,0.3735,0.2199
-0.0600,0.4158,0.2270
-0.0600,0.4607,0.2343
-0.0800,0.5027,0.2414
-0.0950,0.5417,0.2480
-0.0850,0.5754,0.2538
-0.0750,0.6008,0.2595
-0.0700,0.6204,0.2639
-0.0650,0.6316,0.2670
-0.0600,0.6345,0.2685
-0.0600,0.6316,0.2688
-0.0650,0.6204,0.2688
-0.0700,0.6035,0.2685
-0.0600,0.5867,0.2673
-0.0650,0.5671,0.2651
0.0200,0.5447,0.2624
0.3900,0.5222,0.2590
-0.0400,0.5054,0.2556
-0.2000,0.4915,0.2516
-0.0800,0.4746,0.2477
-0.0550,0.4578,0.2441
-0.0500,0.4465,0.2421
-0.0500,0.4353,0.2419
-0.0450,0.4241,0.2429
-0.0450,0.4128,0.2451
-0.0400,0.4045,0.2509
-0.0300,0.3960,0.2602
-0.0250,0.3848,0.2707
-0.0200,0.3792,0.2822
-0.0150,0.3708,0.2954
0.0050,0.3623,0.3098
0.0200,0.3567,0.3232
0.0500,0.3484,0.3359
0.0900,0.3398,0.3501
0.1350,0.3342,0.3655
0.1750,0.3259,0.3826
0.1350,0.3174,0.4014
0.0500,0.3091,0.4217
-0.0200,0.3035,0.4430
-0.0600,0.3005,0.4657
-0.0750,0.3035,0.4899
-0.0800,0.3118,0.5150
-0.0800,0.3342,0.5404
-0.0800,0.3652,0.5656
-0.0750,0.4045,0.5905
-0.0700,0.4495,0.6162
-0.0300,0.4971,0.6421
-0.0700,0.5391,0.6672
-0.0900,0.5840,0.6919
-0.0850,0.6204,0.7151
-0.0750,0.6316,0.7369
-0.0650,0.6570,0.7576
-0.0700,0.6794,0.7774
-0.0550,0.6934,0.7957
-0.0600,0.6963,0.8126
-0.0450,0.6963,0.8285
-0.0600,0.6877,0.8434
-0.0550,0.6765,0.8578
-0.0500,0.6597,0.8717
-0.0350,0.6401,0.8852
0.3200,0.6177,0.8981
0.2700,0.6008,0.9098
-0.1650,0.5784,0.9204
-0.0950,0.5615,0.9301
-0.0500,0.5474,0.9392
-0.0500,0.5305,0.9477
-0.0500,0.5193,0.9560
-0.0500,0.5081,0.9638
-0.0450,0.5000,0.9717
-0.0450,0.4971,0.9790
-0.0350,0.4888,0.9863
-0.0300,0.4802,0.9936
-0.0200,0.4746,1.0000
-0.0150,0.4690,1.0000
-0.0050,0.4607,1.0000
0.0150,0.4551,1.0000
0.0400,0.4495,1.0000
0.0800,0.4438,1.0000
0.1300,0.4343,1.0000
0.1800,0.4255,1.0000
0.1750,0.4194,1.0000
0.0950,0.4106,1.0000
0.0100,0.4048,1.0000
-0.0400,0.3987,0.9973
-0.0650,0.3987,0.9878
-0.0750,0.3987,0.9765
-0.0750,0.4136,0.9638
-0.0700,0.4343,0.9487
-0.0700,0.4670,0.9321
-0.0650,0.5027,0.9150
-0.0200,0.5474,0.8979
-0.0500,0.5950,0.8808
-0.0750,0.6455,0.8634
-0.0850,0.6902,0.8451
-0.0700,0.7290,0.8260
-0.0550,0.7617,0.8063
-0.0600,0.7854,0.7862
-0.0550,0.8005,0.7657
-0.0550,0.8093,0.7449
-0.0500,0.8064,0.7239
-0.0600,0.7944,0.7029
-0.0650,0.7795,0.6831
-0.0600,0.7617,0.6638
-0.0600,0.7378,0.6443
0.1600,0.7141,0.6245
0.3250,0.6843,0.6054
-0.1800,0.6575,0.5871
-0.1400,0.6306,0.5693
-0.0500,0.6099,0.5519
-0.0450,0.5891,0.5360
-0.0450,0.5713,0.5214
-0.0400,0.5535,0.5075
-0.0400,0.5386,0.4945
-0.0300,0.5237,0.4820
-0.0250,0.5146,0.4701
-0.0150,0.5029,0.4583
-0.0100,0.4968,0.4469
-0.0050,0.4849,0.4368
0.0100,0.4790,0.4276
0.0250,0.4670,0.4171
0.0500,0.4553,0.4056
0.0900,0.4463,0.3931
0.1400,0.4373,0.3799
0.1900,0.4255,0.3662
0.1950,0.4136,0.3526
0.1200,0.4048,0.3396
0.0250,0.3958,0.3271
-0.0350,0.3838,0.3154
-0.0600,0.3779,0.3039
-0.0700,0.3750,0.2939
-0.0750,0.3838,0.2854
-0.0750,0.3987,0.2775
-0.0700,0.4224,0.2705
-0.0750,0.4551,0.2651
-0.0550,0.4910,0.2607
-0.0400,0.5295,0.2563
-0.0700,0.5742,0.2521
-0.0850,0.6128,0.2490
-0.0800,0.6455,0.2465
-0.0750,0.6724,0.2438
-0.0650,0.6794,0.2407
-0.0600,0.6877,0.2372
-0.0550,0.6907,0.2338
-0.0550,0.6821,0.2304
-0.0500,0.6709,0.2270
-0.0600,0.6541,0.2236
-0.0550,0.6345,0.2199
-0.0550,0.6121,0.2152
0.0000,0.5867,0.2099
0.3700,0.5615,0.2052
0.0250,0.5391,0.2008
-0.2050,0.5222,0.1969
-0.0700,0.5027,0.1933
-0.0350,0.4888,0.1898
-0.0350,0.4746,0.1869
-0.0350,0.4578,0.1852
-0.0300,0.4465,0.1845
-0.0300,0.4353,0.1842
-0.0250,0.4241,0.1847
-0.0200,0.4128,0.1854
-0.0150,0.4072,0.1864
-0.0050,0.3960,0.1876
0.0000,0.3877,0.1889
0.0150,0.3792,0.1893
0.0350,0.3679,0.1891
0.0650,0.3623,0.1881
0.1100,0.3511,0.1867
0.1650,0.3428,0.1852
0.2000,0.3342,0.1832
0.1550,0.3230,0.1813
0.0700,0.3147,0.1796
-0.0050,0.3062,0.1786
-0.0550,0.2979,0.1784
-0.0700,0.2979,0.1788
-0.0750,0.3005,0.1798
-0.0800,0.3118,0.1820
-0.0750,0.3315,0.1854
-0.0750,0.3623,0.1906
-0.0800,0.3989,0.1969
-0.0500,0.4382,0.2033
-0.0650,0.4802,0.2096
-0.0800,0.5137,0.2167
-0.0850,0.5278,0.2240
-0.0800,0.5559,0.2309
-0.0700,0.5840,0.2372
-0.0700,0.6008,0.2431
-0.0650,0.6121,0.2487
-0.0650,0.6121,0.2531
-0.0600,0.6091,0.2565
-0.0700,0.5979,0.2602
-0.0700,0.5840,0.2639
-0.0650,0.5671,0.2658
-0.0700,0.5447,0.2661
0.1800,0.5222,0.2651
0.3000,0.5027,0.2634
-0.1950,0.4858,0.2607
-0.1350,0.4663,0.2575
-0.0500,0.4495,0.2541
-0.0500,0.4353,0.2504
-0.0450,0.4214,0.2465
-0.0400,0.4072,0.2429
-0.0400,0.3960,0.2402
-0.0300,0.3904,0.2382
-0.0200,0.3792,0.2377
-0.0200,0.3708,0.2385
-0.0150,0.3623,0.2402
-0.0100,0.3567,0.2426
0.0050,0.3484,0.2446
0.0200,0.3428,0.2460
0.0400,0.3342,0.2473
0.0800,0.3286,0.2480
0.1250,0.3203,0.2475
0.1750,0.3118,0.2460
0.1750,0.3062,0.2451
0.1050,0.2949,0.2441
0.0250,0.2893,0.2424
-0.0350,0.2837,0.2404
-0.0650,0.2810,0.2387
-0.0750,0.2837,0.2375
-0.0750,0.2922,0.2358
-0.0750,0.3118,0.2336
-0.0750,0.3398,0.2309
-0.0750,0.3765,0.2280
-0.0600,0.4214,0.2250
-0.0550,0.4663,0.2216
-0.0750,0.5110,0.2182
-0.0900,0.5530,0.2150
-0.0800,0.5923,0.2118
-0.0750,0.6204,0.2086
-0.0700,0.6428,0.2065
-0.0700,0.6597,0.2052
-0.0650,0.6626,0.2047
-0.0600,0.6626,0.2050
-0.0650,0.6541,0.2062
-0.0700,0.6428,0.2089
-0.0700,0.6260,0.2133
-0.0700,0.6064,0.2189
0.0200,0.5840,0.2255
0.3950,0.5615,0.2331
-0.0500,0.5447,0.2421
-0.1850,0.5222,0.2524
-0.0750,0.5054,0.2648
-0.0600,0.4944,0.2790
-0.0600,0.4802,0.2956
-0.0550,0.4690,0.3140
-0.0500,0.4578,0.3337
-0.0450,0.4465,0.3545
-0.0350,0.4382,0.3770
-0.0300,0.4297,0.4009
-0.0300,0.4241,0.4249
-0.0200,0.4158,0.4491
-0.0150,0.4102,0.4742
0.0000,0.4016,0.4999
0.0200,0.3960,0.5241
0.0450,0.3904,0.5465
0.0850,0.3821,0.5671
0.1350,0.3765,0.5864
0.1750,0.3679,0.6049
0.1350,0.3623,0.6237
0.0450,0.3567,0.6433
-0.0250,0.3511,0.6633
-0.0550,0.3484,0.6819
-0.0750,0.3391,0.6992
-0.0800,0.3481,0.7168
-0.0750,0.3628,0.7339
-0.0750,0.3896,0.7491
-0.0700,0.4253,0.7625
-0.0550,0.4700,0.7757
-0.0250,0.5146,0.7889
-0.0700,0.5652,0.8016
-0.0900,0.6128,0.8143
-0.0850,0.6575,0.8258
-0.0700,0.6931,0.8363
-0.0600,0.7229,0.8463
-0.0550,0.7439,0.8554
-0.0450,0.7559,0.8629
-0.0450,0.7559,0.8695
-0.0350,0.7527,0.8749
-0.0500,0.7410,0.8798
-0.0450,0.7290,0.8849
-0.0450,0.7080,0.8908
-0.0150,0.6902,0.8969
0.3700,0.6665,0.9030
0.2300,0.6487,0.9084
-0.1500,0.6306,0.9133
-0.0700,0.6128,0.9184
-0.0350,0.5981,0.9238
-0.0400,0.5801,0.9277
-0.0400,0.5684,0.9296
-0.0300,0.5564,0.9296
-0.0300,0.5505,0.9277
-0.0250,0.5386,0.9245
-0.0200,0.5295,0.9201
-0.0100,0.5208,0.9140
-0.0100,0.5146,0.9059
-0.0050,0.5029,0.8949
0.0050,0.5000,0.8810
0.0250,0.4939,0.8642
0.0500,0.4849,0.8451
0.0900,0.4790,0.8241
0.1450,0.4702,0.8019
0.1950,0.4612,0.7786
0.1750,0.4553,0.7547
0.0900,0.4434,0.7310
0.0100,0.4373,0.7083
-0.0400,0.4343,0.6868
-0.0650,0.4343,0.6665
-0.0700,0.4373,0.6484
-0.0700,0.4553,0.6316
-0.0700,0.4819,0.6150
-0.0700,0.4910,0.5986
-0.0650,0.5176,0.5825
-0.0200,0.5652,0.5663
-0.0500,0.6128,0.5502
-0.0700,0.6606,0.5343
-0.0800,0.7083,0.5194
-0.0700,0.7468,0.5053
-0.0600,0.7795,0.4911
-0.0650,0.8035,0.4764
-0.0600,0.8184,0.4618
-0.0600,0.8271,0.4469
-0.0500,0.8242,0.4329
-0.0550,0.8123,0.4197
-0.0600,0.7915,0.4073
-0.0550,0.7646,0.3953
-0.0550,0.7349,0.3848
0.1750,0.7051,0.3750
0.3300,0.6724,0.3645
-0.1800,0.6426,0.3528
-0.1350,0.6128,0.3416
-0.0400,0.5891,0.3306
-0.0350,0.5652,0.3210
-0.0350,0.5444,0.3125
-0.0300,0.5266,0.3047
-0.0300,0.5146,0.2976
-0.0300,0.5000,0.2910
-0.0250,0.4910,0.2849
-0.0200,0.4849,0.2800
-0.0150,0.4731,0.2761
-0.0050,0.4612,0.2722
0.0100,0.4553,0.2678
0.0250,0.4434,0.2622
0.0500,0.4314,0.2556
0.0900,0.4226,0.2485
0.1400,0.4136,0.2411
0.1850,0.4016,0.2336
0.1900,0.3896,0.2260
0.1150,0.3779,0.2204
0.0200,0.3660,0.2162
-0.0400,0.3540,0.2126
-0.0700,0.3481,0.2091
-0.0800,0.3452,0.2067
-0.0800,0.3452,0.2052
-0.0800,0.3540,0.2045
-0.0750,0.3748,0.2045
-0.0750,0.4016,0.2057
-0.0550,0.4404,0.2079
-0.0450,0.4819,0.2099
-0.0750,0.5176,0.2118
-0.0900,0.5623,0.2135
-0.0800,0.5979,0.2150
-0.0750,0.6248,0.2165
-0.0700,0.6458,0.2177
-0.0700,0.6575,0.2179
-0.0650,0.6606,0.2172
-0.0600,0.6575,0.2157
-0.0550,0.6487,0.2138
-0.0650,0.6338,0.2116
-0.0650,0.6128,0.2091
-0.0650,0.5891,0.2067
0.0000,0.5652,0.2038
0.3750,0.5415,0.2011
0.0100,0.5176,0.1981
-0.2050,0.5029,0.1955
-0.0750,0.4968,0.1925
-0.0450,0.4819,0.1889
-0.0450,0.4626,0.1845
-0.0450,0.4431,0.1806
-0.0350,0.4285,0.1771
-0.0300,0.4106,0.1749
-0.0300,0.3987,0.1740
-0.0200,0.3867,0.1737
-0.0150,0.3779,0.1744
-0.0100,0.3689,0.1764
0.0050,0.3679,0.1793
0.0200,0.3596,0.1823
0.0400,0.3511,0.1849
0.0700,0.3455,0.1874
0.1100,0.3342,0.1898
0.1650,0.3286,0.1930
0.1950,0.3174,0.1969
0.1600,0.3118,0.2013
0.0650,0.3035,0.2062
-0.0100,0.2979,0.2123
-0.0500,0.2979,0.2192
-0.0650,0.3005,0.2255
-0.0700,0.3118,0.2316
-0.0650,0.3315,0.2375
-0.0700,0.3623,0.2429
-0.0650,0.3989,0.2482
-0.0700,0.4438,0.2534
-0.0350,0.4832,0.2582
-0.0650,0.5222,0.2631
-0.0800,0.5586,0.2680
-0.0800,0.5896,0.2727
-0.0700,0.6121,0.2763
-0.0600,0.6260,0.2793
-0.0600,0.6316,0.2824
-0.0500,0.6316,0.2859
-0.0500,0.6260,0.2885
-0.0400,0.6121,0.2907
-0.0600,0.5952,0.2944
-0.0600,0.5784,0.2998
-0.0550,0.5559,0.3083
-0.0550,0.5334,0.3188
0.2000,0.5166,0.3296
0.3000,0.4971,0.3394
-0.1850,0.4832,0.3450
-0.1200,0.4663,0.3462
-0.0450,0.4521,0.3418
-0.0400,0.4353,0.3325
-0.0400,0.4241,0.3196
-0.0300,0.4128,0.3042
-0.0250,0.4016,0.2898
-0.0250,0.3933,0.2766
-0.0200,0.3848,0.2666
-0.0100,0.3735,0.2587
-0.0050,0.3652,0.2529
0.0000,0.3567,0.2485
0.0100,0.3484,0.2433
0.0300,0.3398,0.2375
0.0550,0.3286,0.2331
0.0950,0.3230,0.2299
0.1400,0.3118,0.2277
0.1900,0.3005,0.2262
0.1900,0.2949,0.2253
0.1200,0.2837,0.2248
0.0350,0.2754,0.2245
-0.0150,0.2754,0.2248
-0.0500,0.2781,0.2260
-0.0550,0.2949,0.2282
-0.0700,0.3230,0.2321
-0.0650,0.3567,0.2377
-0.0650,0.3989,0.2463
-0.0650,0.4495,0.2575
-0.0350,0.4941,0.2707
-0.0450,0.5391,0.2854
-0.0700,0.5811,0.3025
-0.0800,0.6147,0.3208
-0.0700,0.6428,0.3396
-0.0600,0.6626,0.3587
-0.0550,0.6738,0.3789
-0.0500,0.6794,0.3997
-0.0450,0.6738,0.4215
-0.0350,0.6653,0.4437
-0.0350,0.6484,0.4662
-0.0400,0.6289,0.4886
-0.0400,0.6064,0.5104
-0.0400,0.5867,0.5314
0.0800,0.5671,0.5517
0.4550,0.5474,0.5717
-0.0200,0.5305,0.5925
-0.1300,0.5137,0.6135
-0.0350,0.5027,0.6340
-0.0300,0.4971,0.6538
-0.0300,0.4858,0.6733
-0.0250,0.4802,0.6924
-0.0250,0.4690,0.7122
-0.0200,0.4634,0.7327
-0.0150,0.4551,0.7525
-0.0100,0.4465,0.7718
-0.0050,0.4409,0.7906
0.0050,0.4353,0.8089
0.0150,0.4270,0.8260
0.0300,0.4214,0.8417
0.0450,0.4128,0.8546
0.0750,0.4072,0.8651
0.1150,0.4016,0.8747
0.1700,0.3960,0.8837
0.2050,0.3877,0.8923
0.1600,0.3821,0.9006
0.0700,0.3792,0.9086
0.0000,0.3792,0.9164
-0.0350,0.3877,0.9243
-0.0500,0.4045,0.9316
-0.0500,0.4326,0.9377
-0.0500,0.4690,0.9431
-0.0500,0.5083,0.9487
-0.0450,0.5559,0.9548
-0.0150,0.6064,0.9621
0.0000,0.6570,0.9704
-0.0500,0.7019,0.9785
-0.0650,0.7383,0.9861
-0.0600,0.7693,0.9924
-0.0450,0.7917,0.9976
-0.0300,0.8057,1.0000
-0.0300,0.8142,1.0000
-0.0250,0.8142,1.0000
-0.0300,0.8086,0.9968
-0.0200,0.8000,0.9907
-0.0350,0.7861,0.9827
-0.0300,0.7693,0.9717
-0.0300,0.7468,0.9580
0.0200,0.7188,0.9433
0.4100,0.6934,0.9279
0.1100,0.6682,0.9108
-0.1650,0.6458,0.8925
-0.0500,0.6233,0.8734
-0.0150,0.6035,0.8539
-0.0200,0.5840,0.8348
-0.0200,0.5698,0.8158
-0.0200,0.5530,0.7965
-0.0200,0.5417,0.7767
-0.0150,0.5305,0.7586
-0.0100,0.5166,0.7420
-0.0050,0.5081,0.7254
0.0000,0.5000,0.7088
0.0100,0.4971,0.6909
0.0250,0.4915,0.6721
0.0450,0.4802,0.6518
0.0750,0.4719,0.6301
0.1100,0.4634,0.6074
0.1650,0.4521,0.5839
0.2100,0.4409,0.5612
0.1800,0.4297,0.5392
0.0950,0.4214,0.5194
0.0100,0.4128,0.5018
-0.0400,0.4102,0.4860
-0.0550,0.4128,0.4710
-0.0650,0.4214,0.4561
-0.0650,0.4438,0.4410
-0.0600,0.4746,0.4258
-0.0600,0.5110,0.4109
-0.0600,0.5559,0.3970
-0.0150,0.6008,0.3843
-0.0450,0.6428,0.3741
-0.0700,0.6821,0.3662
-0.0700,0.7131,0.3611
-0.0600,0.7383,0.3579
-0.0550,0.7551,0.3548
-0.0550,0.7607,0.3506
-0.0500,0.7581,0.3442
-0.0400,0.7495,0.3357
-0.0350,0.7356,0.3257
-0.0500,0.7188,0.3147
-0.0500,0.6963,0.3027
-0.0500,0.6682,0.2898
-0.0450,0.6401,0.2758
0.2000,0.6121,0.2607
0.3100,0.5896,0.2451
-0.1850,0.5615,0.2292
-0.1200,0.5417,0.2143
-0.0300,0.5249,0.2001
-0.0350,0.5081,0.1886
-0.0350,0.5000,0.1796
-0.0300,0.4858,0.1735
-0.0200,0.4746,0.1696
-0.0150,0.4663,0.1671
-0.0150,0.4578,0.1661
-0.0100,0.4465,0.1671
0.0000,0.4382,0.1693
0.0100,0.4297,0.1718
0.0200,0.4185,0.1740
0.0400,0.4128,0.1740
0.0700,0.4016,0.1727
0.1100,0.3904,0.1710
0.1600,0.3792,0.1691
0.2050,0.3679,0.1664
0.2000,0.3596,0.1630
0.1200,0.3511,0.1608
0.0300,0.3472,0.1600
-0.0250,0.3418,0.1598
-0.0500,0.3391,0.1605
-0.0600,0.3472,0.1615
-0.0650,0.3660,0.1632
-0.0600,0.3901,0.1659
-0.0600,0.4248,0.1698
-0.0550,0.4624,0.1744
-0.0450,0.5024,0.1793
-0.0350,0.5400,0.1835
-0.0600,0.5750,0.1874
-0.0750,0.6042,0.1915
-0.0650,0.6257,0.1962
-0.0600,0.6418,0.2001
-0.0550,0.6445,0.2033
-0.0500,0.6445,0.2060
-0.0500,0.6365,0.2084
-0.0450,0.6257,0.2104
-0.0500,0.6069,0.2121
-0.0550,0.5908,0.2128
-0.0550,0.5696,0.2126
-0.0500,0.5481,0.2113
0.0200,0.5266,0.2096
0.3850,0.5051,0.2065
0.0050,0.4893,0.2025
-0.1850,0.4731,0.1986
-0.0600,0.4597,0.1952
-0.0350,0.4490,0.1918
-0.0350,0.4355,0.1889
-0.0350,0.4275,0.1871
-0.0300,0.4167,0.1862
-0.0250,0.4062,0.1859
-0.0150,0.4009,0.1862
-0.0100,0.3901,0.1879
-0.0100,0.3848,0.1908
0.0000,0.3767,0.1933
0.0100,0.3687,0.1955
0.0300,0.3633,0.1967
0.0450,0.3525,0.1969
0.0800,0.3472,0.1962
0.1250,0.3364,0.1950
0.1750,0.3311,0.1935
0.2050,0.3206,0.1918
0.1550,0.3125,0.1911
0.0700,0.3044,0.1906
-0.0100,0.3018,0.1898
-0.0450,0.3018,0.1889
-0.0650,0.3098,0.1884
-0.0650,0.3230,0.1884
-0.0700,0.3499,0.1889
-0.0650,0.3821,0.1898
-0.0650,0.4248,0.1908
-0.0600,0.4678,0.1925
-0.0400,0.5078,0.1959
-0.0600,0.5427,0.2008
-0.0750,0.5776,0.2050
-0.0750,0.6016,0.2086
-0.0700,0.6204,0.2126
-0.0550,0.6311,0.2170
-0.0600,0.6338,0.2214
-0.0550,0.6311,0.2260
-0.0550,0.6204,0.2297
-0.0450,0.6121,0.2326
-0.0550,0.5923,0.2348
-0.0550,0.5728,0.2363
-0.0500,0.5503,0.2355
-0.0500,0.5278,0.2328
0.2400,0.5054,0.2299
0.2600,0.4944,0.2270
-0.1950,0.4746,0.2236
-0.1050,0.4578,0.2201
-0.0400,0.4438,0.2170
-0.0400,0.4297,0.2138
-0.0400,0.4185,0.2116
-0.0350,0.4072,0.2104
-0.0300,0.3989,0.2096
-0.0300,0.3904,0.2094
-0.0250,0.3821,0.2106
-0.0200,0.3735,0.2130
-0.0150,0.3679,0.2172
-0.0100,0.3596,0.2231
0.0050,0.3511,0.2306
0.0200,0.3428,0.2397
0.0400,0.3342,0.2502
0.0800,0.3286,0.2617
0.1250,0.3174,0.2749
0.1750,0.3118,0.2898
0.1750,0.3035,0.3069
0.1050,0.2979,0.3257
0.0250,0.2922,0.3455
-0.0350,0.2979,0.3665
-0.0600,0.3062,0.3882
-0.0700,0.3286,0.4105
-0.0700,0.3596,0.4342
-0.0650,0.3989,0.4591
-0.0700,0.4465,0.4835
-0.0650,0.4941,0.5079
-0.0300,0.5391,0.5319
-0.0500,0.5784,0.5556
-0.0750,0.6147,0.5783
-0.0850,0.6458,0.6000
-0.0750,0.6682,0.6220
-0.0600,0.6821,0.6440
-0.0500,0.6877,0.6665
-0.0450,0.6877,0.6887
-0.0400,0.6851,0.7100
-0.0250,0.6765,0.7305
-0.0300,0.6653,0.7503
-0.0400,0.6458,0.7696
-0.0300,0.6289,0.7884
-0.0350,0.6064,0.8067
0.1250,0.5896,0.8238
0.4800,0.5698,0.8397
-0.0350,0.5530,0.8549
-0.1100,0.5361,0.8693
-0.0300,0.5249,0.8820
-0.0250,0.5137,0.8937
-0.0300,0.5027,0.9054
-0.0250,0.4971,0.9169
-0.0250,0.4888,0.9262
-0.0250,0.4802,0.9343
-0.0250,0.4746,0.9416
-0.0200,0.4663,0.9489
-0.0100,0.4607,0.9550
-0.0050,0.4492,0.9602
0.0000,0.4434,0.9646
0.0150,0.4343,0.9685
0.0350,0.4285,0.9719
0.0650,0.4194,0.9751
0.1100,0.4136,0.9790
0.1650,0.4048,0.9836
0.1950,0.3958,0.9888
0.1400,0.3896,0.9941
0.0550,0.3867,1.0000
-0.0150,0.3867,1.0000
-0.0500,0.3896,1.0000
-0.0650,0.4045,1.0000
-0.0650,0.4285,1.0000
-0.0650,0.4612,1.0000
-0.0600,0.5027,1.0000
-0.0550,0.5535,1.0000
-0.0300,0.6040,1.0000
-0.0200,0.6545,0.9905
-0.0600,0.7021,0.9748
-0.0800,0.7407,0.9563
-0.0750,0.7737,0.9345
-0.0650,0.7974,0.9106
-0.0550,0.8123,0.8847
-0.0550,0.8154,0.8573
-0.0450,0.8123,0.8300
-0.0450,0.8035,0.8026
-0.0400,0.7886,0.7745
-0.0500,0.7676,0.7459
-0.0450,0.7439,0.7198
-0.0400,0.7170,0.6958
0.0300,0.6902,0.6726
0.4000,0.6604,0.6501
0.0100,0.6367,0.6301
-0.1850,0.6128,0.6123
-0.0600,0.5891,0.5971
-0.0350,0.5713,0.5839
-0.0300,0.5535,0.5727
-0.0300,0.5354,0.5624
-0.0300,0.5208,0.5522
-0.0250,0.5088,0.5417
-0.0200,0.5000,0.5299
-0.0150,0.4910,0.5172
-0.0100,0.4790,0.5050
0.0000,0.4670,0.4928
0.0050,0.4583,0.4801
0.0200,0.4492,0.4667
0.0500,0.4373,0.4527
0.0850,0.4255,0.4383
0.1250,0.4194,0.4227
0.1800,0.4077,0.4061
0.2150,0.3958,0.3907
0.1700,0.3838,0.3767
0.0750,0.3750,0.3635
-0.0050,0.3689,0.3513
-0.0400,0.3689,0.3418
-0.0550,0.3718,0.3342
-0.0650,0.3926,0.3274
-0.0650,0.4165,0.3210
-0.0650,0.4492,0.3159
-0.0600,0.4910,0.3118
-0.0600,0.5295,0.3076
-0.0200,0.5671,0.3032
-0.0450,0.6035,0.2988
-0.0650,0.6345,0.2939
-0.0700,0.6570,0.2890
-0.0650,0.6709,0.2841
-0.0550,0.6794,0.2780
-0.0500,0.6765,0.2712
-0.0400,0.6709,0.2648
-0.0450,0.6541,0.2585
-0.0350,0.6372,0.2507
-0.0500,0.6177,0.2416
-0.0500,0.5952,0.2328
-0.0450,0.5728,0.2240
-0.0450,0.5503,0.2157
0.2100,0.5278,0.2074
0.2900,0.5081,0.1996
-0.1900,0.4971,0.1918
-0.1150,0.4802,0.1845
-0.0300,0.4663,0.1774
-0.0350,0.4521,0.1713
-0.0350,0.4409,0.1664
-0.0300,0.4297,0.1634
-0.0250,0.4185,0.1617
-0.0250,0.4072,0.1610
-0.0200,0.3960,0.1613
-0.0150,0.3904,0.1620
-0.0100,0.3792,0.1634
0.0000,0.3679,0.1652
0.0150,0.3623,0.1669
0.0350,0.3511,0.1678
0.0600,0.3398,0.1678
0.0950,0.3342,0.1664
0.1500,0.3230,0.1639
0.1950,0.3118,0.1615
0.1900,0.3062,0.1591
0.1100,0.2949,0.1559
0.0200,0.2893,0.1522
-0.0300,0.2866,0.1500
-0.0600,0.2893,0.1493
-0.0700,0.3035,0.1495
-0.0700,0.3259,0.1505
-0.0650,0.3567,0.1529
-0.0650,0.3960,0.1564
-0.0600,0.4382,0.1598
-0.0500,0.4775,0.1632
-0.0400,0.5110,0.1674
-0.0650,0.5447,0.1720
-0.0800,0.5671,0.1781
-0.0750,0.5867,0.1854
-0.0650,0.5979,0.1925
-0.0650,0.6008,0.1994
-0.0600,0.5923,0.2057
-0.0550,0.5840,0.2118
-0.0500,0.5784,0.2170
-0.0500,0.5754,0.2206
-0.0550,0.5615,0.2226
-0.0550,0.5447,0.2233
-0.0500,0.5222,0.2231
0.0350,0.5027,0.2218
0.4000,0.4832,0.2189
-0.0300,0.4663,0.2150
-0.1800,0.4465,0.2111
-0.0600,0.4297,0.2074
-0.0400,0.4128,0.2040
-0.0350,0.4016,0.2008
-0.0300,0.3904,0.1986
-0.0300,0.3792,0.1974
-0.0250,0.3679,0.1969
-0.0250,0.3567,0.1972
-0.0150,0.3484,0.1986
-0.0100,0.3398,0.2013
-0.0050,0.3342,0.2047
0.0050,0.3259,0.2084
0.0200,0.3203,0.2106
0.0400,0.3118,0.2113
0.0700,0.3062,0.2099
0.1150,0.2979,0.2072
0.1650,0.2893,0.2043
0.1950,0.2810,0.2013
0.1550,0.2725,0.1984
0.0650,0.2698,0.1957
-0.0100,0.2642,0.1940
-0.0500,0.2668,0.1930
-0.0600,0.2725,0.1928
-0.0600,0.2837,0.1930
-0.0700,0.3062,0.1947
-0.0700,0.3398,0.1974
-0.0650,0.3765,0.2011
-0.0600,0.4214,0.2052
-0.0350,0.4690,0.2096
-0.0550,0.5110,0.2145
-0.0750,0.5503,0.2194
-0.0700,0.5867,0.2243
-0.0650,0.6121,0.2292
-0.0550,0.6289,0.2341
-0.0600,0.6401,0.2389
-0.0500,0.6401,0.2436
-0.0500,0.6372,0.2460
-0.0400,0.6260,0.2468
-0.0550,0.6091,0.2463
-0.0600,0.5896,0.2448
-0.0550,0.5698,0.2436
-0.0450,0.5503,0.2429
0.2850,0.5278,0.2433
0.2150,0.5054,0.2451
-0.1950,0.4915,0.2485
-0.0950,0.4746,0.2536
-0.0400,0.4607,0.2609
-0.0400,0.4465,0.2702
-0.0400,0.4353,0.2815
-0.0350,0.4241,0.2949
-0.0300,0.4158,0.3108
-0.0300,0.4072,0.3289
-0.0200,0.3960,0.3494
-0.0200,0.3904,0.3719
-0.0150,0.3821,0.3958
-0.0100,0.3765,0.4207
-0.0050,0.3679,0.4456
0.0150,0.3623,0.4698
0.0400,0.3567,0.4930
0.0750,0.3484,0.5153
0.1250,0.3428,0.5365
0.1700,0.3342,0.5570
0.1700,0.3286,0.5771
0.0900,0.3093,0.5964
0.0150,0.3035,0.6142
-0.0350,0.2976,0.6313
-0.0600,0.3035,0.6484
-0.0700,0.3123,0.6658
-0.0700,0.3333,0.6834
-0.0700,0.3660,0.7010
-0.0700,0.4106,0.7185
-0.0600,0.4583,0.7361
-0.0050,0.5088,0.7537
-0.0500,0.5535,0.7713
-0.0650,0.5979,0.7889
-0.0800,0.6396,0.8060
-0.0750,0.6724,0.8212
-0.0550,0.6963,0.8344
-0.0500,0.7112,0.8463
-0.0400,0.7202,0.8571
-0.0400,0.7202,0.8659
-0.0350,0.7112,0.8734
-0.0400,0.6992,0.8808
-0.0450,0.6814,0.8881
-0.0400,0.6636,0.8954
-0.0450,0.6426,0.9028
0.1600,0.6248,0.9101
0.4600,0.6069,0.9172
-0.0750,0.5862,0.9243
-0.1050,0.5742,0.9313
-0.0350,0.5564,0.9372
-0.0300,0.5476,0.9423
-0.0400,0.5386,0.9465
-0.0350,0.5266,0.9502
-0.0300,0.5208,0.9524
-0.0250,0.5117,0.9533
-0.0250,0.5059,0.9524
-0.0200,0.5000,0.9497
-0.0150,0.4968,0.9460
-0.0100,0.4910,0.9409
0.0000,0.4880,0.9321
0.0150,0.4819,0.9201
0.0400,0.4761,0.9057
0.0700,0.4670,0.8893
0.1150,0.4612,0.8705
0.1750,0.4553,0.8497
0.1950,0.4434,0.8275
0.1350,0.4373,0.8043
0.0400,0.4285,0.7804
-0.0250,0.4226,0.7562
-0.0600,0.4255,0.7334
-0.0700,0.4314,0.7122
-0.0700,0.4521,0.6919
-0.0650,0.4790,0.6726
-0.0650,0.5117,0.6540
-0.0650,0.5535,0.6360
-0.0450,0.5979,0.6184
-0.0400,0.6426,0.6015
-0.0650,0.6814,0.5856
-0.0850,0.7170,0.5707
-0.0750,0.7439,0.5558
-0.0650,0.7646,0.5409
-0.0650,0.7766,0.5268
-0.0600,0.7795,0.5131
-0.0550,0.7766,0.4991
-0.0500,0.7676,0.4847
-0.0450,0.7527,0.4701
-0.0500,0.7319,0.4552
-0.0550,0.7080,0.4400
-0.0500,0.6843,0.4251
0.0350,0.6545,0.4112
0.3950,0.6277,0.3980
-0.0250,0.6011,0.3843
-0.1850,0.5771,0.3704
-0.0600,0.5564,0.3572
-0.0400,0.5386,0.3450
-0.0350,0.5208,0.3342
-0.0350,0.5088,0.3247
-0.0300,0.5000,0.3152
-0.0250,0.4910,0.3056
-0.0250,0.4790,0.2983
-0.0200,0.4670,0.2922
-0.0050,0.4553,0.2856
0.0000,0.4463,0.2783
0.0100,0.4373,0.2714
0.0200,0.4255,0.2648
0.0450,0.4194,0.2568
0.0850,0.4077,0.2473
0.1300,0.3958,0.2370
0.1800,0.3838,0.2262
0.2100,0.3718,0.2162
0.1600,0.3599,0.2067
0.0700,0.3481,0.1979
-0.0050,0.3420,0.1896
-0.0450,0.3391,0.1837
-0.0650,0.3420,0.1798
-0.0650,0.3540,0.1764
-0.0650,0.3748,0.1735
-0.0600,0.4016,0.1718
-0.0600,0.4404,0.1710
-0.0600,0.4790,0.1713
-0.0300,0.5146,0.1720
-0.0550,0.5503,0.1742
-0.0750,0.5830,0.1774
-0.0750,0.6069,0.1803
-0.0700,0.6218,0.1830
-0.0600,0.6338,0.1845
-0.0550,0.6338,0.1849
-0.0500,0.6277,0.1857
-0.0500,0.6160,0.1867
-0.0450,0.5950,0.1869
-0.0500,0.5771,0.1864
-0.0550,0.5535,0.1854
-0.0500,0.5295,0.1842
-0.0450,0.5059,0.1835
0.2250,0.4910,0.1832
0.2750,0.4700,0.1818
-0.1950,0.4553,0.1793
-0.1150,0.4373,0.1776
-0.0350,0.4255,0.1769
-0.0300,0.4136,0.1759
-0.0300,0.4016,0.1747
-0.0250,0.3896,0.1742
-0.0300,0.3779,0.1744
-0.0200,0.3660,0.1762
-0.0150,0.3599,0.1791
-0.0100,0.3511,0.1820
-0.0050,0.3511,0.1845
0.0050,0.3455,0.1869
0.0100,0.3372,0.1891
0.0300,0.3286,0.1903
0.0600,0.3230,0.1906
0.1000,0.3118,0.1901
0.1500,0.3035,0.1891
0.1950,0.2949,0.1876
0.1850,0.2866,0.1859
0.1100,0.2781,0.1840
0.0200,0.2725,0.1820
-0.0350,0.2698,0.1808
-0.0600,0.2781,0.1806
-0.0700,0.2922,0.1810
-0.0700,0.3147,0.1820
-0.0750,0.3455,0.1842
-0.0700,0.3877,0.1871
-0.0650,0.4326,0.1901
-0.0550,0.4775,0.1928
-0.0450,0.5110,0.1959
-0.0650,0.5474,0.1999
-0.0750,0.5728,0.2033
-0.0700,0.5923,0.2062
-0.0650,0.6035,0.2086
-0.0600,0.6064,0.2111
-0.0550,0.6064,0.2138
-0.0550,0.6035,0.2172
-0.0500,0.5923,0.2201
-0.0500,0.5811,0.2226
-0.0600,0.5615,0.2245
-0.0550,0.5447,0.2260
-0.0550,0.5222,0.2262
0.0450,0.5027,0.2255
0.4000,0.4858,0.2243
-0.0750,0.4663,0.2223
-0.1800,0.4495,0.2211
-0.0600,0.4353,0.2201
-0.0450,0.4241,0.2189
-0.0400,0.4072,0.2172
-0.0400,0.4016,0.2160
-0.0350,0.3904,0.2155
-0.0300,0.3792,0.2162
-0.0250,0.3735,0.2184
-0.0200,0.3652,0.2211
-0.0150,0.3567,0.2245
-0.0050,0.3511,0.2272
0.0000,0.3428,0.2294
0.0200,0.3342,0.2301
0.0450,0.3286,0.2299
0.0700,0.3203,0.2287
0.1100,0.3147,0.2267
0.1650,0.3062,0.2243
0.1950,0.3005,0.2218
0.1450,0.2893,0.2201
0.0500,0.2866,0.2189
-0.0150,0.2810,0.2172
-0.0500,0.2866,0.2152
-0.0700,0.2949,0.2140
-0.0700,0.3147,0.2135
-0.0700,0.3398,0.2143
-0.0650,0.3735,0.2167
-0.0650,0.4158,0.2216
-0.0600,0.4607,0.2289
-0.0300,0.5027,0.2389
-0.0650,0.5447,0.2512
-0.0850,0.5811,0.2653
-0.0800,0.6091,0.2810
-0.0700,0.6289,0.2986
-0.0600,0.6428,0.3176
-0.0650,0.6458,0.3379
-0.0550,0.6458,0.3589
-0.0550,0.6372,0.3794
-0.0450,0.6260,0.4000
-0.0600,0.6121,0.4210
-0.0550,0.5923,0.4425
-0.0500,0.5728,0.4635
-0.0350,0.5559,0.4840
0.3300,0.5334,0.5040
0.2000,0.5166,0.5238
-0.1700,0.5027,0.5431
-0.0800,0.4915,0.5622
-0.0400,0.4802,0.5812
-0.0450,0.4690,0.6000
-0.0450,0.4578,0.6198
-0.0350,0.4465,0.6404
-0.0350,0.4409,0.6602
-0.0300,0.4326,0.6797
-0.0250,0.4270,0.7000
-0.0200,0.4214,0.7205
-0.0150,0.4158,0.7408
-0.0050,0.4102,0.7598
0.0100,0.4045,0.7764
0.0200,0.3989,0.7911
0.0500,0.3933,0.8041
0.0850,0.3877,0.8155
0.1350,0.3821,0.8260
0.1850,0.3765,0.8361
0.1800,0.3679,0.8453
0.1000,0.3652,0.8541
0.0150,0.3596,0.8627
-0.0300,0.3623,0.8710
-0.0550,0.3735,0.8800
-0.0650,0.3877,0.8898
-0.0650,0.4185,0.8991
-0.0600,0.4521,0.9079
-0.0550,0.4915,0.9174
-0.0550,0.5361,0.9274
0.0100,0.5840,0.9370
-0.0400,0.6289,0.9455
-0.0650,0.6653,0.9528
-0.0700,0.6990,0.9590
-0.0600,0.7244,0.9653
-0.0450,0.7439,0.9714
-0.0450,0.7551,0.9758
-0.0350,0.7581,0.9783
-0.0350,0.7551,0.9795
-0.0300,0.7439,0.9795
-0.0350,0.7327,0.9768
-0.0400,0.7131,0.9717
-0.0350,0.6963,0.9648
-0.0350,0.6765,0.9565
0.2150,0.6570,0.9462
0.3750,0.6401,0.9343
-0.1450,0.6260,0.9208
-0.1050,0.6160,0.9064
-0.0350,0.6040,0.8915
-0.0300,0.5920,0.8759
-0.0300,0.5801,0.8590
-0.0250,0.5684,0.8409
-0.0250,0.5564,0.8229
-0.0250,0.5444,0.8050
-0.0200,0.5386,0.7865
-0.0150,0.5266,0.7674
-0.0100,0.5146,0.7486
-0.0050,0.5059,0.7300
0.0100,0.5000,0.7100
0.0250,0.4910,0.6882
0.0500,0.4849,0.6655
0.0850,0.4731,0.6421
0.1350,0.4612,0.6179
0.1900,0.4524,0.5935
0.1950,0.4434,0.5698
0.1200,0.4314,0.5470
0.0300,0.4255,0.5258
-0.0300,0.4226,0.5057
-0.0600,0.4255,0.4867
-0.0650,0.4373,0.4686
-0.0700,0.4583,0.4522
-0.0700,0.4910,0.4371
-0.0700,0.5205,0.4232
-0.0650,0.5623,0.4102
-0.0450,0.6069,0.3990
-0.0400,0.6455,0.3890
-0.0700,0.6814,0.3799
-0.0850,0.7141,0.3719
-0.0750,0.7349,0.3645
-0.0700,0.7498,0.3574
-0.0650,0.7559,0.3499
-0.0600,0.7527,0.3418
-0.0550,0.7468,0.3342
-0.0500,0.7290,0.3269
-0.0500,0.7080,0.3193
-0.0550,0.6902,0.3110
-0.0500,0.6604,0.3025
-0.0500,0.6306,0.2934
0.0500,0.6040,0.2841
0.4000,0.5771,0.2749
-0.0550,0.5564,0.2656
-0.1800,0.5354,0.2563
-0.0550,0.5208,0.2475
-0.0350,0.5029,0.2387
-0.0350,0.4968,0.2311
-0.0300,0.4849,0.2245
-0.0300,0.4731,0.2196
-0.0200,0.4612,0.2165
-0.0150,0.4524,0.2143
-0.0100,0.4434,0.2130
-0.0050,0.4343,0.2133
0.0000,0.4314,0.2148
0.0150,0.4194,0.2150
0.0300,0.4136,0.2143
0.0500,0.4016,0.2121
0.0850,0.3896,0.2084
0.1300,0.3838,0.2038
0.1900,0.3718,0.1989
0.2100,0.3599,0.1942
0.1500,0.3567,0.1901
0.0600,0.3511,0.1874
-0.0100,0.3398,0.1859
-0.0500,0.3372,0.1842
-0.0600,0.3372,0.1825
-0.0650,0.3455,0.1818
-0.0650,0.3596,0.1815
-0.0650,0.3848,0.1820
-0.0650,0.4185,0.1830
-0.0600,0.4551,0.1840
-0.0300,0.4915,0.1854
-0.0550,0.5249,0.1881
-0.0750,0.5559,0.1915
-0.0800,0.5784,0.1945
-0.0700,0.5979,0.1972
-0.0650,0.6064,0.2006
-0.0600,0.6121,0.2043
-0.0500,0.6064,0.2065
-0.0450,0.5979,0.2074
-0.0450,0.5867,0.2084
-0.0550,0.5698,0.2094
-0.0500,0.5503,0.2094
-0.0500,0.5278,0.2086
-0.0450,0.5110,0.2074
0.2450,0.4944,0.2055
0.2550,0.4775,0.2035
-0.1950,0.4607,0.2011
-0.1000,0.4465,0.1986
-0.0350,0.4297,0.1962
-0.0350,0.4185,0.1937
-0.0350,0.4072,0.1913
-0.0300,0.3989,0.1896
-0.0250,0.3904,0.1891
-0.0200,0.3792,0.1901
-0.0100,0.3735,0.1923
-0.0100,0.3623,0.1942
-0.0050,0.3567,0.1962
0.0050,0.3484,0.1981
0.0150,0.3428,0.2001
0.0300,0.3342,0.2016
0.0650,0.3286,0.2033
0.1000,0.3203,0.2038
0.1500,0.3147,0.2035
0.2000,0.3062,0.2025
0.1900,0.3005,0.2011
0.1000,0.2922,0.2003
0.0100,0.2866,0.2001
-0.0350,0.2810,0.2003
-0.0600,0.2866,0.2008
-0.0650,0.3005,0.2016
-0.0650,0.3230,0.2028
-0.0700,0.3540,0.2050
-0.0650,0.3933,0.2079
-0.0650,0.4382,0.2116
-0.0500,0.4832,0.2155
-0.0500,0.5166,0.2187
-0.0650,0.5530,0.2214
-0.0800,0.5811,0.2236
-0.0750,0.6035,0.2255
-0.0700,0.6147,0.2270
-0.0650,0.6233,0.2284
-0.0600,0.6233,0.2294
-0.0550,0.6218,0.2304
-0.0550,0.6099,0.2314
-0.0500,0.5950,0.2321
-0.0600,0.5742,0.2319
-0.0550,0.5535,0.2306
-0.0500,0.5325,0.2289
0.0750,0.5117,0.2265
0.4050,0.4968,0.2240
-0.0900,0.4819,0.2211
-0.1650,0.4670,0.2182
-0.0500,0.4521,0.2152
-0.0350,0.4373,0.2130
-0.0350,0.4255,0.2118
-0.0350,0.4136,0.2111
-0.0300,0.4077,0.2113
-0.0250,0.3958,0.2126
-0.0150,0.3896,0.2148
-0.0100,0.3809,0.2179
-0.0050,0.3718,0.2216
-0.0050,0.3660,0.2267
0.0100,0.3599,0.2326
0.0200,0.3481,0.2372
0.0400,0.3420,0.2409
0.0700,0.3333,0.2448
0.1100,0.3242,0.2492
0.1650,0.3184,0.2556
0.1900,0.3064,0.2641
0.1350,0.3005,0.2751
0.0500,0.2944,0.2881
-0.0200,0.2915,0.3025
-0.0450,0.2944,0.3186
-0.0600,0.3093,0.3374
-0.0600,0.3333,0.3587
-0.0650,0.3660,0.3816
-0.0600,0.4106,0.4061
-0.0600,0.4583,0.4315
-0.0400,0.5027,0.4576
-0.0150,0.5474,0.4845
-0.0550,0.5862,0.5114
-0.0700,0.6218,0.5375
-0.0700,0.6487,0.5632
-0.0650,0.6694,0.5881
-0.0500,0.6814,0.6125
-0.0500,0.6843,0.6355
-0.0450,0.6814,0.6572
-0.0400,0.6755,0.6782
-0.0300,0.6575,0.6983
-0.0400,0.6426,0.7168
-0.0350,0.6218,0.7339
-0.0350,0.6011,0.7498
0.0000,0.5801,0.7652
0.4000,0.5623,0.7799
0.2000,0.5444,0.7940
-0.1450,0.5266,0.8077
-0.0600,0.5146,0.8212
-0.0300,0.5029,0.8331
-0.0300,0.4968,0.8441
-0.0250,0.4910,0.8554
-0.0250,0.4819,0.8666
-0.0200,0.4731,0.8771
-0.0150,0.4670,0.8866
-0.0150,0.4612,0.8957
-0.0050,0.4553,0.9042
0.0000,0.4524,0.9125
0.0050,0.4463,0.9206
0.0150,0.4404,0.9284
0.0300,0.4343,0.9357
0.0500,0.4285,0.9411
0.0900,0.4226,0.9445
0.1450,0.4165,0.9475
0.1950,0.4106,0.9504
0.1750,0.4048,0.9528
0.0950,0.3987,0.9553
0.0150,0.3987,0.9577
-0.0350,0.3987,0.9597
-0.0500,0.4077,0.9597
-0.0550,0.4194,0.9577
-0.0550,0.4463,0.9546
-0.0550,0.4790,0.9502
-0.0500,0.5176,0.9438
-0.0500,0.5652,0.9362
0.0050,0.6160,0.9272
-0.0400,0.6665,0.9174
-0.0600,0.7083,0.9059
-0.0700,0.7468,0.8930
-0.0600,0.7737,0.8791
-0.0450,0.7974,0.8642
-0.0450,0.8093,0.8478
-0.0350,0.8154,0.8302
-0.0350,0.8123,0.8116
-0.0300,0.8005,0.7923
-0.0400,0.7854,0.7725
-0.0400,0.7676,0.7520
-0.0350,0.7439,0.7315
-0.0250,0.7170,0.7105
0.2600,0.6902,0.6895
0.2800,0.6665,0.6682
-0.1900,0.6426,0.6460
-0.1000,0.6189,0.6233
-0.0300,0.6011,0.6018
-0.0250,0.5830,0.5815
-0.0250,0.5684,0.5622
-0.0200,0.5505,0.5439
-0.0150,0.5386,0.5272
-0.0200,0.5266,0.5121
-0.0150,0.5146,0.4991
-0.0100,0.5059,0.4877
-0.0050,0.5000,0.4764
0.0050,0.4910,0.4652
0.0200,0.4849,0.4532
0.0400,0.4731,0.4403
0.0650,0.4612,0.4268
0.1050,0.4524,0.4129
0.1550,0.4434,0.3987
0.2050,0.4314,0.3843
0.2000,0.4194,0.3697
0.1100,0.4106,0.3552
0.0200,0.4016,0.3416
-0.0300,0.3987,0.3289
-0.0650,0.3987,0.3179
-0.0700,0.4077,0.3081
-0.0700,0.4224,0.2983
-0.0650,0.4492,0.2888
-0.0700,0.4849,0.2802
-0.0650,0.5205,0.2727
-0.0400,0.5623,0.2656
-0.0400,0.6040,0.2592
-0.0650,0.6367,0.2534
-0.0800,0.6665,0.2480
-0.0700,0.6873,0.2438
-0.0650,0.6992,0.2407
-0.0600,0.7083,0.2375
-0.0550,0.7051,0.2341
-0.0550,0.6992,0.2306
-0.0550,0.6934,0.2272
-0.0500,0.6785,0.2238
-0.0550,0.6604,0.2204
-0.0500,0.6367,0.2170
-0.0450,0.6128,0.2133
0.0500,0.5891,0.2086
0.4000,0.5652,0.2035
-0.0550,0.5415,0.1977
-0.1800,0.5237,0.1918
-0.0550,0.5059,0.1867
-0.0350,0.4968,0.1820
-0.0300,0.4790,0.1781
-0.0300,0.4670,0.1749
-0.0250,0.4553,0.1727
-0.0150,0.4434,0.1720
-0.0150,0.4314,0.1718
-0.0150,0.4226,0.1725
-0.0050,0.4136,0.1744
0.0050,0.4016,0.1774
0.0150,0.3958,0.1803
0.0300,0.3838,0.1830
0.0500,0.3779,0.1845
0.0800,0.3660,0.1847
0.1250,0.3569,0.1845
0.1850,0.3481,0.1837
0.2050,0.3362,0.1815
0.1450,0.3242,0.1781
0.0550,0.3184,0.1752
-0.0100,0.3064,0.1725
-0.0550,0.3005,0.1708
-0.0650,0.3005,0.1700
-0.0700,0.3064,0.1691
-0.0700,0.3213,0.1681
-0.0650,0.3479,0.1666
-0.0650,0.3838,0.1654
-0.0650,0.4224,0.1659
-0.0400,0.4641,0.1681
-0.0650,0.5027,0.1713
-0.0850,0.5386,0.1752
-0.0800,0.5652,0.1788
-0.0750,0.5891,0.1823
-0.0650,0.6040,0.1864
-0.0600,0.6130,0.1908
-0.0550,0.6130,0.1945
-0.0550,0.6040,0.1977
-0.0500,0.5920,0.2006
-0.0600,0.5771,0.2028
-0.0600,0.5593,0.2040
-0.0500,0.5354,0.2043
-0.0450,0.5176,0.2035
0.2600,0.4968,0.2023
0.2300,0.4819,0.2006
-0.2050,0.4634,0.1986
-0.1000,0.4495,0.1974
-0.0400,0.4353,0.1969
-0.0400,0.4241,0.1959
-0.0400,0.4128,0.1947
-0.0350,0.4016,0.1940
-0.0300,0.3960,0.1942
-0.0250,0.3848,0.1957
-0.0200,0.3792,0.1981
-0.0150,0.3708,0.2003
-0.0100,0.3623,0.2023
0.0000,0.3567,0.2043
0.0100,0.3511,0.2060
0.0250,0.3428,0.2067
0.0500,0.3372,0.2065
0.0900,0.3286,0.2055
0.1400,0.3230,0.2040
0.1900,0.3147,0.2021
0.1750,0.3062,0.2001
0.0950,0.3005,0.1989
0.0150,0.2922,0.1984
-0.0400,0.2922,0.1984
-0.0600,0.2922,0.1989
-0.0700,0.3035,0.1994
-0.0700,0.3259,0.2003
-0.0650,0.3511,0.2025
-0.0650,0.3904,0.2055
-0.0650,0.4326,0.2079
-0.0450,0.4775,0.2106
-0.0500,0.5166,0.2145
-0.0700,0.5530,0.2199
-0.0800,0.5840,0.2240
-0.0750,0.6091,0.2277
-0.0700,0.6260,0.2304
-0.0650,0.6345,0.2326
-0.0600,0.6372,0.2343
-0.0600,0.6316,0.2355
-0.0500,0.6204,0.2358
-0.0500,0.6064,0.2348
-0.0600,0.5896,0.2343
-0.0600,0.5698,0.2338
-0.0650,0.5503,0.2338
0.0750,0.5278,0.2338
0.3900,0.5110,0.2338
-0.1150,0.4971,0.2343
-0.1600,0.4832,0.2367
-0.0600,0.4690,0.2411
-0.0500,0.4578,0.2477
-0.0550,0.4465,0.2563
-0.0450,0.4353,0.2673
-0.0400,0.4241,0.2805
-0.0350,0.4185,0.2961
-0.0300,0.4072,0.3137
-0.0200,0.4016,0.3330
-0.0200,0.3960,0.3535
-0.0150,0.3877,0.3760
-0.0050,0.3821,0.3995
0.0050,0.3765,0.4222
0.0250,0.3708,0.4439
0.0650,0.3623,0.4652
0.1050,0.3567,0.4857
0.1550,0.3484,0.5057
0.1750,0.3333,0.5258
0.1250,0.3242,0.5463
0.0400,0.3184,0.5673
-0.0200,0.3154,0.5878
-0.0550,0.3184,0.6079
-0.0650,0.3271,0.6286
-0.0650,0.3450,0.6499
-0.0650,0.3748,0.6714
-0.0650,0.4136,0.6931
-0.0700,0.4551,0.7139
-0.0400,0.4968,0.7342
-0.0250,0.5415,0.7537
-0.0600,0.5862,0.7725
-0.0850,0.6218,0.7901
-0.0800,0.6545,0.8067
-0.0700,0.6785,0.8234
-0.0550,0.6934,0.8397
-0.0550,0.6992,0.8544
-0.0450,0.6992,0.8671
-0.0450,0.6963,0.8774
-0.0350,0.6873,0.8859
-0.0500,0.6755,0.8942
-0.0500,0.6604,0.9020
-0.0400,0.6426,0.9098
0.0050,0.6248,0.9174
0.4300,0.6040,0.9247
0.1400,0.5862,0.9321
-0.1500,0.5684,0.9382
-0.0600,0.5535,0.9436
-0.0400,0.5386,0.9492
-0.0350,0.5266,0.9550
-0.0350,0.5146,0.9614
-0.0350,0.5088,0.9677
-0.0250,0.5000,0.9741
-0.0250,0.4968,0.9802
-0.0200,0.4910,0.9846
-0.0150,0.4849,0.9871
-0.0150,0.4790,0.9873
-0.0050,0.4731,0.9853
0.0150,0.4670,0.9800
0.0300,0.4612,0.9714
0.0550,0.4553,0.9599
0.0950,0.4492,0.9455
0.1500,0.4434,0.9282
0.1950,0.4373,0.9089
0.1600,0.4314,0.8886
0.0750,0.4226,0.8681
-0.0050,0.4165,0.8483
-0.0550,0.4165,0.8290
-0.0750,0.4165,0.8080
-0.0750,0.4285,0.7860
-0.0800,0.4492,0.7640
-0.0700,0.4790,0.7422
-0.0700,0.5146,0.7215
-0.0700,0.5593,0.7014
-0.0150,0.6069,0.6814
-0.0600,0.6545,0.6611
-0.0800,0.6931,0.6418
-0.0850,0.7290,0.6233
-0.0700,0.7556,0.6064
-0.0600,0.7766,0.5903
-0.0600,0.7886,0.5734
-0.0550,0.7915,0.5558
-0.0500,0.7886,0.5385
-0.0450,0.7766,0.5216
-0.0500,0.7646,0.5060
-0.0500,0.7439,0.4913
-0.0450,0.7200,0.4767
-0.0350,0.6931,0.4618
0.2550,0.6665,0.4466
0.2600,0.6426,0.4315
-0.2000,0.6189,0.4163
-0.1100,0.5950,0.4012
-0.0400,0.5771,0.3872
-0.0400,0.5623,0.3738
-0.0350,0.5444,0.3613
-0.0300,0.5325,0.3496
-0.0300,0.5208,0.3394
-0.0250,0.5088,0.3303
-0.0200,0.5029,0.3232
-0.0150,0.4968,0.3176
-0.0100,0.4880,0.3122
0.0000,0.4790,0.3069
0.0150,0.4670,0.3003
0.0350,0.4612,0.2929
0.0600,0.4492,0.2839
0.1050,0.4373,0.2736
0.1550,0.4314,0.2636
0.2050,0.4194,0.2538
0.1950,0.4077,0.2446
0.1050,0.3958,0.2355
0.0200,0.3838,0.2277
-0.0300,0.3779,0.2211
-0.0600,0.3750,0.2152
-0.0700,0.3779,0.2101
-0.0700,0.3896,0.2055
-0.0700,0.4136,0.2013
-0.0650,0.4434,0.1986
-0.0650,0.4790,0.1969
-0.0400,0.5146,0.1962
-0.0350,0.5535,0.1959
-0.0650,0.5891,0.1962
-0.0750,0.6189,0.1967
-0.0700,0.6426,0.1974
-0.0600,0.6575,0.1984
-0.0550,0.6636,0.1986
-0.0550,0.6636,0.1981
-0.0450,0.6575,0.1979
-0.0400,0.6458,0.1981
-0.0450,0.6248,0.1986
-0.0500,0.6069,0.1994
-0.0450,0.5830,0.1991
-0.0500,0.5593,0.1986
0.0600,0.5386,0.1984
0.4100,0.5176,0.1984
-0.0600,0.5000,0.1969
-0.1700,0.4849,0.1940
-0.0500,0.4700,0.1911
-0.0300,0.4553,0.1881
-0.0350,0.4434,0.1854
-0.0250,0.4314,0.1830
-0.0200,0.4194,0.1813
-0.0150,0.4077,0.1810
-0.0150,0.4016,0.1823
-0.0050,0.3896,0.1847
-0.0050,0.3809,0.1879
0.0050,0.3718,0.1918
0.0150,0.3660,0.1952
0.0300,0.3569,0.1981
0.0500,0.3481,0.1999
0.0850,0.3391,0.2001
0.1350,0.3303,0.1986
0.1850,0.3213,0.1959
0.2100,0.3123,0.1930
0.1550,0.3005,0.1901
0.0600,0.2944,0.1874
0.0000,0.2886,0.1849
-0.0400,0.2886,0.1832
-0.0550,0.2944,0.1828
-0.0600,0.3064,0.1828
-0.0600,0.3301,0.1835
-0.0600,0.3599,0.1854
-0.0500,0.4016,0.1886
-0.0500,0.4434,0.1923
-0.0150,0.4849,0.1967
-0.0450,0.5205,0.2016
-0.0600,0.5503,0.2065
-0.0550,0.5771,0.2116
-0.0550,0.5981,0.2167
-0.0400,0.6069,0.2209
-0.0450,0.6130,0.2240
-0.0400,0.6069,0.2267
-0.0450,0.5981,0.2287
-0.0350,0.5862,0.2304
-0.0450,0.5684,0.2316
-0.0450,0.5474,0.2319
-0.0400,0.5266,0.2311
-0.0200,0.5059,0.2294
0.3050,0.4910,0.2272
0.2200,0.4731,0.2248
-0.1900,0.4553,0.2218
-0.0850,0.4373,0.2189
-0.0250,0.4255,0.2160
-0.0250,0.4136,0.2138
-0.0250,0.4048,0.2126
-0.0200,0.3958,0.2121
-0.0150,0.3867,0.2121
-0.0150,0.3779,0.2133
-0.0100,0.3689,0.2155
0.0000,0.3599,0.2187
0.0050,0.3540,0.2221
0.0100,0.3481,0.2250
0.0250,0.3420,0.2272
0.0400,0.3362,0.2280
0.0700,0.3274,0.2277
0.1050,0.3184,0.2265
0.1550,0.3123,0.2248
0.2000,0.3005,0.2226
0.1900,0.2944,0.2201
0.1000,0.2856,0.2172
0.0250,0.2798,0.2145
-0.0300,0.2798,0.2135
-0.0450,0.2886,0.2143
-0.0550,0.3035,0.2152
-0.0550,0.3301,0.2162
-0.0550,0.3660,0.2184
-0.0500,0.4128,0.2211
-0.0450,0.4551,0.2245
-0.0150,0.4971,0.2284
-0.0300,0.5361,0.2336
-0.0550,0.5698,0.2399
-0.0650,0.6008,0.2492
-0.0550,0.6204,0.2609
-0.0450,0.6316,0.2746
-0.0450,0.6401,0.2895
-0.0400,0.6372,0.3054
-0.0400,0.6345,0.3223
-0.0350,0.6289,0.3396
-0.0400,0.6147,0.3572
-0.0400,0.6008,0.3753
-0.0350,0.5840,0.3936
-0.0450,0.5642,0.4122
0.1350,0.5447,0.4310
0.4350,0.5278,0.4508
-0.0850,0.5110,0.4713
-0.1200,0.5000,0.4913
-0.0350,0.4858,0.5114
-0.0250,0.4746,0.5319
-0.0250,0.4634,0.5529
-0.0250,0.4551,0.5734
-0.0200,0.4465,0.5935
-0.0150,0.4353,0.6142
-0.0100,0.4297,0.6352
-0.0050,0.4214,0.6558
0.0000,0.4128,0.6758
0.0050,0.4072,0.6963
0.0150,0.4016,0.7171
0.0350,0.3960,0.7361
0.0450,0.3904,0.7537
0.0750,0.3877,0.7689
0.1200,0.3821,0.7823
0.1700,0.3765,0.7943
0.1950,0.3708,0.8053
0.1400,0.3652,0.8155
0.0550,0.3596,0.8253
-0.0100,0.3596,0.8353
-0.0450,0.3596,0.8458
-0.0550,0.3679,0.8559
-0.0550,0.3877,0.8651
-0.0500,0.4158,0.8739
-0.0500,0.4521,0.8827
-0.0450,0.4915,0.8918
-0.0050,0.5334,0.9015
-0.0100,0.5784,0.9108
-0.0500,0.6204,0.9196
-0.0750,0.6597,0.9279
-0.0700,0.6877,0.9360
-0.0500,0.7131,0.9426
-0.0400,0.7327,0.9482
-0.0400,0.7412,0.9528
-0.0300,0.7412,0.9570
-0.0300,0.7383,0.9604
-0.0250,0.7271,0.9636
-0.0400,0.7158,0.9653
-0.0300,0.6990,0.9658
-0.0350,0.6794,0.9634
0.0350,0.6626,0.9585
0.4450,0.6458,0.9519
0.0550,0.6367,0.9436
-0.1550,0.6218,0.9333
-0.0500,0.6040,0.9213
-0.0300,0.5920,0.9081
-0.0350,0.5801,0.8937
-0.0350,0.5684,0.8776
-0.0300,0.5623,0.8602
-0.0250,0.5505,0.8431
-0.0250,0.5386,0.8260
-0.0200,0.5325,0.8089
-0.0100,0.5208,0.7916
-0.0100,0.5117,0.7733
0.0000,0.5029,0.7542
0.0150,0.5000,0.7347
0.0350,0.4910,0.7144
0.0650,0.4849,0.6929
0.1050,0.4761,0.6702
0.1550,0.4670,0.6467
0.1950,0.4583,0.6230
0.1550,0.4492,0.6008
0.0650,0.4404,0.5800
-0.0100,0.4343,0.5602
-0.0500,0.4343,0.5414
-0.0700,0.4373,0.5233
-0.0700,0.4521,0.5060
-0.0750,0.4761,0.4889
-0.0750,0.5059,0.4723
-0.0700,0.5415,0.4559
-0.0750,0.5833,0.4400
-0.0300,0.6248,0.4263
-0.0600,0.6665,0.4146
-0.0800,0.7021,0.4041
-0.0800,0.7319,0.3951
-0.0750,0.7498,0.3868
-0.0650,0.7646,0.3789
-0.0650,0.7678,0.3706
-0.0600,0.7646,0.3618
-0.0600,0.7588,0.3528
-0.0500,0.7410,0.3435
-0.0550,0.7200,0.3340
-0.0600,0.6963,0.3245
-0.0500,0.6694,0.3159
-0.0400,0.6426,0.3078
0.2550,0.6128,0.2986
0.2250,0.5891,0.2876
-0.2100,0.5652,0.2761
-0.1050,0.5474,0.2639
-0.0400,0.5266,0.2524
-0.0400,0.5117,0.2416
-0.0350,0.5000,0.2326
-0.0350,0.4910,0.2250
-0.0300,0.4790,0.2196
-0.0300,0.4670,0.2157
-0.0250,0.4553,0.2130
-0.0150,0.4463,0.2113
-0.0050,0.4373,0.2104
0.0050,0.4255,0.2099
0.0150,0.4194,0.2089
0.0350,0.4077,0.2072
0.0600,0.3958,0.2040
0.1000,0.3896,0.1999
0.1550,0.3779,0.1950
0.2000,0.3750,0.1896
0.1800,0.3660,0.1849
0.0950,0.3540,0.1808
0.0150,0.3420,0.1774
-0.0400,0.3362,0.1742
-0.0600,0.3333,0.1713
-0.0700,0.3333,0.1686
-0.0750,0.3420,0.1674
-0.0700,0.3628,0.1671
-0.0700,0.3896,0.1674
-0.0700,0.4253,0.1686
-0.0500,0.4641,0.1708
-0.0500,0.4998,0.1742
-0.0700,0.5386,0.1771
-0.0900,0.5681,0.1801
-0.0800,0.5950,0.1828
-0.0750,0.6099,0.1852
-0.0700,0.6218,0.1876
-0.0650,0.6248,0.1898
-0.0600,0.6218,0.1918
-0.0600,0.6099,0.1937
-0.0550,0.5981,0.1957
-0.0700,0.5771,0.1974
-0.0600,0.5593,0.1981
-0.0650,0.5354,0.1979
0.0550,0.5146,0.1972
0.3950,0.4968,0.1955
-0.0850,0.4790,0.1928
-0.1800,0.4612,0.1891
-0.0600,0.4434,0.1857
-0.0500,0.4314,0.1825
-0.0450,0.4194,0.1806
-0.0450,0.4106,0.1798
-0.0350,0.4016,0.1796
-0.0300,0.3928,0.1803
-0.0250,0.3838,0.1820
-0.0250,0.3779,0.1849
-0.0150,0.3689,0.1876
-0.0100,0.3630,0.1901
0.0000,0.3540,0.1925
0.0150,0.3481,0.1942
0.0400,0.3420,0.1942
0.0700,0.3362,0.1923
0.1150,0.3274,0.1891
0.1650,0.3184,0.1852
0.1900,0.3123,0.1825
0.1400,0.3064,0.1813
0.0500,0.2976,0.1806
-0.0200,0.2915,0.1808
-0.0550,0.2915,0.1813
-0.0700,0.2944,0.1823
-0.0700,0.3093,0.1835
-0.0750,0.3333,0.1852
-0.0700,0.3660,0.1879
-0.0700,0.4075,0.1913
-0.0700,0.4521,0.1955
-0.0400,0.4968,0.1999
-0.0650,0.5356,0.2047
-0.0850,0.5742,0.2096
-0.0800,0.6040,0.2150
-0.0700,0.6277,0.2204
-0.0650,0.6458,0.2253
-0.0650,0.6545,0.2301
-0.0550,0.6545,0.2331
-0.0550,0.6516,0.2343
-0.0500,0.6458,0.2353
-0.0650,0.6338,0.2360
-0.0600,0.6160,0.2358
-0.0500,0.5950,0.2345
-0.0400,0.5713,0.2326
0.2950,0.5535,0.2299
0.1800,0.5295,0.2262
-0.2100,0.5117,0.2216
-0.0950,0.4968,0.2182
-0.0450,0.4819,0.2160
-0.0450,0.4670,0.2143
-0.0400,0.4553,0.2135
-0.0350,0.4434,0.2133
-0.0300,0.4343,0.2133
-0.0250,0.4255,0.2135
-0.0250,0.4136,0.2143
-0.0200,0.4077,0.2172
-0.0100,0.3958,0.2214
0.0000,0.3896,0.2250
0.0150,0.3779,0.2277
0.0250,0.3660,0.2289
0.0500,0.3569,0.2294
0.0850,0.3481,0.2306
0.1300,0.3362,0.2328
0.1750,0.3242,0.2367
0.1650,0.3154,0.2421
0.0850,0.3064,0.2495
0.0000,0.2976,0.2590
-0.0450,0.2915,0.2714
-0.0650,0.2915,0.2868
-0.0800,0.2944,0.3044
-0.0800,0.3093,0.3235
-0.0750,0.3333,0.3450
-0.0750,0.3660,0.3682
-0.0750,0.4106,0.3929
-0.0350,0.4583,0.4185
-0.0600,0.4998,0.4459
-0.0800,0.5415,0.4747
-0.0900,0.5801,0.5035
-0.0800,0.6128,0.5321
-0.0700,0.6367,0.5592
-0.0650,0.6575,0.5854
-0.0600,0.6636,0.6086
-0.0600,0.6665,0.6296
-0.0500,0.6575,0.6499
-0.0500,0.6487,0.6694
-0.0550,0.6338,0.6875
-0.0500,0.6128,0.7044
-0.0600,0.5950,0.7203
0.1400,0.5742,0.7352
0.4350,0.5535,0.7486
-0.0950,0.5354,0.7608
-0.1100,0.5208,0.7730
-0.0400,0.5059,0.7852
-0.0350,0.4968,0.7975
-0.0350,0.4880,0.8097
-0.0350,0.4790,0.8221
-0.0350,0.4670,0.8346
-0.0250,0.4612,0.8480
-0.0250,0.4553,0.8622
-0.0200,0.4492,0.8761
-0.0150,0.4434,0.8896
-0.0050,0.4404,0.9028
0.0000,0.4343,0.9155
0.0200,0.4285,0.9257
0.0400,0.4255,0.9343
0.0700,0.4194,0.9414
0.1150,0.4136,0.9470
0.1700,0.4077,0.9509
0.1950,0.4016,0.9531
0.1300,0.3928,0.9550
0.0400,0.3867,0.9572
-0.0200,0.3838,0.9604
-0.0500,0.3838,0.9643
-0.0600,0.3896,0.9668
-0.0650,0.4106,0.9680
-0.0550,0.4373,0.9682
-0.0550,0.4729,0.9675
-0.0500,0.5117,0.9656
-0.0150,0.5593,0.9619
-0.0200,0.6069,0.9577
-0.0500,0.6545,0.9524
-0.0700,0.6992,0.9455
-0.0650,0.7349,0.9372
-0.0550,0.7676,0.9269
-0.0450,0.7886,0.9147
-0.0450,0.8005,0.9001
-0.0350,0.8093,0.8837
-0.0400,0.8035,0.8661
-0.0350,0.7944,0.8473
-0.0450,0.7795,0.8280
-0.0400,0.7617,0.8080
-0.0350,0.7378,0.7877
0.0700,0.7200,0.7669
0.4150,0.6963,0.7447
-0.0500,0.6724,0.7215
-0.1650,0.6487,0.6978
-0.0550,0.6248,0.6733
-0.0400,0.6069,0.6496
-0.0350,0.5891,0.6264
-0.0300,0.5713,0.6040
-0.0300,0.5564,0.5820
-0.0250,0.5444,0.5624
-0.0200,0.5325,0.5448
-0.0050,0.5208,0.5290
0.0000,0.5146,0.5140
0.0050,0.5029,0.4989
0.0150,0.5000,0.4840
0.0300,0.4939,0.4701
0.0550,0.4849,0.4566
0.0850,0.4731,0.4430
0.1300,0.4670,0.4288
0.1850,0.4553,0.4141
0.2150,0.4434,0.3995
0.1600,0.4314,0.3848
0.0650,0.4226,0.3699
-0.0050,0.4136,0.3560
-0.0450,0.4106,0.3433
-0.0600,0.4106,0.3320
-0.0650,0.4194,0.3223
-0.0650,0.4402,0.3137
-0.0650,0.4670,0.3059
-0.0650,0.4998,0.2976
-0.0650,0.5386,0.2890
-0.0200,0.5833,0.2810
-0.0500,0.6218,0.2739
-0.0750,0.6575,0.2673
-0.0750,0.6902,0.2612
-0.0650,0.7112,0.2553
-0.0600,0.7231,0.2502
-0.0600,0.7319,0.2460
-0.0500,0.7290,0.2429
-0.0550,0.7202,0.2397
-0.0400,0.7051,0.2363
-0.0550,0.6873,0.2328
-0.0450,0.6665,0.2294
-0.0400,0.6426,0.2260
-0.0300,0.6189,0.2223
0.2750,0.5950,0.2177
0.2300,0.5771,0.2123
-0.2000,0.5564,0.2074
-0.0900,0.5386,0.2030
-0.0250,0.5208,0.1991
-0.0350,0.5088,0.1955
-0.0300,0.5000,0.1920
-0.0300,0.4910,0.1889
-0.0300,0.4790,0.1871
-0.0250,0.4670,0.1862
-0.0200,0.4583,0.1859
-0.0150,0.4492,0.1862
-0.0050,0.4373,0.1879
0.0050,0.4314,0.1906
0.0200,0.4194,0.1911
0.0350,0.4106,0.1898
0.0650,0.4016,0.1881
0.1050,0.3928,0.1859
0.1600,0.3838,0.1828
0.2000,0.3750,0.1788
0.1850,0.3660,0.1754
0.1050,0.3540,0.1722
0.0200,0.3452,0.1693
-0.0300,0.3391,0.1666
-0.0550,0.3391,0.1654
-0.0650,0.3481,0.1652
-0.0650,0.3628,0.1666
-0.0650,0.3867,0.1693
-0.0600,0.4194,0.1720
-0.0600,0.4612,0.1747
-0.0400,0.5027,0.1784
-0.0450,0.5386,0.1825
-0.0700,0.5801,0.1871
-0.0750,0.6099,0.1923
-0.0700,0.6306,0.1977
-0.0650,0.6458,0.2028
-0.0600,0.6545,0.2062
-0.0500,0.6545,0.2079
-0.0500,0.6458,0.2094
-0.0500,0.6428,0.2106
-0.0550,0.6306,0.2108
-0.0550,0.6128,0.2104
-0.0500,0.5950,0.2101
-0.0500,0.5671,0.2101
0.0700,0.5503,0.2096
0.4050,0.5278,0.2084
-0.0800,0.5081,0.2067
-0.1600,0.4971,0.2047
-0.0450,0.4802,0.2035
-0.0300,0.4690,0.2030
-0.0300,0.4578,0.2018
-0.0250,0.4465,0.2006
-0.0300,0.4353,0.2008
-0.0250,0.4297,0.2023
-0.0200,0.4185,0.2038
-0.0150,0.4128,0.2055
-0.0100,0.4045,0.2091
0.0000,0.3960,0.2140
0.0100,0.3904,0.2172
0.0300,0.3821,0.2187
0.0500,0.3735,0.2189
0.0850,0.3679,0.2182
0.1250,0.3596,0.2157
0.1750,0.3511,0.2123
0.2000,0.3428,0.2096
0.1450,0.3342,0.2079
0.0550,0.3286,0.2060
-0.0100,0.3203,0.2043
-0.0450,0.3203,0.2038
-0.0550,0.3203,0.2050
-0.0600,0.3286,0.2065
-0.0550,0.3484,0.2079
-0.0600,0.3735,0.2091
-0.0550,0.4102,0.2108
-0.0550,0.4495,0.2143
-0.0250,0.4915,0.2189
-0.0500,0.5305,0.2228
-0.0700,0.5698,0.2262
-0.0650,0.6008,0.2309
-0.0650,0.6289,0.2363
-0.0550,0.6428,0.2407
-0.0500,0.6541,0.2441
-0.0400,0.6570,0.2468
-0.0450,0.6514,0.2485
-0.0350,0.6428,0.2490
-0.0500,0.6260,0.2482
-0.0450,0.6064,0.2477
-0.0350,0.5896,0.2470
-0.0200,0.5671,0.2458
0.3350,0.5447,0.2438
0.1550,0.5249,0.2421
-0.1950,0.5081,0.2411
-0.0750,0.4971,0.2404
-0.0300,0.4858,0.2402
-0.0350,0.4746,0.2421
-0.0350,0.4634,0.2460
-0.0300,0.4521,0.2534
-0.0250,0.4409,0.2636
-0.0250,0.4353,0.2758
-0.0200,0.4270,0.2903
-0.0150,0.4185,0.3081
-0.0050,0.4128,0.3281
0.0000,0.4045,0.3482
0.0100,0.3989,0.3682
0.0250,0.3933,0.3890
0.0500,0.3848,0.4105
0.0850,0.3792,0.4315
0.1350,0.3735,0.4520
0.1850,0.3652,0.4732
0.1700,0.3567,0.4947
0.0800,0.3511,0.5158
0.0050,0.3455,0.5363
-0.0400,0.3428,0.5573
-0.0600,0.3455,0.5788
-0.0650,0.3540,0.6008
-0.0650,0.3708,0.6230
-0.0600,0.4016,0.6455
-0.0600,0.4382,0.6677
-0.0550,0.4775,0.6890
0.0000,0.5166,0.7097
-0.0450,0.5615,0.7295
-0.0650,0.6035,0.7488
-0.0800,0.6428,0.7677
-0.0650,0.6682,0.7860
-0.0550,0.6907,0.8031
-0.0500,0.7046,0.8190
-0.0450,0.7102,0.8331
-0.0450,0.7102,0.8456
-0.0350,0.7046,0.8578
-0.0450,0.6934,0.8700
-0.0450,0.6765,0.8810
-0.0350,0.6597,0.8915
-0.0400,0.6428,0.9011
0.2000,0.6260,0.9101
0.4300,0.6091,0.9184
-0.1150,0.5923,0.9267
-0.1000,0.5811,0.9345
-0.0350,0.5642,0.9421
-0.0350,0.5530,0.9484
-0.0400,0.5447,0.9538
-0.0400,0.5361,0.9594
-0.0350,0.5278,0.9653
-0.0250,0.5193,0.9717
-0.0250,0.5110,0.9778
-0.0200,0.5054,0.9829
-0.0150,0.5000,0.9873
-0.0100,0.4971,0.9902
0.0000,0.4915,0.9910
0.0150,0.4858,0.9880
0.0400,0.4775,0.9814
0.0700,0.4719,0.9724
0.1200,0.4663,0.9612
0.1750,0.4578,0.9475
0.1850,0.4521,0.9318
0.1200,0.4465,0.9157
0.0300,0.4409,0.8991
-0.0250,0.4382,0.8813
-0.0600,0.4438,0.8624
-0.0700,0.4521,0.8429
-0.0700,0.4719,0.8229
-0.0650,0.4998,0.8023
-0.0600,0.5334,0.7818
-0.0550,0.5784,0.7620
-0.0350,0.6233,0.7430
-0.0350,0.6682,0.7232
-0.0650,0.7075,0.7032
-0.0750,0.7439,0.6839
-0.0700,0.7854,0.6653
-0.0650,0.8093,0.6460
-0.0550,0.8213,0.6264
-0.0500,0.8271,0.6076
-0.0450,0.8242,0.5893
-0.0400,0.8123,0.5717
-0.0450,0.7915,0.5544
-0.0550,0.7676,0.5375
-0.0500,0.7407,0.5209
-0.0500,0.7112,0.5043
0.0650,0.6814,0.4882
0.4050,0.6545,0.4720
-0.0750,0.6306,0.4559
-0.1750,0.6069,0.4400
-0.0550,0.5830,0.4241
-0.0400,0.5652,0.4097
-0.0350,0.5505,0.3963
-0.0300,0.5325,0.3833
-0.0300,0.5208,0.3714
-0.0250,0.5088,0.3609
-0.0200,0.5000,0.3513
-0.0150,0.4910,0.3430
-0.0100,0.4819,0.3352
0.0000,0.4731,0.3271
0.0100,0.4641,0.3183
0.0250,0.4553,0.3096
0.0450,0.4463,0.3003
0.0800,0.4373,0.2910
0.1250,0.4255,0.2812
0.1800,0.4194,0.2705
0.2050,0.4077,0.2590
0.1450,0.3958,0.2492
0.0500,0.3838,0.2407
-0.0200,0.3779,0.2323
-0.0550,0.3750,0.2243
-0.0700,0.3809,0.2172
-0.0700,0.3958,0.2113
-0.0750,0.4165,0.2069
-0.0700,0.4492,0.2040
-0.0700,0.4880,0.2011
-0.0650,0.5237,0.1984
-0.0350,0.5652,0.1967
-0.0650,0.6040,0.1959
-0.0800,0.6367,0.1957
-0.0800,0.6604,0.1959
-0.0750,0.6814,0.1964
-0.0650,0.6904,0.1972
-0.0650,0.6904,0.1974
-0.0550,0.6843,0.1969
-0.0600,0.6755,0.1967
-0.0450,0.6665,0.1967
-0.0600,0.6516,0.1962
-0.0550,0.6306,0.1950
-0.0500,0.6069,0.1925
-0.0350,0.5830,0.1891
0.2800,0.5593,0.1857
0.2150,0.5386,0.1823
-0.2050,0.5176,0.1784
-0.0950,0.5029,0.1740
-0.0350,0.4878,0.1700
-0.0400,0.4731,0.1669
-0.0350,0.4553,0.1649
-0.0350,0.4434,0.1642
-0.0300,0.4314,0.1639
-0.0250,0.4194,0.1649
-0.0150,0.4136,0.1681
-0.0100,0.4016,0.1730
-0.0050,0.3928,0.1774
0.0000,0.3896,0.1813
0.0150,0.3838,0.1847
0.0300,0.3750,0.1874
0.0600,0.3660,0.1891
0.1000,0.3599,0.1898
0.1450,0.3481,0.1896
0.1900,0.3391,0.1889
0.1750,0.3303,0.1876
0.0900,0.3184,0.1862
0.0050,0.3093,0.1854
-0.0450,0.3005,0.1854
-0.0650,0.2976,0.1859
-0.0700,0.2944,0.1869
-0.0750,0.3005,0.1879
-0.0700,0.3184,0.1893
-0.0700,0.3450,0.1920
-0.0750,0.3777,0.1952
-0.0550,0.4194,0.1981
-0.0550,0.4612,0.2008
-0.0800,0.4998,0.2040
-0.0850,0.5386,0.2079
-0.0750,0.5681,0.2123
-0.0750,0.5950,0.2167
-0.0650,0.6099,0.2204
-0.0550,0.6218,0.2231
-0.0550,0.6248,0.2245
-0.0500,0.6189,0.2248
-0.0550,0.6099,0.2250
-0.0600,0.5920,0.2253
-0.0600,0.5742,0.2245
-0.0550,0.5535,0.2233
0.0800,0.5295,0.2214
0.4000,0.5117,0.2192
-0.1050,0.4968,0.2167
-0.1650,0.4790,0.2140
-0.0550,0.4612,0.2123
-0.0400,0.4492,0.2116
-0.0400,0.4373,0.2121
-0.0350,0.4255,0.2138
-0.0300,0.4136,0.2165
-0.0300,0.4016,0.2199
-0.0250,0.3928,0.2236
-0.0200,0.3838,0.2277
-0.0100,0.3718,0.2321
0.0000,0.3660,0.2363
0.0100,0.3569,0.2387
0.0300,0.3481,0.2392
0.0450,0.3420,0.2377
0.0800,0.3362,0.2343
0.1250,0.3274,0.2297
0.1800,0.3213,0.2243
0.2000,0.3123,0.2194
0.1400,0.3064,0.2148
0.0500,0.3005,0.2116
-0.0150,0.2915,0.2094
-0.0450,0.2886,0.2082
-0.0650,0.2886,0.2079
-0.0650,0.3005,0.2089
-0.0650,0.3213,0.2111
-0.0650,0.3479,0.2140
-0.0650,0.3867,0.2177
-0.0600,0.4285,0.2216
-0.0300,0.4761,0.2260
-0.0600,0.5176,0.2316
-0.0750,0.5623,0.2382
-0.0700,0.5979,0.2453
-0.0650,0.6248,0.2534
-0.0550,0.6487,0.2626
-0.0550,0.6606,0.2731
-0.0500,0.6665,0.2846
-0.0500,0.6636,0.2971
-0.0400,0.6516,0.3110
-0.0550,0.6396,0.3259
-0.0550,0.6189,0.3408
-0.0500,0.6011,0.3557
-0.0200,0.5771,0.3716
0.3650,0.5535,0.3880
0.1400,0.5354,0.4051
-0.1800,0.5146,0.4227
-0.0750,0.5029,0.4405
-0.0350,0.4910,0.4588
-0.0400,0.4790,0.4781
-0.0350,0.4670,0.4984
-0.0300,0.4553,0.5194
-0.0300,0.4492,0.5412
-0.0250,0.4404,0.5644
-0.0250,0.4314,0.5886
-0.0200,0.4255,0.6125
-0.0100,0.4194,0.6362
-0.0050,0.4106,0.6587
0.0000,0.4048,0.6799
0.0150,0.3987,0.6995
0.0500,0.3928,0.7173
0.0800,0.3867,0.7339
0.1300,0.3779,0.7496
0.1750,0.3718,0.7633
0.1550,0.3660,0.7757
0.0800,0.3599,0.7879
0.0050,0.3540,0.8004
-0.0400,0.3511,0.8138
-0.0600,0.3569,0.8280
-0.0700,0.3660,0.8409
-0.0700,0.3867,0.8527
-0.0650,0.4194,0.8644
-0.0600,0.4583,0.8761
-0.0550,0.5027,0.8866
0.0100,0.5474,0.8967
-0.0450,0.5950,0.9059
-0.0700,0.6426,0.9147
-0.0800,0.6814,0.9243
-0.0700,0.7141,0.9340
-0.0550,0.7378,0.9436
-0.0500,0.7588,0.9521
-0.0450,0.7646,0.9594
-0.0450,0.7678,0.9656
-0.0350,0.7588,0.9719
-0.0450,0.7468,0.9780
-0.0450,0.7349,0.9831
-0.0350,0.7170,0.9878
-0.0350,0.6963,0.9917
0.2450,0.6785,0.9946
0.3750,0.6604,0.9954
-0.1450,0.6426,0.9939
-0.0900,0.6277,0.9900
-0.0300,0.6099,0.9839
-0.0300,0.5981,0.9751
-0.0350,0.5862,0.9643
-0.0300,0.5742,0.9521
-0.0300,0.5654,0.9387
-0.0300,0.5564,0.9243
-0.0250,0.5476,0.9091
-0.0200,0.5386,0.8935
-0.0100,0.5295,0.8771
-0.0100,0.5208,0.8598
0.0050,0.5117,0.8409
0.0250,0.5029,0.8182
0.0450,0.4968,0.7923
0.0800,0.4880,0.7650
0.1250,0.4790,0.7366
0.1800,0.4670,0.7088
0.1850,0.4583,0.6814
0.1150,0.4492,0.6540
0.0250,0.4434,0.6274
-0.0300,0.4373,0.6030
-0.0600,0.4373,0.5805
-0.0700,0.4434,0.5597
-0.0700,0.4641,0.5402
-0.0650,0.4910,0.5226
-0.0650,0.5205,0.5062
-0.0650,0.5652,0.4903
-0.0300,0.6128,0.4747
-0.0350,0.6545,0.4603
-0.0600,0.6992,0.4464
-0.0750,0.7349,0.4334
-0.0700,0.7646,0.4212
-0.0650,0.7854,0.4105
-0.0550,0.7976,0.4009
-0.0500,0.8035,0.3912
-0.0450,0.8005,0.3814
-0.0450,0.7886,0.3716
-0.0450,0.7676,0.3616
-0.0550,0.7439,0.3516
-0.0500,0.7170,0.3413
-0.0450,0.6902,0.3313
0.0750,0.6604,0.3210
0.4000,0.6338,0.3110
-0.0800,0.6069,0.3010
-0.1700,0.5830,0.2910
-0.0500,0.5652,0.2812
-0.0300,0.5444,0.2727
-0.0300,0.5295,0.2651
-0.0300,0.5146,0.2580
-0.0300,0.5029,0.2519
-0.0250,0.4910,0.2470
-0.0200,0.4819,0.2433
-0.0150,0.4731,0.2407
-0.0100,0.4612,0.2387
0.0000,0.4524,0.2365
0.0100,0.4434,0.2338
0.0250,0.4314,0.2297
0.0500,0.4226,0.2245
0.0900,0.4136,0.2189
0.1350,0.4016,0.2126
0.1900,0.3896,0.2062
0.2100,0.3779,0.1996
0.1500,0.3660,0.1940
0.0550,0.3569,0.1889
-0.0150,0.3511,0.1847
-0.0500,0.3481,0.1810
-0.0650,0.3452,0.1786
-0.0700,0.3481,0.1774
-0.0700,0.3599,0.1771
-0.0700,0.3809,0.1776
-0.0650,0.4136,0.1793
-0.0650,0.4492,0.1823
-0.0300,0.4910,0.1849
-0.0600,0.5266,0.1874
-0.0750,0.5623,0.1898
-0.0700,0.5950,0.1920
-0.0650,0.6189,0.1940
-0.0550,0.6338,0.1959
-0.0550,0.6458,0.1979
-0.0450,0.6458,0.1996
-0.0450,0.6396,0.2011
-0.0350,0.6277,0.2023
-0.0500,0.6099,0.2018
-0.0450,0.5891,0.1996
-0.0450,0.5713,0.1972
-0.0300,0.5474,0.1947
0.2900,0.5237,0.1923
0.2150,0.5029,0.1898
-0.2000,0.4910,0.1874
-0.0900,0.4731,0.1849
-0.0250,0.4553,0.1837
-0.0300,0.4434,0.1832
-0.0300,0.4314,0.1823
-0.0200,0.4194,0.1810
-0.0200,0.4077,0.1815
-0.0150,0.3958,0.1835
-0.0100,0.3867,0.1854
0.0000,0.3779,0.1876
0.0050,0.3718,0.1906
0.0150,0.3599,0.1940
0.0300,0.3540,0.1962
0.0400,0.3452,0.1969
0.0700,0.3362,0.1959
0.1050,0.3303,0.1935
0.1600,0.3213,0.1911
0.2050,0.3123,0.1884
0.1900,0.3035,0.1859
0.1100,0.2944,0.1835
0.0250,0.2886,0.1820
-0.0300,0.2798,0.1815
-0.0500,0.2798,0.1815
-0.0550,0.2827,0.1823
-0.0550,0.2944,0.1842
-0.0500,0.3184,0.1874
-0.0500,0.3540,0.1911
-0.0450,0.3928,0.1957
-0.0300,0.4404,0.2013
-0.0350,0.4849,0.2079
-0.0550,0.5205,0.2135
-0.0650,0.5530,0.2179
-0.0600,0.5784,0.2223
-0.0500,0.5979,0.2270
-0.0500,0.6091,0.2306
-0.0400,0.6177,0.2333
-0.0400,0.6147,0.2355
-0.0350,0.6035,0.2372
-0.0400,0.5923,0.2387
-0.0400,0.5754,0.2399
-0.0350,0.5559,0.2409
-0.0400,0.5361,0.2416
0.1150,0.5166,0.2411
0.4050,0.4971,0.2397
-0.1100,0.4832,0.2365
-0.1500,0.4663,0.2326
-0.0300,0.4521,0.2294
-0.0250,0.4382,0.2270
-0.0300,0.4241,0.2245
-0.0250,0.4158,0.2218
-0.0250,0.4072,0.2209
-0.0150,0.3960,0.2216
-0.0150,0.3877,0.2233
-0.0050,0.3792,0.2260
-0.0050,0.3735,0.2292
0.0050,0.3652,0.2326
0.0200,0.3567,0.2355
0.0350,0.3511,0.2375
0.0550,0.3428,0.2372
0.0900,0.3372,0.2348
0.1300,0.3286,0.2309
0.1800,0.3203,0.2262
0.2000,0.3118,0.2238
0.1450,0.3062,0.2233
0.0550,0.2979,0.2253
-0.0100,0.2922,0.2294
-0.0450,0.2893,0.2367
-0.0600,0.3005,0.2470
-0.0650,0.3147,0.2604
-0.0650,0.3398,0.2768
-0.0600,0.3735,0.2959
-0.0600,0.4158,0.3176
-0.0450,0.4607,0.3418
-0.0300,0.5027,0.3682
-0.0600,0.5417,0.3943
-0.0750,0.5811,0.4202
-0.0700,0.6091,0.4464
-0.0650,0.6345,0.4730
-0.0600,0.6484,0.4977
-0.0550,0.6570,0.5211
-0.0400,0.6597,0.5446
-0.0400,0.6541,0.5678
-0.0350,0.6428,0.5900
-0.0450,0.6289,0.6113
-0.0400,0.6091,0.6316
-0.0400,0.5896,0.6514
0.0000,0.5698,0.6707
0.4050,0.5503,0.6895
0.1550,0.5334,0.7071
-0.1550,0.5193,0.7234
-0.0600,0.5027,0.7391
-0.0350,0.4971,0.7540
-0.0400,0.4858,0.7681
-0.0350,0.4746,0.7823
-0.0300,0.4663,0.7972
-0.0300,0.4578,0.8124
-0.0250,0.4521,0.8270
-0.0200,0.4438,0.8409
-0.0100,0.4382,0.8534
-0.0050,0.4326,0.8649
-0.0050,0.4241,0.8764
0.0050,0.4185,0.8879
0.0250,0.4128,0.8971
0.0500,0.4072,0.9050
0.0850,0.4016,0.9103
0.1350,0.3960,0.9140
0.1900,0.3904,0.9169
0.1650,0.3821,0.9199
0.0800,0.3765,0.9226
0.0000,0.3735,0.9252
-0.0450,0.3765,0.9289
-0.0600,0.3848,0.9333
-0.0650,0.3989,0.9372
-0.0650,0.4241,0.9409
-0.0600,0.4578,0.9450
-0.0600,0.4971,0.9497
-0.0500,0.5391,0.9528
0.0050,0.5840,0.9543
-0.0500,0.6260,0.9538
-0.0650,0.6653,0.9516
-0.0750,0.6990,0.9482
-0.0650,0.7244,0.9433
-0.0500,0.7439,0.9360
-0.0450,0.7551,0.9262
-0.0350,0.7581,0.9147
-0.0400,0.7524,0.9015
-0.0350,0.7439,0.8864
-0.0400,0.7383,0.8698
-0.0450,0.7244,0.8519
-0.0400,0.7075,0.8331
-0.0300,0.6851,0.8136
0.2750,0.6626,0.7933
0.2600,0.6458,0.7716
-0.1900,0.6233,0.7488
-0.0950,0.6064,0.7264
-0.0300,0.5867,0.7041
-0.0300,0.5754,0.6834
-0.0300,0.5586,0.6633
-0.0300,0.5474,0.6433
-0.0300,0.5361,0.6230
-0.0250,0.5278,0.6037
-0.0200,0.5193,0.5851
-0.0100,0.5081,0.5673
-0.0050,0.5000,0.5497
0.0000,0.4915,0.5326
0.0150,0.4832,0.5158
0.0300,0.4746,0.4979
0.0600,0.4634,0.4796
0.1000,0.4521,0.4608
0.1450,0.4465,0.4417
0.1950,0.4353,0.4234
0.1900,0.4241,0.4058
0.1050,0.4128,0.3899
0.0150,0.4045,0.3753
-0.0400,0.3960,0.3631
-0.0650,0.3867,0.3521
-0.0750,0.3896,0.3413
-0.0750,0.3987,0.3311
-0.0750,0.4165,0.3220
-0.0750,0.4492,0.3137
-0.0750,0.4849,0.3061
-0.0500,0.5176,0.2993
-0.0550,0.5593,0.2929
-0.0800,0.5979,0.2868
-0.0950,0.6338,0.2810
-0.0800,0.6604,0.2751
-0.0700,0.6814,0.2697
-0.0700,0.6934,0.2644
-0.0650,0.6963,0.2592
-0.0600,0.6934,0.2543
-0.0600,0.6814,0.2495
-0.0600,0.6665,0.2446
-0.0650,0.6458,0.2389
-0.0600,0.6248,0.2328
-0.0650,0.6011,0.2272
0.0500,0.5771,0.2218
0.3800,0.5535,0.2162
-0.1000,0.5325,0.2104
-0.1900,0.5117,0.2050
-0.0600,0.5000,0.2001
-0.0400,0.4849,0.1959
-0.0400,0.4700,0.1920
-0.0350,0.4553,0.1886
-0.0350,0.4434,0.1854
-0.0300,0.4314,0.1835
-0.0300,0.4255,0.1825
-0.0200,0.4136,0.1823
-0.0100,0.4016,0.1828
-0.0050,0.3928,0.1835
0.0050,0.3838,0.1842
0.0250,0.3750,0.1832
0.0550,0.3660,0.1810
0.0900,0.3540,0.1776
0.1350,0.3481,0.1737
0.1850,0.3362,0.1700
0.2050,0.3242,0.1669
0.1450,0.3184,0.1639
0.0500,0.3064,0.1615
-0.0200,0.3005,0.1603
-0.0600,0.2944,0.1600
-0.0700,0.2944,0.1603
-0.0750,0.3005,0.1615
-0.0750,0.3213,0.1639
-0.0750,0.3450,0.1674
-0.0700,0.3777,0.1708
-0.0700,0.4136,0.1740
-0.0400,0.4551,0.1776
-0.0700,0.4910,0.1820
-0.0850,0.5176,0.1859
-0.0900,0.5444,0.1893
-0.0800,0.5623,0.1923
-0.0750,0.5742,0.1950
-0.0700,0.5771,0.1962
-0.0650,0.5771,0.1964
-0.0650,0.5713,0.1959
-0.0550,0.5684,0.1950
-0.0650,0.5505,0.1945
-0.0650,0.5334,0.1945
-0.0650,0.5137,0.1940
-0.0550,0.4971,0.1930
0.2500,0.4775,0.1915
0.2200,0.4607,0.1896
-0.2150,0.4438,0.1867
-0.1050,0.4270,0.1830
-0.0450,0.4128,0.1806
-0.0400,0.4016,0.1793
-0.0400,0.3904,0.1786
-0.0300,0.3792,0.1788
-0.0300,0.3679,0.1806
-0.0250,0.3623,0.1835
-0.0250,0.3540,0.1871
-0.0200,0.3455,0.1915
-0.0050,0.3398,0.1952
0.0000,0.3315,0.1984
0.0150,0.3259,0.2011
0.0300,0.3174,0.2033
0.0600,0.3118,0.2033
0.1000,0.3062,0.2016
0.1500,0.3005,0.1994
0.1950,0.2922,0.1969
0.1800,0.2866,0.1945
0.0950,0.2810,0.1923
0.0100,0.2754,0.1908
-0.0400,0.2754,0.1901
-0.0650,0.2754,0.1901
-0.0750,0.2837,0.1906
-0.0750,0.2979,0.1913
-0.0750,0.3203,0.1925
-0.0700,0.3511,0.1947
-0.0700,0.3877,0.1979
-0.0450,0.4297,0.2018
-0.0500,0.4719,0.2062
-0.0750,0.5083,0.2106
-0.0800,0.5417,0.2152
-0.0700,0.5728,0.2189
-0.0700,0.5896,0.2221
-0.0650,0.6035,0.2245
-0.0650,0.6064,0.2265
-0.0600,0.6064,0.2272
-0.0550,0.5979,0.2270
-0.0600,0.5840,0.2258
-0.0700,0.5671,0.2238
-0.0650,0.5474,0.2216
-0.0650,0.5278,0.2189
0.0750,0.5054,0.2152
0.3800,0.4888,0.2104
-0.1250,0.4719,0.2047
-0.1700,0.4521,0.1991
-0.0550,0.4382,0.1950
-0.0450,0.4241,0.1925
-0.0400,0.4128,0.1920
-0.0400,0.4016,0.1935
-0.0300,0.3904,0.1969
-0.0300,0.3792,0.2025
-0.0250,0.3735,0.2111
-0.0200,0.3623,0.2226
-0.0150,0.3567,0.2370
-0.0100,0.3511,0.2536
0.0050,0.3455,0.2722
0.0150,0.3398,0.2920
0.0350,0.3372,0.3115
0.0700,0.3315,0.3313
0.1100,0.3259,0.3521
0.1600,0.3203,0.3736
0.1850,0.3147,0.3956
0.1300,0.3091,0.4180
0.0400,0.3035,0.4408
-0.0250,0.3035,0.4640
-0.0600,0.3062,0.4882
-0.0750,0.3118,0.5131
-0.0750,0.3259,0.5380
-0.0700,0.3484,0.5624
-0.0750,0.3792,0.5866
-0.0700,0.4158,0.6106
-0.0350,0.4551,0.6343
-0.0350,0.4971,0.6575
-0.0700,0.5361,0.6797
-0.0900,0.5698,0.7010
-0.0800,0.6035,0.7212
-0.0750,0.6289,0.7408
-0.0600,0.6428,0.7589
-0.0600,0.6541,0.7757
-0.0500,0.6570,0.7928
-0.0500,0.6541,0.8097
-0.0400,0.6484,0.8243
-0.0500,0.6372,0.8378
-0.0450,0.6204,0.8505
-0.0450,0.6035,0.8629
0.0050,0.5867,0.8744
0.4150,0.5698,0.8849
0.1400,0.5530,0.8945
-0.1550,0.5417,0.9035
-0.0650,0.5249,0.9120
-0.0350,0.5137,0.9201
-0.0400,0.5054,0.9269
-0.0350,0.5000,0.9328
-0.0300,0.4944,0.9387
-0.0250,0.4858,0.9450
-0.0250,0.4802,0.9514
-0.0200,0.4746,0.9580
-0.0150,0.4663,0.9648
-0.0100,0.4607,0.9712
0.0000,0.4551,0.9756
0.0150,0.4521,0.9783
0.0300,0.4465,0.9797
0.0600,0.4409,0.9797
0.1000,0.4353,0.9770
0.1550,0.4297,0.9719
0.1950,0.4241,0.9641
0.1700,0.4185,0.9541
0.0800,0.4128,0.9433
0.0050,0.4102,0.9318
-0.0400,0.4102,0.9194
-0.0600,0.4128,0.9057
-0.0650,0.4270,0.8913
-0.0650,0.4495,0.8759
-0.0650,0.4802,0.8590
-0.0650,0.5083,0.8412
-0.0600,0.5503,0.8224
0.0000,0.5923,0.8028
-0.0550,0.6316,0.7838
-0.0750,0.6814,0.7655
-0.0750,0.7112,0.7474
-0.0650,0.7378,0.7298
-0.0600,0.7556,0.7124
-0.0550,0.7646,0.6951
-0.0500,0.7678,0.6768
-0.0500,0.7678,0.6580
-0.0400,0.7588,0.6384
-0.0450,0.7498,0.6189
-0.0500,0.7319,0.6000
-0.0400,0.7141,0.5815
-0.0300,0.6902,0.5627
0.2650,0.6694,0.5436
0.2400,0.6487,0.5250
-0.2000,0.6248,0.5072
-0.0950,0.6069,0.4899
-0.0350,0.5830,0.4730
-0.0300,0.5684,0.4576
-0.0350,0.5564,0.4434
-0.0300,0.5444,0.4312
-0.0250,0.5325,0.4205
-0.0150,0.5208,0.4109
-0.0100,0.5088,0.4024
-0.0050,0.5000,0.3946
0.0000,0.4968,0.3872
0.0150,0.4849,0.3792
0.0250,0.4761,0.3706
0.0500,0.4670,0.3618
0.0800,0.4612,0.3526
0.1200,0.4492,0.3433
0.1750,0.4404,0.3335
0.2150,0.4314,0.3237
0.2000,0.4194,0.3140
0.1150,0.4077,0.3042
0.0250,0.4016,0.2944
-0.0300,0.3896,0.2846
-0.0550,0.3838,0.2751
-0.0650,0.3809,0.2675
-0.0600,0.3896,0.2614
-0.0600,0.4045,0.2560
-0.0550,0.4285,0.2509
-0.0600,0.4612,0.2460
-0.0300,0.4939,0.2414
-0.0350,0.5295,0.2380
-0.0600,0.5681,0.2355
-0.0750,0.5979,0.2338
-0.0650,0.6248,0.2326
-0.0600,0.6458,0.2319
-0.0500,0.6575,0.2311
-0.0500,0.6606,0.2289
-0.0400,0.6606,0.2255
-0.0400,0.6516,0.2228
-0.0450,0.6367,0.2209
-0.0500,0.6189,0.2187
-0.0450,0.5950,0.2160
-0.0450,0.5742,0.2123
0.0650,0.5535,0.2079
0.4000,0.5295,0.2035
-0.0700,0.5117,0.1996
-0.1650,0.4968,0.1959
-0.0350,0.4790,0.1925
-0.0200,0.4670,0.1893
-0.0200,0.4453,0.1867
-0.0200,0.4324,0.1849
-0.0150,0.4194,0.1842
-0.0150,0.4067,0.1852
-0.0100,0.3970,0.1874
-0.0050,0.3875,0.1893
0.0050,0.3777,0.1913
0.0100,0.3682,0.1933
0.0200,0.3616,0.1950
0.0400,0.3521,0.1945
0.0650,0.3423,0.1925
0.1000,0.3359,0.1893
0.1450,0.3230,0.1854
0.1950,0.3167,0.1818
0.2200,0.3071,0.1784
0.1550,0.2974,0.1754
0.0650,0.2878,0.1725
-0.0100,0.2812,0.1700
-0.0450,0.2749,0.1678
-0.0600,0.2749,0.1666
-0.0650,0.2812,0.1664
-0.0600,0.2974,0.1666
-0.0600,0.3230,0.1678
-0.0600,0.3584,0.1703
-0.0550,0.4033,0.1737
-0.0200,0.4485,0.1779
-0.0500,0.4902,0.1828
-0.0650,0.5286,0.1879
-0.0600,0.5608,0.1933
-0.0600,0.5833,0.1986
-0.0500,0.6025,0.2038
-0.0500,0.6123,0.2072
-0.0400,0.6155,0.2091
-0.0400,0.6091,0.2106
-0.0300,0.5994,0.2121
-0.0450,0.5801,0.2123
-0.0400,0.5640,0.2118
-0.0400,0.5415,0.2106
-0.0300,0.5190,0.2089
0.2850,0.5032,0.2069
0.2250,0.4839,0.2045
-0.1900,0.4646,0.2021
-0.0850,0.4485,0.1996
-0.0300,0.4324,0.1979
-0.0250,0.4194,0.1972
-0.0200,0.4067,0.1969
-0.0200,0.4001,0.1974
-0.0150,0.3875,0.1979
-0.0100,0.3809,0.1989
0.0000,0.3745,0.2011
0.0000,0.3650,0.2040
0.0100,0.3616,0.2077
0.0150,0.3552,0.2116
0.0250,0.3489,0.2140
0.0450,0.3423,0.2148
0.0750,0.3359,0.2133
0.1150,0.3296,0.2106
0.1650,0.3230,0.2077
0.2050,0.3135,0.2047
0.1900,0.3037,0.2018
0.1100,0.2910,0.1989
0.0250,0.2812,0.1959
-0.0300,0.2749,0.1933
-0.0500,0.2781,0.1928
-0.0600,0.2876,0.1940
-0.0600,0.3069,0.1974
-0.0600,0.3423,0.2025
-0.0600,0.3840,0.2079
-0.0600,0.4292,0.2133
-0.0350,0.4871,0.2187
-0.0450,0.5320,0.2240
-0.0650,0.5769,0.2301
-0.0700,0.6155,0.2370
-0.0600,0.6477,0.2433
-0.0550,0.6670,0.2495
-0.0550,0.6765,0.2553
-0.0500,0.6799,0.2609
-0.0400,0.6765,0.2688
-0.0400,0.6638,0.2780
-0.0450,0.6477,0.2898
-0.0500,0.6284,0.3032
-0.0500,0.6025,0.3181
-0.0500,0.5833,0.3340
0.1100,0.5608,0.3516
0.4050,0.5415,0.3709
-0.1050,0.5222,0.3899
-0.1400,0.5063,0.4090
-0.0450,0.4966,0.4280
-0.0400,0.4839,0.4473
-0.0350,0.4709,0.4676
-0.0300,0.4646,0.4889
-0.0250,0.4517,0.5116
-0.0250,0.4453,0.5358
-0.0250,0.4355,0.5607
-0.0200,0.4292,0.5866
-0.0200,0.4229,0.6140
-0.0150,0.4163,0.6421
-0.0050,0.4099,0.6685
0.0100,0.4036,0.6924
0.0350,0.4001,0.7115
0.0650,0.3938,0.7269
0.1100,0.3875,0.7393
0.1600,0.3809,0.7496
0.1800,0.3745,0.7579
0.1350,0.3682,0.7650
0.0450,0.3616,0.7720
-0.0200,0.3584,0.7794
-0.0500,0.3584,0.7867
-0.0600,0.3682,0.7943
-0.0650,0.3906,0.8028
-0.0650,0.4194,0.8124
-0.0650,0.4580,0.8236
-0.0600,0.5029,0.8366
-0.0100,0.5513,0.8517
-0.0350,0.6025,0.8681
-0.0700,0.6541,0.8847
-0.0850,0.6958,0.9013
-0.0800,0.7344,0.9160
-0.0650,0.7634,0.9287
-0.0550,0.7795,0.9389
-0.0550,0.7922,0.9472
-0.0550,0.7957,0.9528
-0.0500,0.7922,0.9568
-0.0500,0.7827,0.9612
-0.0600,0.7588,0.9663
-0.0500,0.7410,0.9717
-0.0450,0.7231,0.9773
0.0300,0.7021,0.9822
0.4550,0.6843,0.9861
0.0700,0.6665,0.9875
-0.1450,0.6487,0.9866
-0.0550,0.6338,0.9841
-0.0350,0.6218,0.9805
-0.0400,0.6069,0.9758
-0.0350,0.5920,0.9702
-0.0300,0.5801,0.9634
-0.0250,0.5742,0.9548
-0.0200,0.5654,0.9445
-0.0200,0.5564,0.9323
-0.0100,0.5505,0.9189
-0.0050,0.5444,0.9042
0.0000,0.5356,0.8869
0.0150,0.5295,0.8673
0.0350,0.5208,0.8461
0.0650,0.5146,0.8234
0.1050,0.5029,0.7984
0.1600,0.5000,0.7723
0.1950,0.4910,0.7459
0.1600,0.4849,0.7198
0.0650,0.4761,0.6946
-0.0150,0.4702,0.6702
-0.0550,0.4641,0.6452
-0.0750,0.4670,0.6201
-0.0750,0.4731,0.5947
-0.0750,0.4939,0.5695
-0.0700,0.5146,0.5453
-0.0750,0.5503,0.5221
-0.0700,0.5891,0.5016
-0.0200,0.6338,0.4835
-0.0600,0.6785,0.4681
-0.0850,0.7170,0.4549
-0.0800,0.7527,0.4425
-0.0700,0.7825,0.4305
-0.0650,0.8035,0.4200
-0.0650,0.8184,0.4107
-0.0500,0.8213,0.4012
-0.0500,0.8123,0.3912
-0.0450,0.7974,0.3802
-0.0550,0.7737,0.3684
-0.0550,0.7498,0.3570
-0.0500,0.7200,0.3457
-0.0350,0.6902,0.3337
0.2700,0.6636,0.3210
0.2100,0.6367,0.3088
-0.2150,0.6128,0.2973
-0.1050,0.5891,0.2873
-0.0350,0.5684,0.2783
-0.0400,0.5505,0.2690
-0.0400,0.5325,0.2600
-0.0350,0.5208,0.2519
-0.0350,0.5029,0.2448
-0.0250,0.4968,0.2385
-0.0200,0.4849,0.2328
-0.0150,0.4761,0.2287
-0.0050,0.4670,0.2258
0.0000,0.4612,0.2228
0.0150,0.4492,0.2194
0.0300,0.4434,0.2140
0.0650,0.4343,0.2069
0.1050,0.4255,0.1989
0.1600,0.4194,0.1901
0.2000,0.4077,0.1815
0.1800,0.3987,0.1737
0.0950,0.3896,0.1671
0.0050,0.3809,0.1620
-0.0550,0.3750,0.1586
-0.0800,0.3689,0.1573
-0.0900,0.3750,0.1598
-0.0850,0.3838,0.1664
-0.0800,0.4045,0.1791
-0.0750,0.4314,0.1969
-0.0750,0.4670,0.2187
-0.0550,0.5027,0.2433
-0.0550,0.5386,0.2692
-0.0700,0.5771,0.2951
-0.0750,0.6099,0.3166
-0.0700,0.6338,0.3333
-0.0650,0.6516,0.3408
-0.0600,0.6606,0.3403
-0.0500,0.6636,0.3320
-0.0500,0.6575,0.3176
-0.0500,0.6458,0.2995
-0.0550,0.6338,0.2793
-0.0650,0.6128,0.2602
-0.0600,0.5920,0.2431
-0.0650,0.5713,0.2280
0.0500,0.5474,0.2145
0.3900,0.5295,0.2018
-0.1000,0.5088,0.1893
-0.1850,0.4968,0.1784
-0.0650,0.4849,0.1686
-0.0500,0.4670,0.1608
-0.0550,0.4553,0.1547
-0.0600,0.4463,0.1507
-0.0550,0.4373,0.1488
-0.0550,0.4285,0.1488
-0.0550,0.4194,0.1510
-0.0500,0.4106,0.1554
-0.0500,0.4016,0.1615
-0.0450,0.3958,0.1678
-0.0300,0.3867,0.1740
-0.0100,0.3779,0.1784
0.0250,0.3718,0.1808
0.0650,0.3599,0.1813
0.1100,0.3540,0.1801
0.1600,0.3452,0.1784
0.1800,0.3362,0.1766
0.1250,0.3303,0.1759
0.0350,0.3242,0.1757
-0.0350,0.3184,0.1752
-0.0650,0.3154,0.1742
-0.0750,0.3213,0.1740
-0.0750,0.3333,0.1744
-0.0700,0.3511,0.1754
-0.0800,0.3809,0.1766
-0.0850,0.4165,0.1791
-0.1050,0.4551,0.1825
-0.0900,0.4939,0.1854
-0.0950,0.5278,0.1884
-0.0750,0.5586,0.1920
0.0050,0.5840,0.1962
-0.0250,0.6064,0.2018
-0.0750,0.6204,0.2084
-0.0750,0.6233,0.2138
-0.0800,0.6233,0.2182
-0.0800,0.6147,0.2226
-0.0550,0.6035,0.2277
-0.0900,0.5867,0.2345
-0.0900,0.5811,0.2429
-0.0600,0.5642,0.2504
-0.0250,0.5447,0.2570
0.3300,0.5278,0.2612
0.2250,0.5081,0.2631
-0.1650,0.4971,0.2636
-0.0550,0.4858,0.2629
-0.0050,0.4690,0.2622
-0.0100,0.4578,0.2614
-0.0050,0.4465,0.2585
0.0000,0.4409,0.2541
-0.0050,0.4297,0.2477
-0.0050,0.4214,0.2399
-0.0050,0.4128,0.2338
-0.0050,0.4072,0.2297
0.0000,0.3989,0.2287
0.0050,0.3904,0.2301
0.0300,0.3848,0.2326
0.0550,0.3792,0.2355
0.0850,0.3708,0.2380
0.1300,0.3652,0.2399
0.1800,0.3567,0.2414
0.2250,0.3511,0.2426
0.2150,0.3455,0.2436
0.1350,0.3372,0.2446
0.0400,0.3315,0.2463
-0.0150,0.3259,0.2487
-0.0350,0.3259,0.2526
-0.0500,0.3286,0.2580
-0.0500,0.3398,0.2656
-0.0500,0.3596,0.2749
-0.0500,0.3904,0.2866
-0.0550,0.4270,0.3005
-0.0150,0.4663,0.3188
-0.0450,0.5027,0.3408
-0.0650,0.5391,0.3655
-0.0600,0.5754,0.3924
-0.0500,0.6035,0.4210
-0.0400,0.6289,0.4505
-0.0400,0.6428,0.4798
-0.0350,0.6541,0.5092
-0.0350,0.6570,0.5380
-0.0250,0.6514,0.5666
-0.0300,0.6428,0.5942
-0.0350,0.6289,0.6206
-0.0350,0.6121,0.6450
-0.0400,0.5952,0.6682
0.1650,0.5728,0.6912
0.4250,0.5559,0.7137
-0.1000,0.5361,0.7342
-0.1050,0.5193,0.7527
-0.0350,0.5054,0.7699
-0.0350,0.4971,0.7857
-0.0300,0.4888,0.7999
-0.0300,0.4802,0.8124
-0.0250,0.4746,0.8238
-0.0200,0.4663,0.8344
-0.0150,0.4607,0.8451
0.0000,0.4578,0.8566
0.0100,0.4521,0.8690
0.0200,0.4465,0.8825
0.0300,0.4438,0.8947
0.0450,0.4382,0.9054
0.0600,0.4326,0.9142
0.0850,0.4270,0.9213
0.1250,0.4214,0.9252
0.1750,0.4185,0.9267
0.1900,0.4128,0.9282
0.1200,0.4072,0.9299
0.0350,0.4016,0.9326
-0.0300,0.3989,0.9367
-0.0650,0.4016,0.9436
-0.0600,0.4072,0.9526
-0.0600,0.4270,0.9614
-0.0550,0.4495,0.9697
-0.0550,0.4832,0.9775
-0.0450,0.5166,0.9851
0.0100,0.5615,0.9912
-0.0250,0.6008,0.9963
-0.0550,0.6458,1.0000
-0.0650,0.6821,1.0000
-0.0550,0.7158,1.0000
-0.0400,0.7412,1.0000
-0.0250,0.7581,1.0000
-0.0200,0.7693,0.9949
-0.0100,0.7749,0.9873
-0.0100,0.7693,0.9783
-0.0100,0.7607,0.9663
-0.0200,0.7495,0.9514
-0.0200,0.7356,0.9304
-0.0200,0.7158,0.9037
0.0850,0.6963,0.8695
0.4500,0.6794,0.8287
-0.0400,0.6597,0.7821
-0.1750,0.6428,0.7310
-0.0700,0.6260,0.6775
-0.0650,0.6064,0.6233
-0.0550,0.5923,0.5737
-0.0600,0.5754,0.5299
-0.0600,0.5642,0.4974
-0.0500,0.5530,0.4757
-0.0450,0.5474,0.4671
-0.0400,0.5361,0.4698
-0.0250,0.5278,0.4811
-0.0250,0.5193,0.4979
-0.0200,0.5081,0.5158
-0.0050,0.5027,0.5341
0.0150,0.4971,0.5534
0.0550,0.4915,0.5732
0.1100,0.4802,0.5917
0.1800,0.4746,0.6093
0.2250,0.4634,0.6269
0.1850,0.4551,0.6443
0.1000,0.4465,0.6606
0.0100,0.4373,0.6755
-0.0500,0.4343,0.6836
-0.0900,0.4373,0.6851
-0.0900,0.4492,0.6763
-0.0650,0.4700,0.6584
-0.0400,0.4939,0.6316
-0.0350,0.5237,0.5983
-0.0200,0.5623,0.5632
0.0100,0.6040,0.5272
-0.0450,0.6396,0.4933
-0.0650,0.6753,0.4618
-0.0650,0.7021,0.4337
-0.0550,0.7231,0.4085
-0.0450,0.7349,0.3855
-0.0400,0.7380,0.3648
-0.0300,0.7380,0.3474
-0.0400,0.7349,0.3333
-0.0250,0.7231,0.3235
-0.0450,0.7051,0.3169
-0.0400,0.6843,0.3130
-0.0350,0.6604,0.3108
-0.0250,0.6338,0.3093
0.3000,0.6069,0.3078
0.2150,0.5830,0.3056
-0.2050,0.5593,0.3027
-0.0950,0.5386,0.2983
-0.0350,0.5208,0.2927
-0.0350,0.5029,0.2861
-0.0350,0.4968,0.2785
-0.0300,0.4849,0.2705
-0.0350,0.4731,0.2622
-0.0350,0.4670,0.2546
-0.0250,0.4553,0.2480
-0.0100,0.4492,0.2431
0.0000,0.4404,0.2397
0.0100,0.4314,0.2382
0.0300,0.4226,0.2380
0.0550,0.4136,0.2380
0.0850,0.4077,0.2380
0.1250,0.3987,0.2350
0.1800,0.3896,0.2297
0.2250,0.3838,0.2236
0.2100,0.3750,0.2172
0.1150,0.3660,0.2116
0.0200,0.3599,0.2065
-0.0400,0.3540,0.2021
-0.0750,0.3511,0.1977
-0.0900,0.3540,0.1918
-0.0850,0.3660,0.1849
-0.0750,0.3779,0.1798
-0.0650,0.4045,0.1771
-0.0650,0.4373,0.1786
-0.0350,0.4729,0.1837
-0.0500,0.5088,0.1923
-0.0750,0.5444,0.2030
-0.0800,0.5771,0.2128
-0.0750,0.6069,0.2214
-0.0750,0.6277,0.2289
-0.0700,0.6396,0.2360
-0.0650,0.6428,0.2414
-0.0500,0.6396,0.2455
-0.0400,0.6338,0.2497
-0.0400,0.6218,0.2541
-0.0450,0.6040,0.2585
-0.0350,0.5830,0.2626
-0.0300,0.5652,0.2639
0.0900,0.5444,0.2619
0.4250,0.5237,0.2553
-0.0700,0.5059,0.2441
-0.1550,0.4968,0.2294
-0.0450,0.4790,0.2121
-0.0400,0.4670,0.1950
-0.0500,0.4553,0.1788
-0.0450,0.4492,0.1659
-0.0400,0.4373,0.1561
-0.0250,0.4314,0.1515
-0.0150,0.4226,0.1510
-0.0050,0.4165,0.1547
0.0000,0.4136,0.1613
0.0050,0.4106,0.1700
0.0150,0.4077,0.1803
0.0250,0.4048,0.1886
0.0500,0.3809,0.1957
0.0800,0.3750,0.2021
0.1250,0.3718,0.2082
0.1750,0.3660,0.2133
0.1950,0.3599,0.2172
0.1350,0.3511,0.2194
0.0400,0.3420,0.2201
-0.0300,0.3362,0.2199
-0.0600,0.3333,0.2187
-0.0800,0.3333,0.2160
-0.0800,0.3420,0.2121
-0.0900,0.3569,0.2094
-0.0850,0.3838,0.2079
-0.0750,0.4194,0.2091
-0.0500,0.4551,0.2126
-0.0200,0.4939,0.2174
-0.0450,0.5325,0.2233
-0.0500,0.5681,0.2292
-0.0450,0.6040,0.2348
-0.0450,0.6306,0.2389
-0.0400,0.6458,0.2419
-0.0500,0.6545,0.2421
-0.0450,0.6606,0.2402
-0.0450,0.6545,0.2365
-0.0350,0.6516,0.2316
-0.0550,0.6396,0.2270
-0.0450,0.6277,0.2228
-0.0400,0.6069,0.2196
-0.0050,0.5891,0.2177
0.3550,0.5652,0.2165
0.1750,0.5474,0.2155
-0.1800,0.5295,0.2130
-0.0600,0.5146,0.2094
-0.0150,0.5000,0.2047
-0.0250,0.4910,0.1991
-0.0300,0.4790,0.1913
-0.0300,0.4702,0.1815
-0.0350,0.4612,0.1713
-0.0350,0.4492,0.1617
-0.0350,0.4434,0.1566
-0.0300,0.4343,0.1566
-0.0150,0.4255,0.1644
-0.0100,0.4194,0.1788
0.0050,0.4106,0.1979
0.0250,0.4048,0.2201
0.0500,0.3987,0.2453
0.0900,0.3928,0.2727
0.1350,0.3867,0.3015
0.1650,0.3779,0.3315
0.1500,0.3718,0.3613
0.0700,0.3660,0.3912
-0.0150,0.3599,0.4205
-0.0500,0.3569,0.4498
-0.0600,0.3569,0.4789
-0.0550,0.3599,0.5075
-0.0550,0.3718,0.5351
-0.0400,0.3926,0.5619
-0.0250,0.4194,0.5888
-0.0100,0.4583,0.6157
0.0300,0.4968,0.6396
-0.0150,0.5415,0.6606
-0.0650,0.5833,0.6777
-0.0650,0.6248,0.6912
-0.0350,0.6604,0.7002
-0.0250,0.6902,0.7056
-0.0050,0.7112,0.7102
-0.0100,0.7231,0.7151
-0.0400,0.7290,0.7227
-0.0600,0.7261,0.7327
-0.0900,0.7202,0.7466
-0.1050,0.7080,0.7647
-0.1050,0.6934,0.7899
-0.1150,0.6755,0.8224
0.1400,0.6575,0.8644
0.3500,0.6396,0.9145
-0.1750,0.6218,0.9697
-0.1350,0.6099,1.0000
-0.0400,0.5920,1.0000
-0.0400,0.5801,1.0000
-0.0450,0.5742,1.0000
-0.0450,0.5623,1.0000
-0.0350,0.5564,1.0000
-0.0250,0.5505,1.0000
-0.0150,0.5415,1.0000
-0.0050,0.5356,1.0000
-0.0050,0.5295,1.0000
-0.0050,0.5237,1.0000
-0.0050,0.5208,1.0000
0.0150,0.5146,1.0000
0.0400,0.5088,1.0000
0.0750,0.5029,1.0000
0.1200,0.5000,1.0000
0.1800,0.4968,0.9719
0.1900,0.4910,0.9372
0.1200,0.4849,0.9045
0.0300,0.4790,0.8742
-0.0300,0.4761,0.8461
-0.0600,0.4731,0.8214
-0.0700,0.4790,0.7997
-0.0750,0.4910,0.7806
-0.0650,0.5088,0.7628
-0.0550,0.5444,0.7457
-0.0500,0.5898,0.7286
-0.0150,0.6411,0.7115
-0.0300,0.6926,0.6946
-0.0650,0.7407,0.6792
-0.0850,0.7859,0.6645
-0.0800,0.8245,0.6494
-0.0650,0.8564,0.6340
-0.0650,0.8823,0.6174
-0.0550,0.8953,0.5996
-0.0500,0.8953,0.5812
-0.0400,0.8887,0.5622
-0.0400,0.8726,0.5439
-0.0450,0.8533,0.5260
-0.0450,0.8213,0.5089
-0.0500,0.7922,0.4921
0.0850,0.7634,0.4754
0.3950,0.7312,0.4588
-0.1100,0.6990,0.4415
-0.1750,0.6733,0.4232
-0.0600,0.6477,0.4036
-0.0400,0.6284,0.3826
-0.0350,0.6060,0.3618
-0.0350,0.5898,0.3416
-0.0250,0.5737,0.3223
-0.0150,0.5608,0.3042
-0.0050,0.5481,0.2893
-0.0100,0.5352,0.2768
-0.0100,0.5256,0.2663
-0.0100,0.5159,0.2573
-0.0050,0.5063,0.2492
0.0150,0.5000,0.2419
0.0250,0.4934,0.2336
0.0600,0.4871,0.2240
0.0950,0.4773,0.2140
0.0850,0.4709,0.2035
0.0400,0.4614,0.1928
-0.0450,0.4548,0.1820
-0.0700,0.4453,0.1720
-0.1100,0.4387,0.1632
-0.2200,0.4355,0.1561
-0.2450,0.4355,0.1507
-0.1450,0.4453,0.1473
-0.0050,0.4612,0.1456
0.0950,0.4871,0.1449
0.0600,0.5159,0.1451
0.0450,0.5544,0.1451
0.0700,0.5962,0.1449
0.0100,0.6379,0.1454
-0.0100,0.6765,0.1463
-0.0500,0.7119,0.1468
-0.0800,0.7375,0.1468
-0.0600,0.7537,0.1466
-0.0550,0.7666,0.1459
-0.0150,0.7698,0.1441
-0.0050,0.7634,0.1415
-0.0250,0.7505,0.1380
-0.0700,0.7312,0.1341
-0.0800,0.7056,0.1310
-0.0750,0.6797,0.1285
-0.0500,0.6541,0.1266
0.2600,0.6284,0.1248
0.1400,0.6025,0.1246
0.0050,0.5713,0.1251
-0.0150,0.5505,0.1256
0.1250,0.5325,0.1258
0.0850,0.5146,0.1268
0.0700,0.5029,0.1285
-0.0350,0.4968,0.1307
0.1600,0.4849,0.1332
0.1850,0.4731,0.1349
0.1950,0.4670,0.1358
0.1350,0.4553,0.1373
0.0250,0.4492,0.1393
0.0000,0.4373,0.1417
0.0750,0.4314,0.1444
0.1000,0.4194,0.1481
0.1000,0.4136,0.1527
0.1050,0.4016,0.1578
0.1300,0.3928,0.1637
0.1600,0.3838,0.1708
0.1400,0.3718,0.1786
0.0500,0.3660,0.1852
-0.0300,0.3569,0.1903
-0.0800,0.3511,0.1947
-0.0950,0.3511,0.1984
-0.1000,0.3569,0.2016
-0.1050,0.3718,0.2043
-0.1050,0.3958,0.2067
-0.0950,0.4253,0.2089
-0.0750,0.4670,0.2128
-0.0300,0.4790,0.2182
-0.0300,0.5117,0.2223
-0.0400,0.5503,0.2260
-0.0750,0.5920,0.2287
-0.1000,0.6218,0.2309
-0.1000,0.6487,0.2326
-0.0850,0.6694,0.2341
-0.0700,0.6814,0.2350
-0.0700,0.6843,0.2360
-0.0700,0.6843,0.2370
-0.0800,0.6755,0.2380
-0.0800,0.6636,0.2397
-0.0750,0.6458,0.2419
-0.0800,0.6277,0.2426
0.0650,0.6069,0.2416
0.3800,0.5862,0.2380
-0.1400,0.5652,0.2323
-0.1900,0.5474,0.2260
-0.0750,0.5325,0.2194
-0.0700,0.5146,0.2145
-0.0700,0.5029,0.2111
-0.0750,0.4968,0.2089
-0.0650,0.4849,0.2077
-0.0500,0.4790,0.2069
-0.0250,0.4702,0.2069
-0.0150,0.4641,0.2094
-0.0050,0.4583,0.2135
0.0050,0.4553,0.2179
0.0150,0.4492,0.2226
0.0200,0.4463,0.2253
0.0400,0.4373,0.2262
0.0750,0.4314,0.2250
0.1200,0.4226,0.2221
0.1650,0.4136,0.2179
0.1800,0.4016,0.2130
0.1250,0.3896,0.2084
0.0300,0.3779,0.2043
-0.0300,0.3718,0.2003
-0.0650,0.3630,0.1972
-0.0750,0.3630,0.1981
-0.0800,0.3660,0.2033
-0.0800,0.3809,0.2145
-0.0750,0.4075,0.2311
-0.0650,0.4404,0.2529
-0.0550,0.4819,0.2783
-0.0350,0.5176,0.3027
-0.0550,0.5652,0.3249
-0.0700,0.6069,0.3403
-0.0600,0.6455,0.3491
-0.0600,0.6785,0.3494
-0.0500,0.7021,0.3430
-0.0500,0.7170,0.3342
-0.0450,0.7290,0.3240
-0.0450,0.7319,0.3149
-0.0350,0.7261,0.3071
-0.0450,0.7170,0.3017
-0.0450,0.6992,0.2990
-0.0450,0.6843,0.3000
-0.0100,0.6636,0.3042
0.3700,0.6426,0.3098
0.0900,0.6218,0.3164
-0.1900,0.6040,0.3235
-0.0700,0.5862,0.3313
-0.0350,0.5684,0.3416
-0.0350,0.5564,0.3540
-0.0350,0.5444,0.3670
-0.0300,0.5325,0.3804
-0.0200,0.5208,0.3948
-0.0050,0.5146,0.4105
0.0000,0.5059,0.4280
0.0000,0.5000,0.4473
0.0000,0.4968,0.4696
0.0050,0.4910,0.4945
0.0100,0.4849,0.5204
0.0250,0.4761,0.5465
0.0500,0.4702,0.5710
0.0850,0.4641,0.5942
0.1300,0.4583,0.6172
0.1800,0.4492,0.6404
0.1550,0.4434,0.6645
0.0800,0.4343,0.6897
0.0000,0.4255,0.7163
-0.0450,0.4226,0.7440
-0.0600,0.4226,0.7684
-0.0600,0.4314,0.7896
-0.0550,0.4463,0.8055
-0.0500,0.4729,0.8172
-0.0500,0.5059,0.8258
-0.0400,0.5444,0.8317
0.0300,0.5891,0.8356
-0.0350,0.6367,0.8380
-0.0600,0.6843,0.8392
-0.0650,0.7229,0.8397
-0.0550,0.7617,0.8407
-0.0400,0.7915,0.8419
-0.0400,0.8093,0.8434
-0.0350,0.8242,0.8453
-0.0350,0.8333,0.8485
-0.0250,0.8301,0.8527
-0.0350,0.8242,0.8576
-0.0350,0.8093,0.8629
-0.0300,0.7915,0.8676
-0.0300,0.7676,0.8717
0.2600,0.7439,0.8744
0.3550,0.7200,0.8759
-0.1500,0.6963,0.8774
-0.0950,0.6755,0.8793
-0.0400,0.6545,0.8813
-0.0450,0.6396,0.8830
-0.0400,0.6218,0.8827
-0.0350,0.6099,0.8808
-0.0300,0.5981,0.8776
-0.0250,0.5862,0.8732
-0.0250,0.5742,0.8671
-0.0100,0.5654,0.8598
-0.0050,0.5564,0.8524
0.0100,0.5505,0.8449
0.0150,0.5415,0.8351
0.0350,0.5325,0.8234
0.0600,0.5266,0.8085
0.0900,0.5178,0.7906
0.1400,0.5117,0.7708
0.1850,0.5029,0.7493
0.1750,0.5000,0.7266
0.1000,0.4939,0.7034
0.0050,0.4880,0.6817
-0.0500,0.4819,0.6609
-0.0700,0.4761,0.6413
-0.0750,0.4790,0.6225
-0.0750,0.4910,0.6044
-0.0750,0.5059,0.5869
-0.0700,0.5386,0.5698
-0.0650,0.5771,0.5529
-0.0200,0.6248,0.5373
-0.0450,0.6724,0.5226
-0.0700,0.7200,0.5079
-0.0800,0.7676,0.4928
-0.0700,0.8064,0.4776
-0.0650,0.8391,0.4625
-0.0600,0.8628,0.4473
-0.0600,0.8777,0.4317
-0.0550,0.8809,0.4153
-0.0500,0.8748,0.3980
-0.0500,0.8599,0.3799
-0.0550,0.8391,0.3613
-0.0500,0.8152,0.3423
-0.0500,0.7854,0.3232
0.1050,0.7556,0.3049
0.3900,0.7261,0.2878
-0.1250,0.6963,0.2727
-0.1700,0.6724,0.2590
-0.0500,0.6487,0.2465
-0.0400,0.6277,0.2353
-0.0350,0.6099,0.2258
-0.0350,0.5920,0.2179
-0.0300,0.5801,0.2121
-0.0250,0.5623,0.2082
-0.0250,0.5505,0.2055
-0.0150,0.5386,0.2040
-0.0050,0.5266,0.2043
0.0050,0.5146,0.2057
0.0200,0.5029,0.2072
0.0400,0.5000,0.2084
0.0650,0.4910,0.2086
0.1000,0.4790,0.2082
0.1400,0.4670,0.2072
0.1900,0.4553,0.2057
0.1950,0.4434,0.2038
0.1300,0.4314,0.2016
0.0300,0.4194,0.1991
-0.0350,0.4106,0.1964
-0.0650,0.4016,0.1928
-0.0750,0.3958,0.1884
-0.0750,0.3987,0.1845
-0.0700,0.4077,0.1810
-0.0700,0.4285,0.1779
-0.0700,0.4551,0.1752
-0.0600,0.4910,0.1747
-0.0250,0.5266,0.1759
-0.0600,0.5681,0.1774
-0.0800,0.6099,0.1793
-0.0700,0.6455,0.1832
-0.0600,0.6785,0.1889
-0.0600,0.7021,0.1947
-0.0600,0.7170,0.2006
-0.0500,0.7261,0.2062
-0.0550,0.7261,0.2118
-0.0450,0.7231,0.2165
-0.0600,0.7080,0.2199
-0.0600,0.6902,0.2206
-0.0550,0.6694,0.2192
-0.0350,0.6487,0.2160
0.3050,0.6248,0.2118
0.1550,0.6069,0.2067
-0.2050,0.5891,0.2013
-0.0850,0.5713,0.1962
-0.0300,0.5564,0.1918
-0.0250,0.5386,0.1869
-0.0200,0.5237,0.1813
-0.0250,0.5088,0.1735
-0.0250,0.5000,0.1637
-0.0250,0.4910,0.1527
-0.0200,0.4790,0.1410
-0.0200,0.4670,0.1307
-0.0100,0.4583,0.1222
-0.0050,0.4492,0.1173
0.0100,0.4463,0.1161
0.0400,0.4404,0.1183
0.0650,0.4343,0.1229
0.1000,0.4285,0.1285
0.1450,0.4226,0.1346
0.1800,0.4136,0.1402
0.1550,0.4077,0.1451
0.0700,0.3958,0.1495
-0.0150,0.3867,0.1534
-0.0600,0.3779,0.1571
-0.0800,0.3689,0.1605
-0.0900,0.3630,0.1637
-0.0900,0.3660,0.1669
-0.0850,0.3748,0.1718
-0.0800,0.3989,0.1786
-0.0750,0.4241,0.1874
-0.0500,0.4607,0.1974
-0.0550,0.4971,0.2077
-0.0750,0.5361,0.2174
-0.0700,0.5784,0.2253
-0.0700,0.6177,0.2309
-0.0600,0.6541,0.2343
-0.0650,0.6794,0.2358
-0.0550,0.7019,0.2348
-0.0550,0.7214,0.2319
-0.0450,0.7271,0.2277
-0.0550,0.7300,0.2226
-0.0500,0.7271,0.2167
-0.0500,0.7158,0.2101
-0.0500,0.7019,0.2025
0.1250,0.6851,0.1937
0.3800,0.6682,0.1835
-0.1450,0.6514,0.1718
-0.1450,0.6316,0.1581
-0.0400,0.6147,0.1437
-0.0300,0.6008,0.1310
-0.0350,0.5867,0.1207
-0.0300,0.5754,0.1148
-0.0250,0.5642,0.1129
-0.0200,0.5530,0.1156
-0.0050,0.5474,0.1219
0.0050,0.5361,0.1319
0.0100,0.5305,0.1446
0.0200,0.5193,0.1593
0.0350,0.5110,0.1749
0.0550,0.5027,0.1886
0.0750,0.4971,0.2001
0.1100,0.4915,0.2082
0.1500,0.4802,0.2130
0.1950,0.4690,0.2138
0.2000,0.4578,0.2108
0.1250,0.4465,0.2040
0.0250,0.4353,0.1937
-0.0300,0.4270,0.1818
-0.0550,0.4185,0.1691
-0.0650,0.4128,0.1559
-0.0650,0.4128,0.1427
-0.0650,0.4241,0.1322
-0.0700,0.4382,0.1246
-0.0700,0.4690,0.1207
-0.0550,0.4998,0.1207
-0.0500,0.5391,0.1273
-0.0850,0.5840,0.1405
-0.1000,0.6233,0.1605
-0.0950,0.6653,0.1867
-0.0900,0.7046,0.2201
-0.0800,0.7356,0.2602
-0.0800,0.7581,0.3066
-0.0750,0.7776,0.3582
-0.0800,0.7888,0.4114
-0.0750,0.7917,0.4652
-0.0800,0.7888,0.5148
-0.0750,0.7776,0.5600
-0.0700,0.7581,0.5991
-0.0150,0.7356,0.6330
0.3900,0.7131,0.6624
0.0500,0.6851,0.6878
-0.1750,0.6626,0.7102
-0.0650,0.6401,0.7303
-0.0400,0.6177,0.7474
-0.0400,0.6008,0.7628
-0.0400,0.5840,0.7782
-0.0350,0.5698,0.7943
-0.0350,0.5530,0.8104
-0.0300,0.5417,0.8270
-0.0300,0.5305,0.8436
-0.0250,0.5249,0.8605
-0.0200,0.5166,0.8776
-0.0100,0.5137,0.8942
0.0000,0.5081,0.9089
0.0200,0.5054,0.9218
0.0600,0.5000,0.9345
0.0950,0.5000,0.9472
0.1400,0.4971,0.9607
0.1750,0.4915,0.9748
0.1400,0.4858,0.9885
0.0500,0.4802,1.0000
-0.0200,0.4746,1.0000
-0.0650,0.4719,1.0000
-0.0750,0.4719,1.0000
-0.0800,0.4802,1.0000
-0.0750,0.4971,1.0000
-0.0700,0.5193,1.0000
-0.0650,0.5530,1.0000
-0.0550,0.5952,1.0000
0.0150,0.6401,1.0000
-0.0550,0.6851,1.0000
-0.0800,0.7300,1.0000
-0.0800,0.7720,1.0000
-0.0650,0.8057,1.0000
-0.0500,0.8394,1.0000
-0.0550,0.8618,1.0000
-0.0400,0.8787,1.0000
-0.0400,0.8816,1.0000
-0.0300,0.8787,1.0000
-0.0400,0.8730,1.0000
-0.0400,0.8562,0.9973
-0.0350,0.8423,0.9836
-0.0150,0.8198,0.9699
0.3150,0.7944,0.9555
0.2450,0.7693,0.9404
-0.1800,0.7439,0.9260
-0.0850,0.7188,0.9120
-0.0350,0.6963,0.8984
-0.0400,0.6738,0.8849
-0.0350,0.6570,0.8708
-0.0300,0.6372,0.8556
-0.0250,0.6204,0.8390
-0.0150,0.6064,0.8212
-0.0050,0.5923,0.8023
0.0000,0.5784,0.7830
0.0000,0.5642,0.7642
0.0100,0.5530,0.7454
0.0150,0.5417,0.7254
0.0400,0.5305,0.7034
0.0700,0.5193,0.6795
0.1150,0.5081,0.6538
0.1650,0.5000,0.6269
0.2050,0.4910,0.5991
0.1850,0.4819,0.5717
0.1000,0.4731,0.5453
0.0100,0.4612,0.5221
-0.0450,0.4524,0.5018
-0.0650,0.4463,0.4850
-0.0700,0.4404,0.4708
-0.0750,0.4492,0.4586
-0.0700,0.4612,0.4476
-0.0700,0.4849,0.4368
-0.0650,0.5088,0.4261
-0.0250,0.5503,0.4158
-0.0500,0.5950,0.4053
-0.0750,0.6426,0.3951
-0.0800,0.6902,0.3843
-0.0700,0.7319,0.3728
-0.0650,0.7705,0.3606
-0.0600,0.7974,0.3486
-0.0500,0.8213,0.3372
-0.0400,0.8301,0.3259
-0.0400,0.8333,0.3152
-0.0400,0.8242,0.3044
-0.0450,0.8064,0.2939
-0.0350,0.7854,0.2849
-0.0350,0.7556,0.2766
0.1200,0.7261,0.2690
0.4000,0.6931,0.2619
-0.1050,0.6636,0.2524
-0.1500,0.6367,0.2407
-0.0250,0.6128,0.2267
-0.0100,0.5891,0.2106
-0.0150,0.5652,0.1915
-0.0150,0.5474,0.1700
-0.0200,0.5295,0.1481
-0.0200,0.5146,0.1263
-0.0200,0.5029,0.1082
-0.0200,0.4968,0.0946
-0.0150,0.4849,0.0872
-0.0100,0.4731,0.0855
0.0000,0.4641,0.0906
0.0200,0.4553,0.1014
0.0450,0.4463,0.1170
0.0800,0.4373,0.1358
0.1200,0.4255,0.1544
0.1700,0.4165,0.1720
0.1750,0.4077,0.1869
0.1100,0.3958,0.1994
0.0150,0.3838,0.2082
-0.0500,0.3718,0.2138
-0.0900,0.3630,0.2160
-0.0950,0.3569,0.2155
-0.0950,0.3540,0.2135
-0.0950,0.3599,0.2101
-0.0900,0.3748,0.2079
-0.0850,0.4016,0.2069
-0.0750,0.4373,0.2082
-0.0350,0.4790,0.2118
-0.0650,0.5176,0.2179
-0.0750,0.5623,0.2260
-0.0700,0.6040,0.2345
-0.0600,0.6396,0.2431
-0.0550,0.6665,0.2499
-0.0450,0.6765,0.2548
-0.0450,0.6877,0.2565
-0.0450,0.6963,0.2553
-0.0400,0.6907,0.2521
-0.0500,0.6821,0.2473
-0.0500,0.6682,0.2404
-0.0450,0.6514,0.2326
-0.0250,0.6289,0.2255
0.3100,0.6064,0.2194
0.1600,0.5867,0.2138
-0.2100,0.5671,0.2089
-0.0900,0.5474,0.2045
-0.0300,0.5305,0.2008
-0.0350,0.5193,0.1981
-0.0250,0.5054,0.1964
-0.0200,0.4971,0.1957
-0.0150,0.4858,0.1957
-0.0150,0.4802,0.1969
-0.0100,0.4690,0.1996
-0.0050,0.4578,0.2028
0.0050,0.4495,0.2067
0.0100,0.4409,0.2099
0.0300,0.4326,0.2126
0.0500,0.4241,0.2138
0.0750,0.4214,0.2138
0.1200,0.4128,0.2118
0.1650,0.4016,0.2086
0.1950,0.3960,0.2052
0.1700,0.3848,0.2025
0.0800,0.3735,0.2016
-0.0050,0.3623,0.2023
-0.0550,0.3511,0.2043
-0.0700,0.3398,0.2072
-0.0750,0.3372,0.2106
-0.0750,0.3342,0.2145
-0.0700,0.3428,0.2177
-0.0650,0.3596,0.2204
-0.0650,0.3848,0.2226
-0.0300,0.4185,0.2245
-0.0500,0.4607,0.2260
-0.0600,0.4971,0.2275
-0.0700,0.5391,0.2297
-0.0600,0.5811,0.2326
-0.0500,0.6147,0.2348
-0.0500,0.6428,0.2367
-0.0450,0.6653,0.2392
-0.0500,0.6765,0.2421
-0.0450,0.6851,0.2455
-0.0550,0.6851,0.2492
-0.0600,0.6765,0.2519
-0.0500,0.6626,0.2538
-0.0600,0.6458,0.2534
0.1300,0.6233,0.2504
0.3700,0.6008,0.2451
-0.1500,0.5784,0.2380
-0.1450,0.5586,0.2306
-0.0400,0.5417,0.2231
-0.0350,0.5249,0.2165
-0.0350,0.5081,0.2108
-0.0300,0.5000,0.2069
-0.0300,0.4915,0.2045
-0.0300,0.4802,0.2040
-0.0250,0.4690,0.2050
-0.0200,0.4578,0.2084
-0.0100,0.4495,0.2135
-0.0050,0.4409,0.2218
0.0050,0.4326,0.2326
0.0250,0.4241,0.2443
0.0500,0.4158,0.2568
0.0850,0.4072,0.2697
0.1250,0.3989,0.2832
0.1700,0.3904,0.2978
0.1750,0.3792,0.3137
0.1050,0.3679,0.3313
0.0250,0.3567,0.3506
-0.0400,0.3484,0.3697
-0.0650,0.3398,0.3892
-0.0750,0.3372,0.4107
-0.0750,0.3372,0.4339
-0.0750,0.3455,0.4583
-0.0700,0.3596,0.4838
-0.0700,0.3904,0.5099
-0.0150,0.4241,0.5365
-0.0350,0.4663,0.5634
-0.0700,0.5083,0.5905
-0.0800,0.5503,0.6167
-0.0700,0.5896,0.6423
-0.0600,0.6260,0.6672
-0.0550,0.6570,0.6914
-0.0550,0.6794,0.7132
-0.0500,0.6963,0.7327
-0.0450,0.7046,0.7505
-0.0400,0.7075,0.7674
-0.0500,0.7046,0.7830
-0.0450,0.6934,0.7979
-0.0450,0.6765,0.8111
0.0150,0.6570,0.8231
0.4250,0.6345,0.8339
0.0800,0.6147,0.8439
-0.1550,0.5952,0.8532
-0.0500,0.5754,0.8622
-0.0300,0.5615,0.8717
-0.0300,0.5474,0.8820
-0.0250,0.5361,0.8927
-0.0250,0.5278,0.9037
-0.0150,0.5193,0.9150
-0.0150,0.5137,0.9262
-0.0100,0.5081,0.9379
-0.0050,0.5027,0.9497
0.0000,0.5000,0.9614
0.0100,0.4971,0.9729
0.0250,0.4915,0.9822
0.0500,0.4832,0.9897
0.0900,0.4746,0.9958
0.1300,0.4663,1.0000
0.1800,0.4607,1.0000
0.2100,0.4578,1.0000
0.1650,0.4551,1.0000
0.0700,0.4551,1.0000
-0.0050,0.4551,1.0000
-0.0400,0.4551,1.0000
-0.0600,0.4551,1.0000
-0.0600,0.4551,0.9939
-0.0600,0.4578,0.9851
-0.0500,0.4700,0.9741
-0.0450,0.4939,0.9604
-0.0450,0.5266,0.9450
0.0200,0.5713,0.9289
-0.0350,0.6189,0.9125
-0.0550,0.6724,0.8959
-0.0450,0.7170,0.8793
-0.0400,0.7527,0.8624
-0.0300,0.7886,0.8456
-0.0300,0.8152,0.8297
-0.0250,0.8330,0.8146
-0.0350,0.8452,0.7982
-0.0300,0.8452,0.7804
-0.0450,0.8420,0.7618
-0.0450,0.8330,0.7425
-0.0400,0.8152,0.7215
-0.0100,0.7915,0.6990
0.3200,0.7646,0.6746
0.1900,0.7378,0.6487
-0.2050,0.7080,0.6215
-0.0900,0.6785,0.5937
-0.0250,0.6545,0.5673
-0.0250,0.6306,0.5424
-0.0200,0.6128,0.5194
-0.0250,0.5920,0.4982
-0.0250,0.5742,0.4784
-0.0150,0.5593,0.4598
-0.0100,0.5444,0.4430
0.0000,0.5325,0.4276
0.0050,0.5208,0.4131
0.0200,0.5088,0.3997
0.0350,0.5000,0.3872
0.0500,0.4939,0.3750
0.0800,0.4849,0.3623
0.1200,0.4731,0.3491
0.1700,0.4670,0.3367
0.2050,0.4553,0.3245
0.1850,0.4434,0.3118
0.0950,0.4314,0.2986
0.0100,0.4255,0.2861
-0.0400,0.4136,0.2744
-0.0700,0.4048,0.2634
-0.0750,0.3987,0.2529
-0.0800,0.3987,0.2438
-0.0800,0.4048,0.2363
-0.0750,0.4224,0.2297
-0.0700,0.4463,0.2243
-0.0200,0.4790,0.2223
-0.0450,0.5146,0.2233
-0.0650,0.5564,0.2262
-0.0750,0.5979,0.2309
-0.0650,0.6367,0.2355
-0.0600,0.6694,0.2402
-0.0550,0.6963,0.2438
-0.0350,0.7112,0.2463
-0.0300,0.7231,0.2473
-0.0250,0.7261,0.2468
-0.0300,0.7170,0.2443
-0.0300,0.7051,0.2402
-0.0250,0.6843,0.2338
-0.0250,0.6604,0.2260
0.1050,0.6367,0.2170
0.4150,0.6128,0.2074
-0.0850,0.5891,0.1974
-0.1550,0.5652,0.1869
-0.0300,0.5415,0.1752
-0.0200,0.5237,0.1630
-0.0200,0.5029,0.1520
-0.0200,0.4939,0.1427
-0.0250,0.4790,0.1354
-0.0200,0.4670,0.1300
-0.0150,0.4521,0.1285
-0.0100,0.4373,0.1310
-0.0050,0.4255,0.1366
0.0100,0.4136,0.1446
0.0250,0.4016,0.1529
0.0350,0.3928,0.1608
0.0650,0.3838,0.1683
0.0950,0.3718,0.1754
0.1400,0.3599,0.1815
0.1900,0.3481,0.1867
0.2000,0.3362,0.1908
0.1350,0.3242,0.1942
0.0400,0.3123,0.1962
-0.0300,0.3005,0.1969
-0.0600,0.2886,0.1967
-0.0750,0.2827,0.1962
-0.0750,0.2798,0.1959
-0.0750,0.2856,0.1962
-0.0700,0.3005,0.1967
-0.0650,0.3242,0.1977
-0.0550,0.3569,0.1986
-0.0300,0.3958,0.1999
-0.0600,0.4404,0.2013
-0.0700,0.4819,0.2028
-0.0650,0.5176,0.2050
-0.0600,0.5535,0.2082
-0.0500,0.5830,0.2118
-0.0550,0.6040,0.2160
-0.0500,0.6189,0.2194
-0.0500,0.6248,0.2221
-0.0450,0.6218,0.2243
-0.0600,0.6160,0.2262
-0.0550,0.5981,0.2277
-0.0500,0.5771,0.2289
-0.0350,0.5593,0.2292
0.2950,0.5354,0.2284
0.1650,0.5117,0.2270
-0.2150,0.4939,0.2248
-0.1000,0.4761,0.2223
-0.0400,0.4583,0.2196
-0.0350,0.4434,0.2167
-0.0350,0.4314,0.2140
-0.0300,0.4194,0.2121
-0.0300,0.4077,0.2108
-0.0300,0.3958,0.2104
-0.0300,0.3838,0.2106
-0.0200,0.3750,0.2118
-0.0100,0.3660,0.2140
0.0000,0.3599,0.2160
0.0150,0.3511,0.2177
0.0350,0.3420,0.2182
0.0650,0.3362,0.2174
0.1000,0.3242,0.2162
0.1400,0.3184,0.2145
0.1750,0.3064,0.2123
0.1500,0.2944,0.2099
0.0650,0.2886,0.2074
-0.0150,0.2766,0.2047
-0.0600,0.2708,0.2011
-0.0800,0.2617,0.1964
-0.0850,0.2646,0.1923
-0.0850,0.2766,0.1886
-0.0750,0.2915,0.1862
-0.0750,0.3242,0.1849
-0.0750,0.3599,0.1854
-0.0300,0.4045,0.1876
-0.0550,0.4521,0.1915
-0.0800,0.4968,0.1972
-0.0750,0.5415,0.2043
-0.0700,0.5801,0.2116
-0.0650,0.6099,0.2174
-0.0600,0.6338,0.2221
-0.0550,0.6516,0.2258
-0.0550,0.6606,0.2287
-0.0500,0.6606,0.2309
-0.0600,0.6516,0.2328
-0.0600,0.6396,0.2355
-0.0600,0.6189,0.2387
-0.0550,0.5981,0.2431
0.1250,0.5771,0.2490
0.3800,0.5535,0.2580
-0.1450,0.5295,0.2695
-0.1500,0.5088,0.2839
-0.0550,0.4968,0.3005
-0.0450,0.4790,0.3191
-0.0400,0.4670,0.3389
-0.0350,0.4492,0.3596
-0.0300,0.4404,0.3814
-0.0300,0.4314,0.4048
-0.0250,0.4194,0.4295
-0.0200,0.4136,0.4552
-0.0150,0.4048,0.4813
0.0050,0.3958,0.5082
0.0150,0.3896,0.5351
0.0300,0.3779,0.5612
0.0550,0.3718,0.5866
0.0900,0.3599,0.6091
0.1250,0.3481,0.6296
0.1750,0.3391,0.6482
0.1850,0.3303,0.6655
0.1200,0.3184,0.6831
0.0300,0.3064,0.7007
-0.0300,0.3005,0.7183
-0.0650,0.2915,0.7359
-0.0750,0.2915,0.7535
-0.0750,0.3005,0.7708
-0.0750,0.3152,0.7872
-0.0750,0.3450,0.8028
-0.0650,0.3838,0.8187
-0.0050,0.4285,0.8351
-0.0450,0.4761,0.8527
-0.0750,0.5176,0.8712
-0.0950,0.5652,0.8893
-0.0800,0.6040,0.9072
-0.0650,0.6396,0.9238
-0.0550,0.6570,0.9389
-0.0550,0.6765,0.9514
-0.0450,0.6877,0.9612
-0.0350,0.6963,0.9692
-0.0300,0.6907,0.9758
-0.0450,0.6821,0.9812
-0.0450,0.6682,0.9861
-0.0450,0.6514,0.9912
0.0200,0.6289,0.9966
0.4500,0.6064,1.0000
0.0850,0.5896,1.0000
-0.1400,0.5698,1.0000
-0.0450,0.5530,1.0000
-0.0250,0.5417,1.0000
-0.0300,0.5249,1.0000
-0.0250,0.5137,1.0000
-0.0250,0.5081,1.0000
-0.0200,0.5000,1.0000
-0.0150,0.4971,1.0000
-0.0100,0.4858,1.0000
-0.0100,0.4802,1.0000
-0.0050,0.4746,1.0000
0.0050,0.4663,1.0000
0.0200,0.4578,1.0000
0.0400,0.4521,0.9880
0.0800,0.4465,0.9724
0.1150,0.4382,0.9553
0.1650,0.4297,0.9357
0.1900,0.4241,0.9145
0.1450,0.4128,0.8918
0.0550,0.4072,0.8678
-0.0250,0.3989,0.8422
-0.0650,0.3933,0.8151
-0.0800,0.3933,0.7870
-0.0800,0.4016,0.7584
-0.0700,0.4158,0.7310
-0.0750,0.4409,0.7051
-0.0750,0.4775,0.6804
-0.0500,0.5110,0.6565
-0.0050,0.5559,0.6343
-0.0650,0.6008,0.6137
-0.0800,0.6428,0.5952
-0.0750,0.6541,0.5783
-0.0700,0.6877,0.5617
-0.0550,0.7158,0.5456
-0.0600,0.7383,0.5294
-0.0500,0.7551,0.5133
-0.0500,0.7607,0.4972
-0.0400,0.7637,0.4811
-0.0550,0.7551,0.4642
-0.0550,0.7412,0.4466
-0.0450,0.7244,0.4293
-0.0250,0.7019,0.4124
0.2700,0.6794,0.3970
0.2150,0.6541,0.3831
-0.2100,0.6316,0.3699
-0.1050,0.6121,0.3574
-0.0350,0.5923,0.3467
-0.0300,0.5754,0.3372
-0.0300,0.5615,0.3286
-0.0250,0.5474,0.3208
-0.0200,0.5334,0.3127
-0.0200,0.5193,0.3044
-0.0150,0.5081,0.2966
-0.0050,0.5000,0.2895
0.0000,0.4915,0.2839
0.0050,0.4802,0.2795
0.0200,0.4690,0.2751
0.0450,0.4578,0.2705
0.0750,0.4409,0.2648
0.1150,0.4297,0.2582
0.1600,0.4185,0.2509
0.2000,0.4045,0.2433
0.1800,0.3904,0.2355
0.0950,0.3792,0.2280
0.0100,0.3623,0.2214
-0.0400,0.3511,0.2152
-0.0700,0.3428,0.2089
-0.0700,0.3372,0.2025
-0.0700,0.3372,0.1969
-0.0700,0.3455,0.1920
-0.0700,0.3652,0.1879
-0.0700,0.3904,0.1842
-0.0200,0.4241,0.1818
-0.0500,0.4607,0.1808
-0.0700,0.4944,0.1813
-0.0800,0.5305,0.1832
-0.0700,0.5615,0.1852
-0.0650,0.5896,0.1874
-0.0650,0.6064,0.1906
-0.0550,0.6204,0.1942
-0.0550,0.6233,0.1986
-0.0450,0.6204,0.2030
-0.0500,0.6121,0.2069
-0.0500,0.5952,0.2101
-0.0500,0.5728,0.2116
-0.0550,0.5503,0.2118
0.0600,0.5278,0.2113
0.3850,0.5027,0.2101
-0.0950,0.4832,0.2074
-0.1850,0.4634,0.2035
-0.0550,0.4438,0.1999
-0.0400,0.4297,0.1967
-0.0400,0.4128,0.1945
-0.0350,0.4016,0.1930
-0.0300,0.3904,0.1915
-0.0200,0.3821,0.1898
-0.0150,0.3735,0.1889
-0.0100,0.3623,0.1886
-0.0100,0.3567,0.1901
0.0000,0.3455,0.1925
0.0150,0.3398,0.1950
0.0300,0.3286,0.1967
0.0600,0.3203,0.1967
0.0950,0.3118,0.1947
0.1350,0.3005,0.1915
0.1800,0.2893,0.1879
0.2000,0.2810,0.1862
0.1400,0.2725,0.1867
0.0500,0.2612,0.1896
-0.0150,0.2500,0.1945
-0.0500,0.2417,0.2018
-0.0650,0.2444,0.2108
-0.0650,0.2500,0.2214
-0.0650,0.2668,0.2326
-0.0600,0.2893,0.2433
-0.0600,0.3230,0.2536
-0.0400,0.3596,0.2617
-0.0200,0.4045,0.2673
-0.0500,0.4465,0.2685
-0.0650,0.4888,0.2658
-0.0600,0.5193,0.2592
-0.0550,0.5503,0.2497
-0.0450,0.5728,0.2380
-0.0450,0.5867,0.2255
-0.0400,0.5979,0.2148
-0.0450,0.6008,0.2062
-0.0350,0.5952,0.2001
-0.0450,0.5840,0.1959
-0.0450,0.5671,0.1933
-0.0450,0.5503,0.1915
-0.0300,0.5278,0.1898
0.2950,0.5054,0.1879
0.1950,0.4944,0.1859
-0.2050,0.4719,0.1840
-0.0950,0.4551,0.1828
-0.0300,0.4382,0.1823
-0.0300,0.4214,0.1803
-0.0300,0.4072,0.1774
-0.0250,0.3904,0.1744
-0.0250,0.3765,0.1720
-0.0200,0.3623,0.1705
-0.0150,0.3511,0.1703
-0.0100,0.3398,0.1715
0.0000,0.3286,0.1742
0.0150,0.3174,0.1779
0.0250,0.3203,0.1820
0.0450,0.3118,0.1857
0.0750,0.3062,0.1889
0.1050,0.3005,0.1918
0.1500,0.2922,0.1945
0.1850,0.2866,0.1979
0.1700,0.2837,0.2018
0.0900,0.2810,0.2062
0.0150,0.2781,0.2111
-0.0350,0.2754,0.2172
-0.0600,0.2754,0.2240
-0.0650,0.2810,0.2316
-0.0700,0.2893,0.2394
-0.0650,0.3091,0.2477
-0.0650,0.3315,0.2568
-0.0700,0.3652,0.2680
-0.0200,0.4045,0.2812
-0.0550,0.4438,0.2968
-0.0750,0.4888,0.3147
-0.0700,0.5249,0.3340
-0.0700,0.5586,0.3543
-0.0600,0.5896,0.3743
-0.0600,0.6091,0.3941
-0.0500,0.6233,0.4124
-0.0500,0.6289,0.4300
-0.0400,0.6289,0.4478
-0.0500,0.6204,0.4662
-0.0450,0.6064,0.4855
-0.0400,0.5896,0.5055
-0.0450,0.5671,0.5253
0.1500,0.5447,0.5448
0.4200,0.5222,0.5651
-0.1050,0.5027,0.5861
-0.1200,0.4858,0.6064
-0.0350,0.4690,0.6264
-0.0300,0.4521,0.6470
-0.0350,0.4409,0.6677
-0.0250,0.4297,0.6870
-0.0250,0.4185,0.7049
-0.0200,0.4128,0.7212
-0.0150,0.4016,0.7366
-0.0050,0.3960,0.7493
0.0000,0.3848,0.7596
0.0100,0.3792,0.7681
0.0150,0.3679,0.7750
0.0300,0.3623,0.7789
0.0550,0.3511,0.7801
0.0850,0.3455,0.7784
0.1250,0.3342,0.7742
0.1800,0.3230,0.7694
0.1900,0.3174,0.7640
0.1350,0.3062,0.7584
0.0450,0.2949,0.7525
-0.0300,0.2866,0.7474
-0.0600,0.2810,0.7437
-0.0800,0.2866,0.7444
-0.0750,0.2979,0.7496
-0.0750,0.3203,0.7596
-0.0750,0.3511,0.7740
-0.0700,0.3877,0.7938
-0.0150,0.4326,0.8175
-0.0500,0.4802,0.8444
-0.0700,0.5222,0.8730
-0.0850,0.5642,0.8993
-0.0800,0.6035,0.9235
-0.0600,0.6345,0.9448
-0.0600,0.6570,0.9634
-0.0550,0.6765,0.9773
-0.0450,0.6851,0.9868
-0.0400,0.6907,0.9902
-0.0450,0.6821,0.9885
-0.0550,0.6738,0.9809
-0.0500,0.6570,0.9690
-0.0450,0.6401,0.9555
0.0450,0.6177,0.9409
0.4400,0.5979,0.9247
0.0050,0.5784,0.9069
-0.1650,0.5586,0.8881
-0.0500,0.5417,0.8686
-0.0350,0.5249,0.8485
-0.0400,0.5137,0.8280
-0.0350,0.5027,0.8082
-0.0350,0.4971,0.7892
-0.0300,0.4915,0.7706
-0.0250,0.4802,0.7525
-0.0250,0.4746,0.7349
-0.0150,0.4634,0.7176
-0.0050,0.4551,0.7017
0.0050,0.4465,0.6863
0.0200,0.4409,0.6699
0.0450,0.4297,0.6521
0.0750,0.4214,0.6338
0.1150,0.4077,0.6145
0.1600,0.3958,0.5937
0.1850,0.3838,0.5720
0.1500,0.3750,0.5505
0.0550,0.3660,0.5292
-0.0200,0.3540,0.5089
-0.0600,0.3452,0.4901
-0.0700,0.3391,0.4730
-0.0650,0.3452,0.4576
-0.0600,0.3569,0.4456
-0.0600,0.3809,0.4359
-0.0650,0.4136,0.4273
-0.0350,0.4492,0.4195
0.0150,0.4910,0.4122
-0.0350,0.5295,0.4056
-0.0700,0.5681,0.4002
-0.0700,0.6040,0.3958
-0.0700,0.6306,0.3914
-0.0700,0.6516,0.3865
-0.0650,0.6636,0.3804
-0.0450,0.6726,0.3733
-0.0400,0.6665,0.3655
-0.0350,0.6575,0.3572
-0.0600,0.6426,0.3496
-0.0600,0.6189,0.3425
-0.0550,0.5950,0.3369
-0.0350,0.5652,0.3328
0.2850,0.5415,0.3293
0.2050,0.5295,0.3267
-0.2250,0.5059,0.3247
-0.0850,0.4878,0.3227
0.0150,0.4641,0.3203
0.0400,0.4463,0.3171
0.0800,0.4285,0.3135
0.0600,0.4136,0.3093
-0.0200,0.3958,0.3039
-0.0550,0.3838,0.2973
-0.1150,0.3718,0.2903
-0.1050,0.3599,0.2827
-0.1000,0.3481,0.2766
-0.0900,0.3420,0.2722
-0.0800,0.3303,0.2710
-0.0700,0.3213,0.2717
-0.0350,0.3123,0.2727
0.0250,0.3005,0.2734
0.1250,0.2915,0.2739
0.1850,0.2827,0.2744
0.1650,0.2708,0.2746
0.0650,0.2559,0.2746
-0.0050,0.2410,0.2734
-0.0550,0.2290,0.2714
-0.0800,0.2231,0.2688
-0.0950,0.2202,0.2658
-0.0900,0.2290,0.2634
-0.0850,0.2410,0.2614
-0.0850,0.2646,0.2600
-0.0700,0.2974,0.2587
-0.0150,0.3362,0.2578
-0.0450,0.3809,0.2568
-0.0600,0.4224,0.2551
-0.0600,0.4641,0.2526
-0.0500,0.4968,0.2509
-0.0200,0.5205,0.2495
-0.0450,0.5386,0.2485
-0.0800,0.5505,0.2477
-0.1250,0.5535,0.2482
-0.0700,0.5476,0.2497
-0.0050,0.5386,0.2509
0.1100,0.5325,0.2516
0.2850,0.5176,0.2512
0.2250,0.4968,0.2495
0.0800,0.4761,0.2463
0.3600,0.4492,0.2416
-0.0850,0.4224,0.2360
-0.1550,0.4016,0.2299
-0.0900,0.3809,0.2243
-0.2300,0.3628,0.2194
-0.1750,0.3450,0.2170
-0.1050,0.3303,0.2165
-0.1000,0.3184,0.2174
-0.1000,0.3064,0.2196
-0.0900,0.2944,0.2226
-0.0650,0.2856,0.2258
-0.0400,0.2766,0.2275
-0.0150,0.2737,0.2275
0.0100,0.2678,0.2248
0.0200,0.2678,0.2196
0.0450,0.2617,0.2138
0.0950,0.2617,0.2077
0.1700,0.2559,0.2033
0.2250,0.2559,0.2003
0.2450,0.2529,0.1996
0.1800,0.2500,0.2006
0.0950,0.2468,0.2040
0.0500,0.2439,0.2086
0.0200,0.2439,0.2138
0.0200,0.2439,0.2189
0.0300,0.2468,0.2231
0.0200,0.2529,0.2265
-0.0550,0.2737,0.2301
-0.0450,0.3003,0.2341
0.0050,0.3362,0.2372
-0.0500,0.3748,0.2394
-0.1000,0.4165,0.2411
-0.0700,0.4612,0.2426
-0.0600,0.4998,0.2436
-0.0750,0.5325,0.2448
-0.0900,0.5593,0.2477
-0.0850,0.5771,0.2521
-0.0550,0.5891,0.2578
-0.0350,0.5891,0.2641
-0.0300,0.5862,0.2702
-0.0450,0.5742,0.2756
-0.0650,0.5593,0.2790
-0.0650,0.5415,0.2802
-0.0450,0.5176,0.2800
0.3150,0.4968,0.2788
0.1200,0.4761,0.2766
-0.2200,0.4521,0.2734
-0.1050,0.4285,0.2690
-0.0550,0.4106,0.2634
-0.0550,0.3926,0.2568
-0.0450,0.3748,0.2499
-0.0450,0.3599,0.2446
-0.0250,0.3481,0.2407
-0.0300,0.3362,0.2387
-0.0350,0.3242,0.2387
-0.0500,0.3123,0.2399
-0.0200,0.3005,0.2419
0.0050,0.2944,0.2433
0.0350,0.2856,0.2446
0.0400,0.2798,0.2455
0.0500,0.2737,0.2465
0.0700,0.2708,0.2490
0.0950,0.2678,0.2536
0.1600,0.2617,0.2614
0.1550,0.2588,0.2719
0.0750,0.2559,0.2846
0.0000,0.2500,0.2988
-0.0450,0.2500,0.3154
-0.0600,0.2500,0.3337
-0.0700,0.2529,0.3523
-0.0750,0.2646,0.3711
-0.0650,0.2856,0.3909
-0.0650,0.3123,0.4122
-0.0550,0.3479,0.4361
0.0050,0.3928,0.4620
-0.0550,0.4343,0.4877
-0.0750,0.4819,0.5126
-0.0800,0.5146,0.5360
-0.0700,0.5503,0.5583
-0.0700,0.5771,0.5795
-0.0700,0.5981,0.6000
-0.0500,0.6099,0.6189
-0.0500,0.6130,0.6365
-0.0450,0.6130,0.6516
-0.0500,0.6040,0.6655
-0.0500,0.5891,0.6799
-0.0400,0.5713,0.6951
-0.0450,0.5474,0.7100
0.1900,0.5237,0.7244
0.4350,0.5029,0.7383
-0.1150,0.4878,0.7520
-0.1100,0.4670,0.7652
-0.0400,0.4492,0.7784
-0.0400,0.4314,0.7916
-0.0350,0.4194,0.8043
-0.0300,0.4016,0.8158
-0.0300,0.3928,0.8263
-0.0300,0.3838,0.8363
-0.0250,0.3718,0.8456
-0.0200,0.3660,0.8544
-0.0100,0.3599,0.8629
-0.0050,0.3511,0.8700
0.0050,0.3452,0.8759
0.0200,0.3391,0.8798
0.0350,0.3333,0.8822
0.0700,0.3274,0.8822
0.1150,0.3184,0.8805
0.1700,0.3123,0.8786
0.1900,0.3035,0.8766
0.1250,0.2944,0.8747
0.0400,0.2915,0.8722
-0.0200,0.2856,0.8698
-0.0550,0.2886,0.8673
-0.0650,0.2944,0.8639
-0.0750,0.3064,0.8593
-0.0700,0.3271,0.8519
-0.0700,0.3540,0.8424
-0.0700,0.3958,0.8324
-0.0100,0.4404,0.8219
-0.0500,0.4880,0.8121
-0.0700,0.5237,0.8028
-0.0800,0.5681,0.7931
-0.0650,0.6040,0.7828
-0.0550,0.6306,0.7720
-0.0550,0.6516,0.7608
-0.0500,0.6665,0.7474
-0.0450,0.6726,0.7320
-0.0350,0.6726,0.7151
-0.0350,0.6636,0.6973
-0.0450,0.6487,0.6785
-0.0400,0.6306,0.6594
-0.0400,0.6069,0.6409
0.0750,0.5830,0.6228
0.4150,0.5623,0.6040
-0.0700,0.5415,0.5849
-0.1600,0.5208,0.5663
-0.0450,0.5029,0.5483
-0.0250,0.4968,0.5297
-0.0300,0.4790,0.5109
-0.0300,0.4670,0.4938
-0.0300,0.4583,0.4781
-0.0200,0.4492,0.4649
-0.0100,0.4373,0.4535
-0.0050,0.4285,0.4434
0.0000,0.4194,0.4344
0.0100,0.4077,0.4263
0.0200,0.4016,0.4185
0.0350,0.3896,0.4102
0.0550,0.3838,0.4012
0.0900,0.3718,0.3909
0.1350,0.3630,0.3794
0.1850,0.3540,0.3670
0.2150,0.3420,0.3543
0.1650,0.3303,0.3418
0.0750,0.3184,0.3298
0.0000,0.3093,0.3186
-0.0400,0.3005,0.3076
-0.0550,0.2976,0.2981
-0.0550,0.2976,0.2895
-0.0600,0.3064,0.2817
-0.0600,0.3213,0.2746
-0.0550,0.3479,0.2680
-0.0350,0.3777,0.2619
-0.0050,0.4136,0.2560
-0.0550,0.4492,0.2509
-0.0700,0.4819,0.2468
-0.0650,0.5059,0.2436
-0.0550,0.5266,0.2404
-0.0500,0.5444,0.2372
-0.0450,0.5505,0.2345
-0.0450,0.5535,0.2326
-0.0400,0.5444,0.2304
-0.0350,0.5325,0.2280
-0.0450,0.5146,0.2262
-0.0350,0.4968,0.2250
-0.0300,0.4761,0.2223
-0.0250,0.4521,0.2182
0.3000,0.4285,0.2130
0.2100,0.4106,0.2074
-0.1950,0.3896,0.2013
-0.0750,0.3718,0.1950
-0.0200,0.3540,0.1886
-0.0200,0.3391,0.1825
-0.0150,0.3242,0.1781
-0.0100,0.3123,0.1754
-0.0100,0.3035,0.1737
-0.0050,0.2944,0.1735
0.0000,0.2856,0.1747
0.0050,0.2766,0.1774
0.0150,0.2737,0.1810
0.0250,0.2678,0.1849
0.0350,0.2678,0.1876
0.0500,0.2617,0.1889
0.0750,0.2617,0.1891
0.1150,0.2559,0.1884
0.1600,0.2559,0.1864
0.2000,0.2529,0.1832
0.1950,0.2500,0.1791
0.1100,0.2468,0.1744
0.0250,0.2439,0.1693
-0.0250,0.2439,0.1639
-0.0550,0.2439,0.1595
-0.0600,0.2529,0.1559
-0.0600,0.2646,0.1527
-0.0600,0.2856,0.1500
-0.0600,0.3152,0.1488
-0.0550,0.3333,0.1485
-0.0150,0.3660,0.1493
-0.0450,0.4045,0.1503
-0.0650,0.4434,0.1498
-0.0700,0.4790,0.1481
-0.0650,0.5059,0.1454
-0.0550,0.5295,0.1419
-0.0550,0.5444,0.1390
-0.0500,0.5535,0.1363
-0.0500,0.5505,0.1332
-0.0450,0.5444,0.1297
-0.0500,0.5325,0.1268
-0.0550,0.5117,0.1244
-0.0500,0.4968,0.1224
-0.0450,0.4761,0.1209
0.1000,0.4521,0.1197
0.4050,0.4285,0.1187
-0.1000,0.4106,0.1178
-0.1500,0.3896,0.1170
-0.0400,0.3718,0.1165
-0.0350,0.3569,0.1161
-0.0300,0.3420,0.1163
-0.0350,0.3303,0.1178
-0.0250,0.3184,0.1197
-0.0200,0.3123,0.1222
-0.0100,0.3005,0.1248
0.0000,0.2944,0.1280
0.0050,0.2915,0.1322
0.0100,0.2856,0.1373
0.0200,0.2827,0.1429
0.0350,0.2798,0.1488
0.0550,0.2798,0.1532
0.0850,0.2737,0.1561
0.1250,0.2737,0.1588
0.1750,0.2708,0.1615
0.2000,0.2678,0.1632
0.1550,0.2678,0.1642
0.0650,0.2617,0.1664
-0.0050,0.2617,0.1696
-0.0450,0.2617,0.1725
-0.0550,0.2646,0.1757
-0.0550,0.2708,0.1806
-0.0550,0.2886,0.1867
-0.0500,0.3093,0.1930
-0.0500,0.3420,0.1994
-0.0250,0.3777,0.2065
-0.0250,0.4194,0.2143
-0.0500,0.4551,0.2214
-0.0650,0.4939,0.2280
-0.0650,0.5176,0.2341
-0.0600,0.5415,0.2399
-0.0450,0.5564,0.2453
-0.0450,0.5654,0.2507
-0.0400,0.5654,0.2548
-0.0400,0.5623,0.2580
-0.0400,0.5505,0.2604
-0.0500,0.5444,0.2622
-0.0450,0.5295,0.2636
-0.0450,0.5059,0.2646
-0.0050,0.4939,0.2663
0.3750,0.4700,0.2690
0.1100,0.4463,0.2719
-0.1800,0.4224,0.2756
-0.0700,0.4016,0.2805
-0.0350,0.3838,0.2866
-0.0400,0.3660,0.2944
-0.0300,0.3540,0.3039
-0.0250,0.3420,0.3144
-0.0300,0.3333,0.3262
-0.0250,0.3242,0.3406
-0.0250,0.3154,0.3574
-0.0200,0.3093,0.3760
-0.0150,0.3035,0.3958
-0.0050,0.2976,0.4153
0.0000,0.2915,0.4349
0.0150,0.2915,0.4539
0.0450,0.2915,0.4730
0.0800,0.2856,0.4921
0.1250,0.2856,0.5109
0.1750,0.2856,0.5285
0.1650,0.2798,0.5456
0.0800,0.2798,0.5636
0.0050,0.2798,0.5829
-0.0400,0.2737,0.6020
-0.0650,0.2766,0.6211
-0.0700,0.2827,0.6409
-0.0700,0.2915,0.6614
-0.0700,0.3093,0.6814
-0.0650,0.3362,0.7007
-0.0500,0.3660,0.7185
0.0050,0.4075,0.7354
-0.0600,0.4463,0.7523
-0.0800,0.4871,0.7691
-0.0800,0.5222,0.7850
-0.0700,0.5544,0.7999
-0.0600,0.5833,0.8133
-0.0650,0.5994,0.8253
-0.0550,0.6091,0.8363
-0.0500,0.6155,0.8463
-0.0400,0.6091,0.8546
-0.0550,0.5994,0.8617
-0.0500,0.5833,0.8686
-0.0450,0.5640,0.8754
-0.0400,0.5447,0.8815
0.2400,0.5222,0.8866
0.4100,0.5032,0.8910
-0.1250,0.4871,0.8949
-0.0950,0.4709,0.8984
-0.0450,0.4517,0.9018
-0.0450,0.4387,0.9059
-0.0450,0.4324,0.9103
-0.0350,0.4194,0.9145
-0.0300,0.4131,0.9182
-0.0300,0.4036,0.9216
-0.0250,0.3970,0.9243
-0.0200,0.3906,0.9247
-0.0150,0.3843,0.9230
-0.0100,0.3809,0.9182
0.0050,0.3745,0.9101
0.0200,0.3682,0.8998
0.0400,0.3616,0.8881
0.0750,0.3584,0.8752
0.1200,0.3521,0.8612
0.1750,0.3457,0.8463
0.1850,0.3359,0.8312
0.1250,0.3296,0.8168
0.0350,0.3230,0.8026
-0.0300,0.3167,0.7879
-0.0650,0.3135,0.7728
-0.0700,0.3135,0.7571
-0.0750,0.3230,0.7413
-0.0750,0.3391,0.7242
-0.0700,0.3647,0.7058
-0.0700,0.4001,0.6870
-0.0150,0.4387,0.6675
-0.0550,0.4836,0.6477
-0.0800,0.5159,0.6277
-0.0850,0.5544,0.6084
-0.0750,0.5833,0.5898
-0.0650,0.6091,0.5707
-0.0550,0.6252,0.5512
-0.0550,0.6348,0.5314
-0.0500,0.6379,0.5114
-0.0550,0.6316,0.4913
-0.0550,0.6187,0.4710
-0.0600,0.6060,0.4517
-0.0550,0.5833,0.4337
-0.0600,0.5640,0.4171
0.0750,0.5383,0.4019
0.4000,0.5190,0.3868
-0.1100,0.5000,0.3719
-0.1750,0.4805,0.3579
-0.0550,0.4646,0.3450
-0.0400,0.4453,0.3325
-0.0400,0.4324,0.3205
-0.0400,0.4194,0.3093
-0.0400,0.4099,0.2983
-0.0300,0.4001,0.2888
-0.0250,0.3906,0.2802
-0.0300,0.3809,0.2736
-0.0350,0.3745,0.2685
-0.0250,0.3650,0.2644
-0.0150,0.3552,0.2609
0.0000,0.3489,0.2563
0.0250,0.3391,0.2507
0.0650,0.3296,0.2443
0.1050,0.3230,0.2375
0.1600,0.3135,0.2301
0.1850,0.3037,0.2231
0.1350,0.2942,0.2177
0.0450,0.2844,0.2135
-0.0150,0.2717,0.2101
-0.0600,0.2651,0.2067
-0.0750,0.2620,0.2033
-0.0750,0.2686,0.1999
-0.0750,0.2812,0.1957
-0.0700,0.3005,0.1908
-0.0650,0.3293,0.1867
-0.0550,0.3616,0.1830
-0.0350,0.4001,0.1796
-0.0600,0.4387,0.1766
-0.0800,0.4709,0.1737
-0.0750,0.4966,0.1715
-0.0700,0.5159,0.1710
-0.0650,0.5288,0.1725
-0.0600,0.5320,0.1764
-0.0500,0.5320,0.1820
-0.0550,0.5222,0.1879
-0.0500,0.5190,0.1935
-0.0600,0.5032,0.1981
-0.0550,0.4934,0.2023
-0.0500,0.4709,0.2055
-0.0350,0.4485,0.2082
0.3150,0.4226,0.2094
0.1700,0.4033,0.2094
-0.2100,0.3777,0.2077
-0.0900,0.3584,0.2045
-0.0450,0.3423,0.2016
-0.0450,0.3230,0.1986
-0.0400,0.3103,0.1969
-0.0350,0.2974,0.1957
-0.0300,0.2844,0.1955
-0.0250,0.2781,0.1955
-0.0150,0.2749,0.1959
-0.0100,0.2686,0.1969
0.0000,0.2686,0.1979
0.0050,0.2686,0.1989
0.0150,0.2686,0.2001
0.0300,0.2686,0.2011
0.0600,0.2686,0.2001
0.0950,0.2686,0.1979
0.1450,0.2686,0.1955
0.1850,0.2686,0.1930
0.1750,0.2651,0.1913
0.0950,0.2620,0.1906
0.0100,0.2620,0.1906
-0.0400,0.2620,0.1911
-0.0650,0.2620,0.1918
-0.0750,0.2620,0.1928
-0.0800,0.2717,0.1940
-0.0800,0.2876,0.1955
-0.0750,0.3069,0.1979
-0.0700,0.3391,0.2011
-0.0350,0.3745,0.2050
-0.0600,0.4131,0.2091
-0.0800,0.4517,0.2126
-0.0800,0.4902,0.2155
-0.0750,0.5127,0.2189
-0.0750,0.5352,0.2226
-0.0700,0.5481,0.2248
-0.0650,0.5513,0.2255
-0.0650,0.5513,0.2260
-0.0600,0.5415,0.2265
-0.0650,0.5288,0.2272
-0.0650,0.5095,0.2277
-0.0550,0.4934,0.2275
-0.0600,0.4678,0.2262
0.1150,0.4485,0.2245
0.3850,0.4226,0.2223
-0.1400,0.4001,0.2199
-0.1550,0.3809,0.2170
-0.0550,0.3616,0.2140
-0.0450,0.3489,0.2113
-0.0450,0.3359,0.2094
-0.0400,0.3230,0.2084
-0.0350,0.3135,0.2089
-0.0300,0.3037,0.2106
-0.0300,0.2974,0.2133
-0.0200,0.2942,0.2167
-0.0150,0.2910,0.2206
-0.0050,0.2878,0.2245
0.0050,0.2878,0.2270
0.0200,0.2878,0.2277
0.0400,0.2878,0.2275
0.0750,0.2878,0.2262
0.1150,0.2812,0.2245
0.1650,0.2812,0.2221
0.1900,0.2812,0.2196
0.1350,0.2764,0.2170
0.0450,0.2749,0.2152
-0.0200,0.2749,0.2143
-0.0550,0.2764,0.2126
-0.0650,0.2908,0.2108
-0.0750,0.3132,0.2106
-0.0750,0.3486,0.2118
-0.0700,0.3872,0.2140
-0.0700,0.4258,0.2172
-0.0450,0.4709,0.2218
-0.0450,0.5032,0.2280
-0.0650,0.5320,0.2358
-0.0750,0.5544,0.2451
-0.0700,0.5674,0.2568
-0.0650,0.5769,0.2702
-0.0550,0.5769,0.2851
-0.0550,0.5674,0.3012
-0.0450,0.5544,0.3193
-0.0450,0.5415,0.3384
-0.0400,0.5190,0.3567
-0.0550,0.5032,0.3743
-0.0550,0.4805,0.3931
-0.0550,0.4612,0.4129
0.0000,0.4387,0.4324
0.4200,0.4194,0.4520
0.0900,0.4033,0.4713
-0.1700,0.3875,0.4903
-0.0650,0.3745,0.5094
-0.0400,0.3682,0.5285
-0.0400,0.3584,0.5470
-0.0400,0.3489,0.5656
-0.0400,0.3423,0.5842
-0.0350,0.3391,0.6027
-0.0250,0.3328,0.6213
-0.0250,0.3264,0.6394
-0.0200,0.3230,0.6575
-0.0100,0.3167,0.6755
0.0000,0.3135,0.6924
0.0050,0.3135,0.7083
0.0250,0.3103,0.7225
0.0550,0.3071,0.7349
0.0900,0.3071,0.7464
0.1350,0.3071,0.7569
0.1850,0.3037,0.7667
0.1650,0.3005,0.7762
0.0850,0.3005,0.7850
0.0100,0.3037,0.7938
-0.0350,0.3103,0.8033
-0.0600,0.3296,0.8136
-0.0650,0.3521,0.8231
-0.0650,0.3840,0.8322
-0.0650,0.4194,0.8397
-0.0650,0.4644,0.8461
-0.0450,0.4998,0.8527
0.0050,0.5352,0.8595
-0.0550,0.5671,0.8664
-0.0800,0.5930,0.8732
-0.0750,0.6123,0.8791
-0.0600,0.6221,0.8842
-0.0450,0.6221,0.8896
-0.0450,0.6221,0.8954
-0.0400,0.6123,0.9006
-0.0350,0.5994,0.9050
-0.0250,0.5833,0.9089
-0.0400,0.5640,0.9118
-0.0400,0.5447,0.9116
-0.0350,0.5254,0.9084
-0.0300,0.5063,0.9030
0.2950,0.4966,0.8962
0.3250,0.4773,0.8881
-0.1550,0.4646,0.8788
-0.0800,0.4580,0.8678
-0.0250,0.4453,0.8554
-0.0300,0.4387,0.8431
-0.0300,0.4324,0.8307
-0.0250,0.4229,0.8172
-0.0200,0.4163,0.8028
-0.0200,0.4099,0.7867
-0.0150,0.4001,0.7696
-0.0100,0.3938,0.7525
-0.0050,0.3748,0.7352
0.0050,0.3643,0.7159
0.0150,0.3569,0.6948
0.0300,0.3462,0.6726
0.0550,0.3391,0.6496
0.0900,0.3320,0.6269
0.1400,0.3247,0.6047
0.1950,0.3142,0.5827
0.2000,0.3071,0.5610
0.1250,0.2998,0.5407
0.0350,0.2961,0.5214
-0.0250,0.2998,0.5031
-0.0500,0.3105,0.4852
-0.0650,0.3354,0.4681
-0.0650,0.3677,0.4513
-0.0650,0.4036,0.4359
-0.0600,0.4497,0.4215
-0.0550,0.4927,0.4080
-0.0100,0.5249,0.3956
-0.0450,0.5569,0.3846
-0.0700,0.5820,0.3748
-0.0750,0.5999,0.3650
-0.0700,0.6069,0.3552
-0.0600,0.6069,0.3455
-0.0600,0.6033,0.3357
-0.0550,0.5891,0.3257
-0.0500,0.5676,0.3154
-0.0400,0.5461,0.3042
-0.0500,0.5212,0.2922
-0.0550,0.4963,0.2807
-0.0550,0.4785,0.2695
-0.0500,0.4500,0.2590
0.0950,0.4285,0.2487
0.4050,0.4106,0.2389
-0.1100,0.3926,0.2297
-0.1650,0.3748,0.2209
-0.0450,0.3643,0.2121
-0.0400,0.3533,0.2038
-0.0400,0.3391,0.1957
-0.0350,0.3284,0.1891
-0.0300,0.3176,0.1837
-0.0250,0.3105,0.1798
-0.0150,0.2998,0.1776
-0.0100,0.2891,0.1764
-0.0050,0.2820,0.1762
0.0000,0.2749,0.1764
0.0100,0.2676,0.1771
0.0250,0.2605,0.1774
0.0500,0.2571,0.1766
0.0850,0.2500,0.1747
0.1300,0.2463,0.1715
0.1800,0.2427,0.1676
0.2050,0.2390,0.1634
0.1450,0.2356,0.1605
0.0600,0.2356,0.1591
-0.0100,0.2427,0.1576
-0.0450,0.2534,0.1561
-0.0600,0.2712,0.1547
-0.0650,0.2998,0.1534
-0.0650,0.3391,0.1532
-0.0650,0.3821,0.1539
-0.0600,0.4248,0.1559
-0.0500,0.4644,0.1593
-0.0300,0.4934,0.1647
-0.0650,0.5127,0.1713
-0.0800,0.5288,0.1781
-0.0700,0.5383,0.1847
-0.0650,0.5352,0.1911
-0.0600,0.5288,0.1974
-0.0600,0.5127,0.2038
-0.0500,0.4966,0.2096
-0.0500,0.4805,0.2143
-0.0450,0.4580,0.2179
-0.0550,0.4355,0.2199
-0.0550,0.4099,0.2204
-0.0500,0.3906,0.2189
-0.0200,0.3682,0.2160
0.3400,0.3521,0.2130
0.1550,0.3359,0.2099
-0.1950,0.3230,0.2057
-0.0800,0.3198,0.2008
-0.0400,0.3135,0.1964
-0.0400,0.3135,0.1925
-0.0350,0.3071,0.1898
-0.0300,0.3037,0.1884
-0.0250,0.3005,0.1876
-0.0150,0.2942,0.1876
-0.0200,0.2942,0.1871
-0.0150,0.2942,0.1862
-0.0050,0.2942,0.1847
0.0100,0.2878,0.1830
0.0200,0.2878,0.1801
0.0300,0.2878,0.1764
0.0650,0.2878,0.1718
0.1050,0.2812,0.1669
0.1550,0.2812,0.1627
0.2000,0.2781,0.1593
0.1900,0.2749,0.1573
0.1050,0.2749,0.1566
0.0200,0.2749,0.1569
-0.0350,0.2749,0.1576
-0.0600,0.2844,0.1600
-0.0650,0.2974,0.1637
-0.0650,0.3198,0.1691
-0.0650,0.3486,0.1757
-0.0600,0.3809,0.1825
-0.0650,0.4258,0.1891
-0.0250,0.4644,0.1942
-0.0550,0.4966,0.1989
-0.0700,0.5254,0.2035
-0.0750,0.5481,0.2084
-0.0650,0.5608,0.2133
-0.0550,0.5706,0.2184
-0.0550,0.5674,0.2226
-0.0500,0.5608,0.2258
-0.0500,0.5481,0.2284
-0.0450,0.5288,0.2304
-0.0550,0.5063,0.2321
-0.0500,0.4934,0.2336
-0.0450,0.4678,0.2345
-0.0550,0.4485,0.2353
0.1500,0.4260,0.2350
0.3750,0.4067,0.2338
-0.1500,0.3875,0.2321
-0.1350,0.3745,0.2301
-0.0400,0.3616,0.2284
-0.0400,0.3489,0.2275
-0.0350,0.3391,0.2267
-0.0350,0.3296,0.2265
-0.0350,0.3230,0.2265
-0.0250,0.3167,0.2267
-0.0200,0.3103,0.2280
-0.0150,0.3037,0.2301
-0.0100,0.3005,0.2331
0.0000,0.2974,0.2365
0.0100,0.2942,0.2402
0.0250,0.2942,0.2438
0.0400,0.2878,0.2458
0.0750,0.2878,0.2463
0.1150,0.2878,0.2475
0.1650,0.2844,0.2497
0.1850,0.2812,0.2536
0.1350,0.2812,0.2590
0.0450,0.2812,0.2663
-0.0150,0.2812,0.2756
-0.0550,0.2910,0.2871
-0.0650,0.3037,0.3008
-0.0650,0.3262,0.3166
-0.0600,0.3552,0.3345
-0.0600,0.3938,0.3538
-0.0550,0.4355,0.3743
-0.0200,0.4773,0.3968
-0.0400,0.5095,0.4207
-0.0600,0.5447,0.4459
-0.0700,0.5706,0.4718
-0.0600,0.5930,0.4982
-0.0550,0.6028,0.5248
-0.0450,0.6028,0.5497
-0.0500,0.6028,0.5734
-0.0400,0.5930,0.5969
-0.0300,0.5801,0.6198
-0.0300,0.5608,0.6409
-0.0400,0.5415,0.6602
-0.0350,0.5190,0.6787
-0.0300,0.5032,0.6970
0.0400,0.4871,0.7141
0.4750,0.4709,0.7300
0.1100,0.4548,0.7442
-0.1300,0.4387,0.7569
-0.0350,0.4292,0.7684
-0.0200,0.4194,0.7789
-0.0250,0.4131,0.7887
-0.0250,0.4036,0.7979
-0.0200,0.3970,0.8080
-0.0200,0.3906,0.8187
-0.0100,0.3875,0.8297
-0.0050,0.3809,0.8409
0.0000,0.3777,0.8515
0.0000,0.3713,0.8610
0.0050,0.3682,0.8688
0.0200,0.3650,0.8754
0.0350,0.3584,0.8810
0.0600,0.3552,0.8857
0.1000,0.3489,0.8888
0.1550,0.3457,0.8908
0.2000,0.3391,0.8927
0.1750,0.3328,0.8947
0.0900,0.3296,0.8967
0.0100,0.3296,0.8986
-0.0350,0.3359,0.9006
-0.0450,0.3489,0.9025
-0.0500,0.3745,0.9047
-0.0500,0.4065,0.9067
-0.0500,0.4451,0.9067
-0.0500,0.4902,0.9047
-0.0400,0.5254,0.9003
-0.0050,0.5671,0.8942
-0.0450,0.6025,0.8866
-0.0650,0.6284,0.8778
-0.0650,0.6541,0.8671
-0.0500,0.6702,0.8549
-0.0400,0.6733,0.8414
-0.0450,0.6733,0.8273
-0.0350,0.6702,0.8124
-0.0350,0.6572,0.7967
-0.0300,0.6411,0.7786
-0.0400,0.6218,0.7589
-0.0350,0.6025,0.7383
-0.0400,0.5801,0.7178
-0.0100,0.5608,0.6968
0.3450,0.5415,0.6758
0.1950,0.5222,0.6548
-0.1850,0.5095,0.6338
-0.0650,0.5000,0.6128
-0.0200,0.4934,0.5920
-0.0250,0.4871,0.5722
-0.0200,0.4773,0.5534
-0.0200,0.4709,0.5351
-0.0150,0.4646,0.5177
-0.0150,0.4614,0.5016
-0.0050,0.4548,0.4867
0.0000,0.4485,0.4728
0.0100,0.4387,0.4596
0.0150,0.4324,0.4459
0.0200,0.4260,0.4315
0.0350,0.4194,0.4161
0.0650,0.4099,0.3995
0.1050,0.4001,0.3831
0.1550,0.3938,0.3672
0.2000,0.3843,0.3526
0.1900,0.3745,0.3391
0.1050,0.3682,0.3262
0.0200,0.3616,0.3142
-0.0350,0.3616,0.3037
-0.0550,0.3682,0.2946
-0.0650,0.3840,0.2863
-0.0600,0.4065,0.2785
-0.0650,0.4387,0.2705
-0.0600,0.4709,0.2622
-0.0550,0.5063,0.2548
-0.0150,0.5383,0.2482
-0.0450,0.5706,0.2433
-0.0650,0.5962,0.2397
-0.0700,0.6123,0.2360
-0.0650,0.6252,0.2321
-0.0600,0.6284,0.2284
-0.0600,0.6221,0.2248
-0.0550,0.6123,0.2214
-0.0550,0.5962,0.2179
-0.0450,0.5769,0.2145
-0.0550,0.5544,0.2111
-0.0550,0.5320,0.2089
-0.0500,0.5063,0.2072
-0.0550,0.4934,0.2043
0.1150,0.4741,0.2003
0.3900,0.4548,0.1967
-0.1350,0.4387,0.1933
-0.1550,0.4260,0.1891
-0.0450,0.4131,0.1842
-0.0400,0.4001,0.1801
-0.0350,0.3906,0.1764
-0.0300,0.3843,0.1730
-0.0300,0.3745,0.1703
-0.0300,0.3682,0.1686
-0.0200,0.3616,0.1678
-0.0150,0.3552,0.1681
-0.0100,0.3489,0.1688
0.0000,0.3423,0.1700
0.0100,0.3359,0.1715
0.0250,0.3296,0.1722
0.0500,0.3230,0.1720
0.0850,0.3167,0.1703
0.1250,0.3071,0.1676
0.1800,0.3005,0.1649
0.1950,0.2910,0.1627
0.1350,0.2844,0.1615
0.0400,0.2812,0.1610
-0.0300,0.2812,0.1605
-0.0600,0.2910,0.1598
-0.0750,0.3069,0.1598
-0.0700,0.3328,0.1605
-0.0750,0.3679,0.1627
-0.0700,0.4065,0.1661
-0.0700,0.4485,0.1693
-0.0550,0.4902,0.1725
-0.0450,0.5159,0.1762
-0.0650,0.5447,0.1806
-0.0800,0.5640,0.1845
-0.0800,0.5769,0.1879
-0.0750,0.5801,0.1920
-0.0650,0.5769,0.1964
-0.0650,0.5706,0.2001
-0.0600,0.5674,0.2033
-0.0550,0.5544,0.2060
-0.0500,0.5383,0.2082
-0.0650,0.5190,0.2091
-0.0600,0.5000,0.2091
-0.0550,0.4805,0.2084
-0.0200,0.4612,0.2069
0.3600,0.4419,0.2052
0.1050,0.4260,0.2030
-0.1950,0.4131,0.1996
-0.0700,0.4001,0.1955
-0.0400,0.3875,0.1925
-0.0400,0.3777,0.1908
-0.0350,0.3713,0.1901
-0.0350,0.3650,0.1901
-0.0250,0.3584,0.1906
-0.0200,0.3521,0.1913
-0.0200,0.3457,0.1935
-0.0100,0.3391,0.1964
-0.0050,0.3328,0.1989
0.0000,0.3296,0.2011
0.0100,0.3230,0.2023
0.0350,0.3167,0.2021
0.0650,0.3103,0.2003
0.1100,0.3037,0.1972
0.1550,0.3005,0.1942
0.2000,0.2974,0.1915
0.1750,0.2942,0.1898
0.0950,0.2910,0.1891
0.0150,0.2910,0.1889
-0.0300,0.2974,0.1891
-0.0500,0.3069,0.1908
-0.0600,0.3262,0.1935
-0.0600,0.3552,0.1959
-0.0600,0.3872,0.1984
-0.0600,0.4324,0.2003
-0.0600,0.4709,0.2023
-0.0200,0.5095,0.2050
-0.0450,0.5447,0.2084
-0.0650,0.5769,0.2113
-0.0750,0.5962,0.2140
-0.0650,0.6091,0.2172
-0.0550,0.6155,0.2206
-0.0550,0.6155,0.2238
-0.0500,0.6060,0.2262
-0.0500,0.5930,0.2294
-0.0500,0.5769,0.2328
-0.0550,0.5544,0.2355
-0.0500,0.5320,0.2377
-0.0500,0.5127,0.2385
-0.0600,0.4966,0.2377
0.1900,0.4773,0.2365
0.3400,0.4580,0.2345
-0.1700,0.4453,0.2321
-0.1250,0.4324,0.2297
-0.0450,0.4194,0.2299
-0.0450,0.4067,0.2326
-0.0400,0.3938,0.2377
-0.0300,0.3875,0.2453
-0.0350,0.3777,0.2556
-0.0250,0.3713,0.2678
-0.0200,0.3650,0.2819
-0.0200,0.3584,0.2973
-0.0150,0.3552,0.3149
-0.0050,0.3521,0.3340
0.0000,0.3489,0.3543
0.0150,0.3423,0.3753
0.0400,0.3391,0.3958
0.0750,0.3328,0.4163
0.1150,0.3264,0.4371
0.1650,0.3230,0.4588
0.1850,0.3167,0.4808
0.1250,0.3103,0.5035
0.0450,0.3071,0.5272
-0.0150,0.3103,0.5517
-0.0500,0.3230,0.5749
-0.0650,0.3391,0.5971
-0.0650,0.3679,0.6196
-0.0600,0.4065,0.6418
-0.0600,0.4451,0.6621
-0.0550,0.4902,0.6809
-0.0050,0.5286,0.6992
-0.0400,0.5640,0.7173
-0.0600,0.5962,0.7342
-0.0800,0.6218,0.7498
-0.0700,0.6379,0.7637
-0.0600,0.6477,0.7764
-0.0550,0.6509,0.7889
-0.0500,0.6477,0.8014
-0.0400,0.6379,0.8129
-0.0350,0.6218,0.8234
-0.0400,0.6025,0.8329
-0.0450,0.5833,0.8419
-0.0450,0.5640,0.8507
-0.0450,0.5481,0.8590
0.0650,0.5288,0.8671
0.5000,0.5159,0.8749
0.0450,0.5032,0.8827
-0.1250,0.4966,0.8903
-0.0450,0.4902,0.8976
-0.0350,0.4807,0.9050
-0.0350,0.4741,0.9111
-0.0350,0.4678,0.9164
-0.0300,0.4614,0.9221
-0.0300,0.4548,0.9279
-0.0250,0.4517,0.9331
-0.0150,0.4485,0.9372
-0.0100,0.4421,0.9401
-0.0050,0.4387,0.9411
0.0000,0.4355,0.9394
0.0150,0.4292,0.9348
0.0300,0.4260,0.9262
0.0600,0.4229,0.9142
0.0950,0.4163,0.9001
0.1450,0.4099,0.8842
0.1900,0.4036,0.8688
0.1550,0.4001,0.8544
0.0700,0.3970,0.8405
0.0000,0.4001,0.8268
-0.0450,0.4067,0.8124
-0.0600,0.4260,0.7975
-0.0700,0.4517,0.7811
-0.0650,0.4836,0.7635
-0.0600,0.5190,0.7459
-0.0550,0.5608,0.7286
-0.0400,0.5994,0.7102
-0.0150,0.6379,0.6912
-0.0550,0.6670,0.6729
-0.0800,0.6926,0.6548
-0.0700,0.7119,0.6362
-0.0650,0.7217,0.6169
-0.0550,0.7249,0.5974
-0.0550,0.7217,0.5773
-0.0400,0.7087,0.5573
-0.0450,0.6958,0.5370
-0.0350,0.6765,0.5177
-0.0500,0.6541,0.4994
-0.0400,0.6348,0.4816
-0.0450,0.6123,0.4642
-0.0100,0.5898,0.4473
0.3550,0.5737,0.4307
0.1300,0.5544,0.4146
-0.1950,0.5415,0.3987
-0.0700,0.5288,0.3838
-0.0350,0.5159,0.3701
-0.0350,0.5032,0.3572
-0.0300,0.5000,0.3452
-0.0300,0.4966,0.3347
-0.0250,0.4871,0.3254
-0.0150,0.4807,0.3171
-0.0150,0.4741,0.3096
-0.0150,0.4678,0.3025
-0.0050,0.4614,0.2959
0.0050,0.4517,0.2898
0.0150,0.4453,0.2837
0.0350,0.4355,0.2758
0.0650,0.4260,0.2663
0.1050,0.4194,0.2558
0.1500,0.4067,0.2448
0.1950,0.4001,0.2343
0.1750,0.3875,0.2248
0.0900,0.3809,0.2165
0.0050,0.3777,0.2096
-0.0400,0.3809,0.2047
-0.0650,0.3906,0.2016
-0.0650,0.4099,0.1994
-0.0650,0.4355,0.1979
-0.0650,0.4678,0.1964
-0.0600,0.4998,0.1947
-0.0600,0.5320,0.1937
-0.0100,0.5640,0.1933
-0.0450,0.5898,0.1925
-0.0700,0.6123,0.1913
-0.0700,0.6252,0.1908
-0.0650,0.6284,0.1908
-0.0550,0.6284,0.1901
-0.0550,0.6284,0.1891
-0.0500,0.6187,0.1889
-0.0450,0.6060,0.1889
-0.0400,0.5867,0.1884
-0.0500,0.5640,0.1874
-0.0450,0.5383,0.1859
-0.0450,0.5190,0.1845
-0.0500,0.4966,0.1828
0.1400,0.4805,0.1806
0.3800,0.4612,0.1774
-0.1400,0.4453,0.1735
-0.1300,0.4324,0.1700
-0.0350,0.4194,0.1669
-0.0350,0.4131,0.1642
-0.0350,0.4036,0.1620
-0.0300,0.3938,0.1608
-0.0250,0.3875,0.1605
-0.0250,0.3809,0.1620
-0.0200,0.3713,0.1647
-0.0150,0.3650,0.1676
-0.0050,0.3584,0.1705
0.0000,0.3521,0.1742
0.0100,0.3457,0.1784
0.0200,0.3391,0.1810
0.0500,0.3328,0.1823
0.0900,0.3230,0.1830
0.1300,0.3167,0.1828
0.1800,0.3103,0.1820
0.2000,0.3037,0.1810
0.1350,0.2942,0.1796
0.0500,0.2878,0.1781
-0.0200,0.2878,0.1774
-0.0550,0.2910,0.1774
-0.0700,0.3005,0.1779
-0.0650,0.3262,0.1791
-0.0650,0.3552,0.1813
-0.0650,0.3938,0.1845
-0.0650,0.4324,0.1874
-0.0500,0.4709,0.1906
-0.0350,0.5063,0.1950
-0.0650,0.5320,0.2008
-0.0750,0.5513,0.2057
-0.0700,0.5674,0.2099
-0.0600,0.5769,0.2130
-0.0500,0.5769,0.2157
-0.0500,0.5706,0.2179
-0.0450,0.5674,0.2199
-0.0500,0.5544,0.2214
-0.0450,0.5383,0.2226
-0.0500,0.5190,0.2228
-0.0500,0.5032,0.2221
-0.0500,0.4871,0.2206
0.0050,0.4678,0.2187
0.4000,0.4485,0.2162
0.0550,0.4324,0.2138
-0.1800,0.4163,0.2111
-0.0600,0.4036,0.2082
-0.0300,0.3938,0.2052
-0.0350,0.3809,0.2025
-0.0300,0.3745,0.2008
-0.0250,0.3682,0.1999
-0.0200,0.3616,0.1996
-0.0150,0.3552,0.1999
-0.0050,0.3521,0.2016
0.0000,0.3457,0.2043
0.0050,0.3391,0.2074
0.0100,0.3359,0.2111
0.0250,0.3296,0.2133
0.0400,0.3264,0.2140
0.0700,0.3198,0.2138
0.1050,0.3135,0.2128
0.1600,0.3071,0.2113
0.1950,0.3037,0.2094
0.1650,0.3005,0.2082
0.0800,0.3005,0.2077
0.0100,0.3005,0.2074
-0.0350,0.3037,0.2077
-0.0550,0.3167,0.2082
-0.0600,0.3328,0.2089
-0.0600,0.3584,0.2108
-0.0600,0.3938,0.2135
-0.0600,0.4324,0.2160
-0.0650,0.4741,0.2179
-0.0250,0.5095,0.2196
-0.0600,0.5447,0.2214
-0.0750,0.5769,0.2248
-0.0700,0.5962,0.2301
-0.0650,0.6123,0.2372
-0.0550,0.6155,0.2460
-0.0600,0.6155,0.2560
-0.0500,0.6091,0.2675
-0.0500,0.5962,0.2819
-0.0400,0.5801,0.2983
-0.0550,0.5608,0.3157
-0.0550,0.5383,0.3333
-0.0550,0.5190,0.3513
-0.0550,0.5032,0.3697
0.2450,0.4839,0.3882
0.3200,0.4678,0.4068
-0.1700,0.4517,0.4254
-0.1000,0.4387,0.4439
-0.0400,0.4324,0.4625
-0.0500,0.4229,0.4813
-0.0450,0.4131,0.5011
-0.0400,0.4099,0.5219
-0.0300,0.4036,0.5431
-0.0250,0.3970,0.5651
-0.0200,0.3938,0.5871
-0.0150,0.3875,0.6096
-0.0100,0.3843,0.6321
-0.0050,0.3777,0.6543
0.0050,0.3745,0.6748
0.0150,0.3713,0.6934
0.0400,0.3650,0.7095
0.0750,0.3616,0.7239
0.1150,0.3552,0.7376
0.1700,0.3489,0.7510
0.1800,0.3457,0.7642
0.1100,0.3391,0.7774
0.0300,0.3391,0.7904
-0.0250,0.3391,0.8031
-0.0500,0.3489,0.8146
-0.0550,0.3647,0.8251
-0.0600,0.3906,0.8351
-0.0550,0.4258,0.8444
-0.0550,0.4644,0.8532
-0.0500,0.5063,0.8617
0.0050,0.5447,0.8700
-0.0350,0.5833,0.8778
-0.0550,0.6155,0.8857
-0.0800,0.6411,0.8932
-0.0700,0.6638,0.8996
-0.0500,0.6765,0.9052
-0.0450,0.6799,0.9111
-0.0450,0.6765,0.9172
-0.0400,0.6702,0.9235
-0.0350,0.6572,0.9299
-0.0350,0.6411,0.9355
-0.0400,0.6218,0.9401
-0.0350,0.6060,0.9441
-0.0350,0.5867,0.9475
0.1250,0.5674,0.9484
0.4850,0.5544,0.9472
-0.0500,0.5415,0.9436
-0.1250,0.5288,0.9377
-0.0400,0.5190,0.9304
-0.0300,0.5095,0.9216
-0.0350,0.5032,0.9108
-0.0350,0.5000,0.8986
-0.0350,0.5000,0.8852
-0.0300,0.4966,0.8708
-0.0250,0.4902,0.8559
-0.0200,0.4871,0.8405
-0.0150,0.4807,0.8236
-0.0100,0.4741,0.8053
0.0050,0.4709,0.7852
0.0100,0.4646,0.7633
0.0350,0.4580,0.7393
0.0700,0.4485,0.7139
0.1100,0.4421,0.6892
0.1600,0.4324,0.6653
0.1900,0.4260,0.6409
0.1450,0.4194,0.6162
0.0550,0.4163,0.5935
-0.0200,0.4163,0.5722
-0.0550,0.4194,0.5524
-0.0650,0.4324,0.5333
-0.0700,0.4548,0.5150
-0.0700,0.4871,0.4974
-0.0650,0.5159,0.4803
-0.0700,0.5544,0.4635
-0.0450,0.5930,0.4481
-0.0250,0.6284,0.4337
-0.0650,0.6604,0.4202
-0.0850,0.6831,0.4078
-0.0800,0.6958,0.3968
-0.0700,0.7056,0.3872
-0.0600,0.7056,0.3787
-0.0550,0.6958,0.3709
-0.0550,0.6831,0.3623
-0.0550,0.6670,0.3535
-0.0500,0.6477,0.3445
-0.0650,0.6284,0.3350
-0.0600,0.6025,0.3242
-0.0600,0.5833,0.3125
-0.0200,0.5608,0.3012
0.3600,0.5415,0.2903
0.0700,0.5254,0.2795
-0.2050,0.5095,0.2690
-0.0750,0.5000,0.2590
-0.0400,0.4966,0.2495
-0.0400,0.4871,0.2411
-0.0350,0.4773,0.2341
-0.0350,0.4709,0.2277
-0.0300,0.4614,0.2221
-0.0300,0.4517,0.2170
-0.0250,0.4453,0.2123
-0.0200,0.4387,0.2091
-0.0100,0.4292,0.2069
0.0000,0.4229,0.2047
0.0100,0.4131,0.2021
0.0300,0.4036,0.1984
0.0650,0.3938,0.1940
0.1050,0.3875,0.1889
0.1550,0.3745,0.1832
0.1900,0.3682,0.1774
0.1650,0.3584,0.1718
0.0750,0.3521,0.1678
-0.0050,0.3457,0.1656
-0.0500,0.3489,0.1644
-0.0650,0.3552,0.1642
-0.0700,0.3745,0.1647
-0.0700,0.3970,0.1656
-0.0700,0.4324,0.1671
-0.0650,0.4644,0.1688
-0.0700,0.4998,0.1720
-0.0300,0.5286,0.1759
-0.0600,0.5576,0.1793
-0.0750,0.5737,0.1823
-0.0800,0.5867,0.1852
-0.0750,0.5930,0.1876
-0.0650,0.5930,0.1901
-0.0600,0.5867,0.1923
-0.0600,0.5737,0.1942
-0.0600,0.5544,0.1959
-0.0550,0.5352,0.1967
-0.0600,0.5127,0.1967
-0.0600,0.4966,0.1969
-0.0500,0.4805,0.1972
-0.0550,0.4580,0.1962
0.1650,0.4419,0.1935
0.3500,0.4260,0.1908
-0.1700,0.4131,0.1881
-0.1300,0.4036,0.1857
-0.0450,0.3938,0.1832
-0.0400,0.3875,0.1808
-0.0400,0.3809,0.1786
-0.0350,0.3745,0.1774
-0.0350,0.3682,0.1771
-0.0300,0.3650,0.1784
-0.0200,0.3584,0.1810
-0.0200,0.3521,0.1845
-0.0100,0.3457,0.1886
0.0000,0.3391,0.1933
0.0100,0.3328,0.1979
0.0250,0.3264,0.1999
0.0500,0.3198,0.1996
0.0850,0.3135,0.1996
0.1250,0.3071,0.1999
0.1750,0.2974,0.1996
0.1850,0.2910,0.1986
0.1200,0.2878,0.1972
0.0400,0.2878,0.1955
-0.0200,0.2974,0.1945
-0.0550,0.3103,0.1942
-0.0700,0.3328,0.1945
-0.0700,0.3455,0.1950
-0.0650,0.3745,0.1959
-0.0650,0.4131,0.1972
-0.0600,0.4548,0.1994
-0.0450,0.4934,0.2025
-0.0400,0.5286,0.2062
-0.0650,0.5576,0.2101
-0.0750,0.5801,0.2135
-0.0700,0.5962,0.2165
-0.0700,0.6028,0.2189
-0.0550,0.6028,0.2209
-0.0550,0.5994,0.2223
-0.0500,0.5867,0.2238
-0.0450,0.5706,0.2253
-0.0450,0.5513,0.2262
-0.0550,0.5288,0.2272
-0.0450,0.5063,0.2280
-0.0500,0.4934,0.2277
0.0250,0.4709,0.2267
0.4150,0.4548,0.2250
0.0050,0.4387,0.2228
-0.1800,0.4260,0.2204
-0.0600,0.4131,0.2174
-0.0350,0.4036,0.2145
-0.0350,0.3938,0.2118
-0.0300,0.3875,0.2099
-0.0250,0.3809,0.2086
-0.0200,0.3745,0.2082
-0.0150,0.3682,0.2084
-0.0100,0.3616,0.2096
-0.0050,0.3584,0.2118
-0.0050,0.3521,0.2150
0.0050,0.3457,0.2184
0.0200,0.3391,0.2204
0.0350,0.3328,0.2211
0.0600,0.3296,0.2216
0.1000,0.3230,0.2221
0.1500,0.3167,0.2228
0.1800,0.3103,0.2240
0.1550,0.3037,0.2270
0.0700,0.3005,0.2319
-0.0050,0.3037,0.2397
-0.0500,0.3103,0.2502
-0.0600,0.3262,0.2629
-0.0700,0.3455,0.2773
-0.0650,0.3809,0.2951
-0.0650,0.4163,0.3152
-0.0650,0.4580,0.3364
-0.0600,0.4966,0.3584
-0.0250,0.5352,0.3809
-0.0600,0.5640,0.4036
-0.0800,0.5898,0.4266
-0.0800,0.6123,0.4500
-0.0650,0.6187,0.4735
-0.0550,0.6221,0.4969
-0.0500,0.6221,0.5204
-0.0450,0.6123,0.5436
-0.0450,0.5994,0.5658
-0.0400,0.5801,0.5871
-0.0500,0.5640,0.6086
-0.0500,0.5415,0.6303
-0.0500,0.5190,0.6514
-0.0450,0.5032,0.6716
0.2900,0.4902,0.6914
0.3300,0.4773,0.7107
-0.1500,0.4646,0.7286
-0.0850,0.4517,0.7449
-0.0400,0.4453,0.7606
-0.0450,0.4355,0.7755
-0.0450,0.4292,0.7899
-0.0400,0.4260,0.8038
-0.0350,0.4229,0.8163
-0.0300,0.4163,0.8275
-0.0250,0.4131,0.8390
-0.0200,0.4099,0.8505
-0.0100,0.4036,0.8610
-0.0050,0.4001,0.8710
0.0000,0.3970,0.8803
0.0200,0.3906,0.8886
0.0400,0.3906,0.8947
0.0750,0.3843,0.8991
0.1200,0.3777,0.9037
0.1700,0.3606,0.9091
0.1700,0.3569,0.9138
0.1050,0.3533,0.9179
0.0200,0.3533,0.9213
-0.0350,0.3606,0.9247
-0.0600,0.3748,0.9289
-0.0650,0.3999,0.9335
-0.0650,0.4321,0.9377
-0.0600,0.4749,0.9414
-0.0550,0.5105,0.9448
-0.0450,0.5605,0.9475
0.0150,0.6035,0.9480
-0.0400,0.6426,0.9465
-0.0650,0.6785,0.9426
-0.0800,0.6997,0.9362
-0.0600,0.7175,0.9277
-0.0550,0.7285,0.9169
-0.0500,0.7285,0.9047
-0.0500,0.7249,0.8910
-0.0400,0.7141,0.8754
-0.0400,0.7104,0.8585
-0.0450,0.6890,0.8414
-0.0450,0.6677,0.8243
-0.0450,0.6426,0.8072
-0.0450,0.6213,0.7904
0.1600,0.5999,0.7735
0.4000,0.5784,0.7567
-0.1400,0.5605,0.7388
-0.1250,0.5461,0.7200
-0.0400,0.5320,0.7007
-0.0350,0.5176,0.6807
-0.0350,0.5105,0.6604
-0.0300,0.5034,0.6401
-0.0250,0.5000,0.6208
-0.0250,0.4963,0.6020
-0.0150,0.4890,0.5839
-0.0150,0.4819,0.5663
-0.0100,0.4749,0.5492
0.0000,0.4678,0.5321
0.0100,0.4604,0.5143
0.0200,0.4500,0.4962
0.0450,0.4429,0.4784
0.0850,0.4319,0.4608
0.1250,0.4248,0.4430
0.1750,0.4177,0.4246
0.1950,0.4070,0.4080
0.1300,0.3962,0.3926
0.0400,0.3892,0.3787
-0.0250,0.3855,0.3657
-0.0550,0.3855,0.3545
-0.0650,0.3962,0.3447
-0.0700,0.4141,0.3369
-0.0650,0.4426,0.3306
-0.0600,0.4819,0.3235
-0.0600,0.5105,0.3161
-0.0400,0.5535,0.3091
-0.0300,0.5928,0.3025
-0.0600,0.6213,0.2961
-0.0750,0.6499,0.2903
-0.0700,0.6677,0.2844
-0.0600,0.6785,0.2790
-0.0550,0.6785,0.2736
-0.0550,0.6541,0.2680
-0.0500,0.6445,0.2617
-0.0450,0.6252,0.2548
-0.0450,0.6060,0.2482
-0.0500,0.5833,0.2424
-0.0500,0.5576,0.2358
-0.0450,0.5383,0.2289
0.0000,0.5159,0.2216
0.3800,0.5000,0.2143
0.0650,0.4839,0.2069
-0.1950,0.4709,0.1999
-0.0700,0.4580,0.1937
-0.0350,0.4485,0.1886
-0.0350,0.4387,0.1840
-0.0400,0.4292,0.1801
-0.0300,0.4229,0.1766
-0.0250,0.4163,0.1737
-0.0200,0.4067,0.1730
-0.0100,0.4001,0.1740
-0.0050,0.3938,0.1766
0.0050,0.3875,0.1798
0.0100,0.3809,0.1820
0.0250,0.3745,0.1828
0.0400,0.3682,0.1830
0.0750,0.3584,0.1825
0.1150,0.3521,0.1815
0.1600,0.3423,0.1801
0.1950,0.3359,0.1786
0.1650,0.3264,0.1771
0.0800,0.3198,0.1764
0.0100,0.3135,0.1764
-0.0350,0.3135,0.1769
-0.0550,0.3198,0.1779
-0.0650,0.3359,0.1781
-0.0700,0.3584,0.1776
-0.0700,0.3906,0.1779
-0.0700,0.4258,0.1786
-0.0650,0.4644,0.1796
-0.0350,0.4966,0.1810
-0.0600,0.5254,0.1837
-0.0800,0.5513,0.1871
-0.0800,0.5674,0.1901
-0.0750,0.5769,0.1928
-0.0600,0.5769,0.1952
-0.0650,0.5737,0.1974
-0.0550,0.5608,0.1994
-0.0550,0.5481,0.2013
-0.0400,0.5288,0.2030
-0.0550,0.5063,0.2047
-0.0550,0.4934,0.2062
-0.0550,0.4709,0.2074
-0.0550,0.4517,0.2069
0.1900,0.4355,0.2047
0.3400,0.4194,0.2023
-0.1750,0.4067,0.1994
-0.1250,0.3970,0.1967
-0.0450,0.3875,0.1940
-0.0400,0.3809,0.1915
-0.0400,0.3745,0.1889
-0.0400,0.3682,0.1871
-0.0300,0.3616,0.1867
-0.0200,0.3552,0.1876
-0.0200,0.3521,0.1898
-0.0100,0.3457,0.1930
-0.0050,0.3391,0.1972
0.0000,0.3359,0.2016
0.0100,0.3296,0.2060
0.0250,0.3230,0.2077
0.0500,0.3198,0.2072
0.0800,0.3135,0.2060
0.1200,0.3037,0.2043
0.1700,0.3005,0.2023
0.1800,0.3005,0.2003
0.1100,0.2942,0.1991
0.0300,0.2974,0.1984
-0.0300,0.3037,0.1984
-0.0600,0.3135,0.1989
-0.0650,0.3328,0.2006
-0.0700,0.3616,0.2030
-0.0650,0.4001,0.2055
-0.0600,0.4387,0.2079
-0.0600,0.4805,0.2106
-0.0450,0.5159,0.2140
-0.0400,0.5479,0.2170
-0.0650,0.5769,0.2194
-0.0750,0.5962,0.2214
-0.0750,0.6091,0.2231
-0.0650,0.6091,0.2245
-0.0600,0.6091,0.2260
-0.0550,0.5994,0.2282
-0.0550,0.5867,0.2311
-0.0500,0.5674,0.2333
-0.0550,0.5447,0.2353
-0.0550,0.5254,0.2367
-0.0600,0.5032,0.2380
-0.0600,0.4902,0.2389
0.0250,0.4709,0.2397
0.4100,0.4517,0.2394
-0.0300,0.4387,0.2382
-0.1850,0.4260,0.2372
-0.0700,0.4163,0.2367
-0.0500,0.4067,0.2363
-0.0500,0.4036,0.2365
-0.0450,0.4001,0.2385
-0.0400,0.3938,0.2424
-0.0350,0.3875,0.2487
-0.0200,0.3777,0.2573
-0.0150,0.3713,0.2683
-0.0150,0.3650,0.2812
-0.0050,0.3584,0.2956
0.0050,0.3521,0.3113
0.0150,0.3457,0.3264
0.0250,0.3391,0.3416
0.0500,0.3328,0.3574
0.0900,0.3264,0.3743
0.1400,0.3198,0.3929
0.1750,0.3135,0.4127
0.1400,0.3071,0.4334
0.0650,0.3005,0.4552
0.0000,0.3071,0.4781
-0.0400,0.3103,0.5026
-0.0550,0.3230,0.5277
-0.0600,0.3455,0.5539
-0.0600,0.3777,0.5803
-0.0600,0.4131,0.6071
-0.0500,0.4580,0.6333
-0.0400,0.4966,0.6584
-0.0100,0.5352,0.6819
-0.0500,0.5706,0.7039
-0.0750,0.5962,0.7239
-0.0750,0.6218,0.7420
-0.0650,0.6379,0.7589
-0.0450,0.6414,0.7747
-0.0500,0.6414,0.7899
-0.0400,0.6414,0.8043
-0.0400,0.6379,0.8172
-0.0350,0.6252,0.8287
-0.0500,0.6060,0.8392
-0.0500,0.5867,0.8490
-0.0400,0.5674,0.8583
-0.0350,0.5481,0.8671
0.3450,0.5288,0.8754
0.3200,0.5127,0.8835
-0.1350,0.5000,0.8901
-0.0700,0.4902,0.8959
-0.0300,0.4839,0.9020
-0.0350,0.4741,0.9086
-0.0400,0.4678,0.9162
-0.0350,0.4614,0.9247
-0.0300,0.4580,0.9331
-0.0300,0.4517,0.9411
-0.0300,0.4485,0.9489
-0.0200,0.4421,0.9565
-0.0100,0.4355,0.9626
-0.0050,0.4292,0.9677
0.0050,0.4229,0.9712
0.0200,0.4194,0.9726
0.0450,0.4131,0.9709
0.0800,0.4067,0.9665
0.1200,0.4036,0.9582
0.1700,0.3970,0.9465
0.1750,0.3906,0.9323
0.1000,0.3875,0.9164
0.0150,0.3843,0.9011
-0.0400,0.3843,0.8864
-0.0600,0.3875,0.8712
-0.0650,0.4001,0.8556
-0.0700,0.4226,0.8397
-0.0650,0.4548,0.8236
-0.0600,0.4902,0.8085
-0.0600,0.5254,0.7938
-0.0050,0.5671,0.7789
-0.0400,0.6057,0.7635
-0.0700,0.6411,0.7466
-0.0800,0.6733,0.7288
-0.0650,0.6926,0.7112
-0.0550,0.7056,0.6936
-0.0550,0.7119,0.6753
-0.0500,0.7119,0.6562
-0.0450,0.7056,0.6367
-0.0450,0.6926,0.6169
-0.0550,0.6765,0.5981
-0.0550,0.6572,0.5795
-0.0500,0.6348,0.5607
-0.0550,0.6155,0.5417
0.1650,0.5930,0.5231
0.3700,0.5737,0.5053
-0.1600,0.5576,0.4879
-0.1300,0.5415,0.4710
-0.0400,0.5288,0.4557
-0.0450,0.5190,0.4412
-0.0400,0.5095,0.4278
-0.0400,0.5000,0.4153
-0.0300,0.5000,0.4043
-0.0250,0.4902,0.3946
-0.0250,0.4839,0.3860
-0.0150,0.4807,0.3780
-0.0050,0.4741,0.3706
0.0000,0.4678,0.3638
0.0100,0.4614,0.3562
0.0250,0.4517,0.3479
0.0450,0.4453,0.3394
0.0800,0.4387,0.3303
0.1250,0.4292,0.3210
0.1750,0.4194,0.3115
0.1850,0.4131,0.3008
0.1150,0.4036,0.2890
0.0300,0.3938,0.2778
-0.0300,0.3875,0.2668
-0.0600,0.3843,0.2563
-0.0700,0.3906,0.2463
-0.0750,0.4033,0.2367
-0.0750,0.4292,0.2277
-0.0700,0.4580,0.2199
-0.0650,0.4902,0.2130
-0.0400,0.5222,0.2062
-0.0350,0.5576,0.1996
-0.0650,0.5898,0.1947
-0.0800,0.6123,0.1915
-0.0700,0.6316,0.1896
-0.0650,0.6379,0.1889
-0.0600,0.6414,0.1896
-0.0550,0.6348,0.1915
-0.0450,0.6252,0.1935
-0.0450,0.6060,0.1957
-0.0400,0.5867,0.1984
-0.0450,0.5640,0.2018
-0.0450,0.5415,0.2038
-0.0400,0.5190,0.2045
0.0100,0.5032,0.2043
0.3950,0.4839,0.2035
0.0550,0.4678,0.2023
-0.1850,0.4517,0.2006
-0.0600,0.4387,0.1974
-0.0350,0.4292,0.1935
-0.0450,0.4194,0.1896
-0.0350,0.4131,0.1864
-0.0350,0.4067,0.1842
-0.0250,0.3970,0.1832
-0.0200,0.3906,0.1840
-0.0200,0.3843,0.1864
-0.0150,0.3777,0.1908
-0.0050,0.3713,0.1962
0.0050,0.3650,0.2008
0.0150,0.3584,0.2047
0.0300,0.3521,0.2069
0.0650,0.3457,0.2077
0.1050,0.3391,0.2067
0.1550,0.3296,0.2038
0.1900,0.3230,0.1996
0.1650,0.3135,0.1952
0.0750,0.3071,0.1911
0.0000,0.3005,0.1871
-0.0400,0.3005,0.1837
-0.0600,0.3037,0.1806
-0.0600,0.3167,0.1776
-0.0550,0.3391,0.1749
-0.0600,0.3679,0.1735
-0.0500,0.4001,0.1730
-0.0550,0.4387,0.1732
-0.0200,0.4773,0.1740
-0.0450,0.5063,0.1762
-0.0600,0.5320,0.1796
-0.0600,0.5544,0.1847
-0.0550,0.5674,0.1913
-0.0400,0.5769,0.1989
-0.0450,0.5737,0.2067
-0.0450,0.5674,0.2143
-0.0400,0.5544,0.2209
-0.0250,0.5352,0.2253
-0.0400,0.5159,0.2272
-0.0450,0.4966,0.2270
-0.0400,0.4805,0.2245
-0.0450,0.4580,0.2196
0.2100,0.4387,0.2130
0.3400,0.4194,0.2062
-0.1750,0.4067,0.1994
-0.1100,0.3938,0.1935
-0.0300,0.3875,0.1889
-0.0300,0.3777,0.1876
-0.0300,0.3713,0.1896
-0.0350,0.3682,0.1947
-0.0300,0.3616,0.2021
-0.0300,0.3552,0.2101
-0.0250,0.3489,0.2184
-0.0250,0.3457,0.2250
-0.0150,0.3391,0.2299
-0.0100,0.3328,0.2328
0.0050,0.3296,0.2336
0.0200,0.3230,0.2314
0.0450,0.3167,0.2265
0.0750,0.3103,0.2196
0.1150,0.3071,0.2118
0.1650,0.3005,0.2050
0.1750,0.3005,0.1991
0.1150,0.3005,0.1940
0.0300,0.3005,0.1898
-0.0250,0.3037,0.1869
-0.0550,0.3135,0.1852
-0.0650,0.3328,0.1845
-0.0700,0.3584,0.1845
-0.0650,0.3938,0.1849
-0.0650,0.4324,0.1862
-0.0650,0.4773,0.1893
-0.0400,0.5159,0.1945
-0.0400,0.5513,0.1999
-0.0600,0.5833,0.2052
-0.0700,0.6060,0.2106
-0.0700,0.6187,0.2160
-0.0650,0.6284,0.2214
-0.0650,0.6284,0.2270
-0.0650,0.6221,0.2343
-0.0650,0.6187,0.2433
-0.0600,0.6060,0.2536
-0.0600,0.5898,0.2651
-0.0700,0.5706,0.2783
-0.0650,0.5481,0.2929
-0.0650,0.5254,0.3088
0.0400,0.5063,0.3252
0.4350,0.4902,0.3423
-0.0250,0.4741,0.3599
-0.1600,0.4580,0.3780
-0.0600,0.4453,0.3960
-0.0500,0.4387,0.4146
-0.0450,0.4292,0.4334
-0.0450,0.4194,0.4532
-0.0350,0.4131,0.4735
-0.0350,0.4099,0.4923
-0.0300,0.4036,0.5104
-0.0250,0.3970,0.5294
-0.0150,0.3906,0.5492
-0.0100,0.3843,0.5678
-0.0050,0.3809,0.5851
0.0100,0.3777,0.6015
0.0250,0.3713,0.6172
0.0550,0.3650,0.6321
0.0900,0.3616,0.6467
0.1400,0.3552,0.6609
0.1800,0.3489,0.6748
0.1450,0.3423,0.6885
0.0600,0.3391,0.7019
-0.0050,0.3391,0.7151
-0.0350,0.3391,0.7286
-0.0500,0.3489,0.7427
-0.0550,0.3647,0.7574
-0.0550,0.3938,0.7718
-0.0550,0.4324,0.7860
-0.0450,0.4709,0.8009
-0.0200,0.5095,0.8160
0.0050,0.5513,0.8309
-0.0500,0.5930,0.8451
-0.0700,0.6250,0.8588
-0.0700,0.6541,0.8720
-0.0550,0.6702,0.8827
-0.0400,0.6831,0.8918
-0.0500,0.6863,0.9001
-0.0350,0.6831,0.9081
-0.0400,0.6765,0.9160
-0.0250,0.6702,0.9235
-0.0400,0.6572,0.9299
-0.0400,0.6379,0.9353
-0.0350,0.6187,0.9399
-0.0100,0.5994,0.9436
0.4000,0.5801,0.9448
0.2700,0.5608,0.9438
-0.1400,0.5481,0.9414
-0.0600,0.5352,0.9377
-0.0350,0.5222,0.9321
-0.0400,0.5159,0.9247
-0.0400,0.5063,0.9150
-0.0350,0.5000,0.9035
-0.0300,0.5000,0.8918
-0.0250,0.4966,0.8800
-0.0200,0.4934,0.8683
-0.0150,0.4871,0.8559
-0.0050,0.4839,0.8417
0.0000,0.4773,0.8256
0.0100,0.4709,0.8070
0.0250,0.4614,0.7865
0.0500,0.4548,0.7645
0.0850,0.4453,0.7413
0.1300,0.4387,0.7176
0.1700,0.4324,0.6931
0.1650,0.4194,0.6694
0.0850,0.4131,0.6465
0.0100,0.4067,0.6250
-0.0350,0.4036,0.6047
-0.0600,0.4036,0.5854
-0.0700,0.4131,0.5668
-0.0650,0.4324,0.5478
-0.0600,0.4612,0.5285
-0.0600,0.4934,0.5099
-0.0600,0.5286,0.4921
-0.0100,0.5737,0.4759
-0.0550,0.6123,0.4610
-0.0750,0.6509,0.4471
-0.0800,0.6797,0.4342
-0.0750,0.7056,0.4229
-0.0600,0.7217,0.4129
-0.0600,0.7280,0.4029
-0.0550,0.7280,0.3929
-0.0500,0.7217,0.3838
-0.0400,0.7087,0.3758
-0.0500,0.6926,0.3684
-0.0550,0.6733,0.3611
-0.0500,0.6477,0.3535
-0.0550,0.6218,0.3452
0.1650,0.6025,0.3376
0.3550,0.5801,0.3303
-0.1700,0.5608,0.3227
-0.1350,0.5415,0.3147
-0.0400,0.5288,0.3071
-0.0400,0.5159,0.3003
-0.0400,0.5032,0.2939
-0.0350,0.5000,0.2878
-0.0300,0.4902,0.2819
-0.0250,0.4839,0.2763
-0.0200,0.4741,0.2719
-0.0150,0.4646,0.2685
-0.0100,0.4580,0.2648
-0.0050,0.4517,0.2609
0.0050,0.4421,0.2568
0.0250,0.4324,0.2524
0.0500,0.4260,0.2473
0.0900,0.4131,0.2411
0.1300,0.4067,0.2343
0.1750,0.3938,0.2272
0.1800,0.3875,0.2199
0.1100,0.3745,0.2128
0.0300,0.3682,0.2074
-0.0350,0.3584,0.2038
-0.0600,0.3584,0.2003
-0.0700,0.3584,0.1972
-0.0700,0.3682,0.1955
-0.0600,0.3906,0.1942
-0.0600,0.4163,0.1940
-0.0650,0.4517,0.1940
-0.0400,0.4902,0.1945
-0.0300,0.5222,0.1955
-0.0600,0.5544,0.1977
-0.0750,0.5833,0.2006
-0.0750,0.6060,0.2030
-0.0650,0.6187,0.2052
-0.0650,0.6252,0.2062
-0.0600,0.6252,0.2062
-0.0550,0.6155,0.2065
-0.0550,0.6025,0.2069
-0.0550,0.5833,0.2067
-0.0600,0.5640,0.2057
-0.0600,0.5383,0.2043
-0.0600,0.5190,0.2021
-0.0100,0.4966,0.1989
0.3800,0.4805,0.1947
0.0400,0.4646,0.1908
-0.1950,0.4485,0.1876
-0.0750,0.4324,0.1854
-0.0500,0.4260,0.1842
-0.0450,0.4131,0.1840
-0.0400,0.4036,0.1842
-0.0350,0.3970,0.1849
-0.0350,0.3875,0.1862
-0.0250,0.3809,0.1884
-0.0200,0.3745,0.1913
-0.0150,0.3682,0.1930
-0.0100,0.3616,0.1937
0.0050,0.3552,0.1935
0.0150,0.3489,0.1925
0.0300,0.3423,0.1891
0.0600,0.3359,0.1837
0.0950,0.3264,0.1769
0.1400,0.3198,0.1693
0.1800,0.3103,0.1639
0.1500,0.3037,0.1608
0.0700,0.2942,0.1610
-0.0050,0.2878,0.1642
-0.0500,0.2878,0.1696
-0.0700,0.2910,0.1762
-0.0650,0.3037,0.1825
-0.0600,0.3293,0.1889
-0.0600,0.3616,0.1933
-0.0500,0.4001,0.1957
-0.0450,0.4451,0.1969
-0.0050,0.4836,0.1972
-0.0300,0.5190,0.1977
-0.0450,0.5513,0.1984
-0.0450,0.5769,0.1994
-0.0400,0.5930,0.2003
-0.0350,0.6028,0.2016
-0.0350,0.6028,0.2030
-0.0350,0.5962,0.2043
-0.0350,0.5833,0.2057
-0.0300,0.5674,0.2069
-0.0400,0.5447,0.2082
-0.0400,0.5254,0.2094
-0.0400,0.5032,0.2108
-0.0400,0.4871,0.2130
0.2300,0.4646,0.2160
0.3250,0.4453,0.2184
-0.1750,0.4292,0.2209
-0.1000,0.4131,0.2236
-0.0300,0.4067,0.2270
-0.0350,0.3938,0.2309
-0.0300,0.3875,0.2348
-0.0250,0.3809,0.2380
-0.0250,0.3745,0.2404
-0.0150,0.3682,0.2433
-0.0100,0.3616,0.2465
-0.0050,0.3552,0.2480
0.0000,0.3489,0.2477
0.0100,0.3391,0.2465
0.0200,0.3328,0.2443
0.0350,0.3230,0.2387
0.0650,0.3167,0.2301
0.0950,0.3103,0.2194
0.1200,0.3005,0.2072
0.1550,0.2942,0.1930
0.1700,0.2878,0.1776
0.1500,0.2812,0.1620
0.0550,0.2812,0.1466
-0.0050,0.2812,0.1295
-0.0450,0.2910,0.1102
-0.0850,0.3037,0.0865
-0.1000,0.3328,0.0586
-0.1100,0.3616,0.0264
-0.0850,0.4033,-0.0005
-0.0600,0.4485,-0.0005
-0.0150,0.4902,-0.0005
-0.0200,0.5286,-0.0005
-0.0350,0.5640,-0.0005
-0.0450,0.5898,-0.0005
-0.0300,0.6123,-0.0005
-0.0150,0.6252,-0.0005
-0.0050,0.6284,-0.0005
0.0000,0.6284,0.0259
0.0000,0.6221,0.0757
0.0100,0.6060,0.1253
0.0050,0.5898,0.1740
-0.0100,0.5706,0.2184
-0.0150,0.5447,0.2592
-0.0400,0.5190,0.2951
0.0550,0.5032,0.3269
0.4700,0.4805,0.3548
-0.0100,0.4612,0.3794
-0.1350,0.4453,0.4026
-0.0600,0.4260,0.4251
-0.0550,0.4163,0.4488
-0.0550,0.4067,0.4735
-0.0550,0.3938,0.4991
-0.0650,0.3875,0.5258
-0.0500,0.3777,0.5539
-0.0450,0.3682,0.5832
-0.0400,0.3584,0.6157
-0.0400,0.3489,0.6504
-0.0400,0.3423,0.6858
-0.0500,0.3391,0.7215
-0.0200,0.3328,0.7567
0.0250,0.3296,0.7906
0.0600,0.3264,0.8209
0.0950,0.3230,0.8478
0.1400,0.3198,0.8693
0.1850,0.3167,0.8861
0.1550,0.3135,0.8984
0.0700,0.3071,0.9069
0.0000,0.3135,0.9130
-0.0400,0.3230,0.9174
-0.0950,0.3391,0.9221
-0.1100,0.3647,0.9272
-0.1050,0.4001,0.9318
-0.0900,0.4451,0.9357
-0.0650,0.4902,0.9392
-0.0500,0.5286,0.9423
-0.0400,0.5706,0.9441
-0.0700,0.6057,0.9445
-0.0850,0.6348,0.9436
-0.0500,0.6604,0.9404
-0.0500,0.6765,0.9343
-0.0250,0.6863,0.9255
-0.0200,0.6863,0.9160
-0.0700,0.6831,0.9052
-0.1000,0.6702,0.8923
-0.0600,0.6541,0.8769
-0.0050,0.6348,0.8578
-0.0100,0.6155,0.8356
-0.0150,0.5930,0.8099
-0.0300,0.5737,0.7816
0.3750,0.5544,0.7503
0.1100,0.5415,0.7171
-0.1900,0.5288,0.6851
-0.0850,0.5095,0.6548
-0.0600,0.5032,0.6277
-0.0500,0.4966,0.6035
-0.0550,0.4871,0.5842
-0.0950,0.4773,0.5698
-0.1150,0.4709,0.5602
-0.0450,0.4646,0.5551
0.0600,0.4548,0.5519
0.1650,0.4485,0.5500
0.1300,0.4421,0.5463
0.1200,0.4324,0.5404
0.1100,0.4260,0.5302
0.1150,0.4163,0.5160
0.1400,0.4067,0.4972
0.1650,0.3970,0.4742
0.2200,0.3875,0.4473
0.2450,0.3745,0.4175
0.1950,0.3650,0.3865
0.1050,0.3650,0.3545
-0.0100,0.3584,0.3242
-0.0450,0.3521,0.2956
-0.0700,0.3584,0.2705
-0.0600,0.3682,0.2482
-0.0500,0.3906,0.2294
-0.0550,0.4194,0.2135
-0.0550,0.4580,0.2011
-0.0550,0.4934,0.1908
-0.0050,0.5286,0.1815
-0.0400,0.5671,0.1727
-0.0700,0.6025,0.1627
-0.0750,0.6284,0.1512
-0.0650,0.6509,0.1393
-0.0750,0.6606,0.1268
-0.1000,0.6606,0.1151
-0.1300,0.6572,0.1043
-0.1500,0.6445,0.0960
-0.1500,0.6252,0.0902
-0.1350,0.6025,0.0867
-0.1700,0.5769,0.0858
-0.2700,0.5513,0.0882
-1.0500,0.5254,0.0936
-0.5050,0.5063,0.1009
0.6500,0.4902,0.1092
0.2350,0.4709,0.1168
0.2650,0.4548,0.1231
0.0450,0.4387,0.1268
-0.0700,0.4324,0.1285
0.0350,0.4194,0.1305
0.0750,0.4131,0.1332
0.0750,0.4036,0.1380
0.0650,0.3970,0.1451
0.0400,0.3906,0.1571
0.0400,0.3843,0.1732
0.0450,0.3777,0.1903
0.0550,0.3713,0.2077
0.0550,0.3650,0.2223
0.0650,0.3584,0.2343
0.0800,0.3489,0.2414
0.1150,0.3423,0.2446
0.1600,0.3328,0.2448
0.2050,0.3230,0.2429
0.2050,0.3135,0.2392
0.1300,0.3037,0.2343
0.0500,0.2942,0.2297
0.0000,0.2878,0.2253
-0.0300,0.2878,0.2214
-0.0400,0.2910,0.2174
-0.0400,0.3069,0.2135
-0.0400,0.3328,0.2099
-0.0350,0.3679,0.2074
-0.0350,0.4131,0.2060
-0.0200,0.4548,0.2052
-0.0150,0.4934,0.2050
-0.0400,0.5254,0.2052
-0.0500,0.5513,0.2060
-0.0450,0.5737,0.2077
-0.0450,0.5867,0.2101
-0.0350,0.5898,0.2126
-0.0300,0.5867,0.2148
-0.0300,0.5801,0.2174
-0.0300,0.5640,0.2209
-0.0300,0.5481,0.2236
-0.0400,0.5254,0.2258
-0.0350,0.5063,0.2265
-0.0350,0.4902,0.2262
0.0300,0.4709,0.2250
0.4200,0.4517,0.2233
0.0300,0.4387,0.2211
-0.1700,0.4194,0.2187
-0.0500,0.4067,0.2160
-0.0300,0.4001,0.2133
-0.0300,0.3875,0.2116
-0.0250,0.3809,0.2104
-0.0200,0.3713,0.2099
-0.0150,0.3650,0.2099
-0.0100,0.3584,0.2101
-0.0100,0.3521,0.2108
0.0000,0.3457,0.2126
0.0050,0.3391,0.2150
0.0150,0.3328,0.2162
0.0250,0.3264,0.2162
0.0450,0.3198,0.2165
0.0700,0.3135,0.2167
0.1050,0.3071,0.2162
0.1500,0.3005,0.2152
0.1850,0.2942,0.2145
0.1500,0.2942,0.2140
0.0700,0.2942,0.2130
0.0000,0.2942,0.2116
-0.0400,0.3037,0.2108
-0.0500,0.3167,0.2106
-0.0600,0.3391,0.2106
-0.0600,0.3679,0.2111
-0.0550,0.4065,0.2116
-0.0500,0.4517,0.2123
-0.0500,0.4934,0.2140
-0.0150,0.5352,0.2167
-0.0450,0.5737,0.2201
-0.0650,0.6025,0.2240
-0.0650,0.6252,0.2282
-0.0600,0.6445,0.2326
-0.0600,0.6477,0.2370
-0.0600,0.6477,0.2414
-0.0550,0.6379,0.2446
-0.0500,0.6252,0.2470
-0.0400,0.6091,0.2480
-0.0550,0.5867,0.2475
-0.0500,0.5640,0.2463
-0.0550,0.5415,0.2441
-0.0450,0.5190,0.2416
0.2550,0.5032,0.2387
0.2750,0.4902,0.2355
-0.1900,0.4773,0.2321
-0.1050,0.4646,0.2287
-0.0450,0.4517,0.2253
-0.0450,0.4421,0.2228
-0.0350,0.4355,0.2214
-0.0250,0.4260,0.2214
-0.0300,0.4194,0.2228
-0.0300,0.4131,0.2262
-0.0200,0.4067,0.2316
-0.0200,0.4001,0.2397
-0.0150,0.3938,0.2502
-0.0050,0.3906,0.2617
0.0050,0.3906,0.2739
0.0200,0.3843,0.2854
0.0400,0.3777,0.2968
0.0750,0.3713,0.3100
0.1100,0.3616,0.3245
0.1600,0.3552,0.3391
0.1600,0.3489,0.3538
0.0950,0.3391,0.3716
0.0200,0.3328,0.3921
-0.0250,0.3264,0.4146
-0.0500,0.3264,0.4386
-0.0600,0.3296,0.4637
-0.0650,0.3423,0.4894
-0.0600,0.3647,0.5145
-0.0550,0.3938,0.5395
-0.0500,0.4324,0.5651
0.0000,0.4741,0.5910
-0.0400,0.5127,0.6167
-0.0550,0.5544,0.6416
-0.0700,0.5930,0.6660
-0.0600,0.6284,0.6897
-0.0550,0.6509,0.7124
-0.0450,0.6670,0.7334
-0.0400,0.6765,0.7518
-0.0400,0.6765,0.7677
-0.0300,0.6702,0.7826
-0.0350,0.6572,0.7967
-0.0500,0.6445,0.8094
-0.0350,0.6218,0.8209
-0.0400,0.6025,0.8314
0.1050,0.5833,0.8412
0.5050,0.5640,0.8505
-0.0100,0.5481,0.8593
-0.1150,0.5352,0.8676
-0.0400,0.5222,0.8756
-0.0350,0.5095,0.8822
-0.0400,0.5032,0.8881
-0.0400,0.5000,0.8942
-0.0350,0.4966,0.9008
-0.0300,0.4902,0.9084
-0.0250,0.4871,0.9169
-0.0200,0.4807,0.9252
-0.0200,0.4741,0.9333
-0.0150,0.4709,0.9399
-0.0050,0.4646,0.9455
0.0150,0.4614,0.9502
0.0350,0.4548,0.9541
0.0600,0.4485,0.9565
0.0950,0.4421,0.9575
0.1450,0.4355,0.9565
0.1750,0.4292,0.9538
0.1300,0.4229,0.9477
0.0450,0.4163,0.9394
-0.0150,0.4131,0.9299
-0.0500,0.4131,0.9194
-0.0650,0.4194,0.9074
-0.0650,0.4324,0.8942
-0.0650,0.4580,0.8803
-0.0550,0.4902,0.8654
-0.0500,0.5254,0.8500
-0.0200,0.5706,0.8344
-0.0200,0.6187,0.8182
-0.0550,0.6636,0.8019
-0.0750,0.7021,0.7843
-0.0650,0.7344,0.7657
-0.0600,0.7603,0.7476
-0.0500,0.7795,0.7298
-0.0500,0.7859,0.7112
-0.0400,0.7891,0.6922
-0.0450,0.7827,0.6736
-0.0400,0.7729,0.6553
-0.0450,0.7537,0.6365
-0.0450,0.7344,0.6172
-0.0400,0.7119,0.5974
0.0100,0.6895,0.5773
0.4050,0.6638,0.5570
0.0750,0.6411,0.5365
-0.1850,0.6155,0.5160
-0.0650,0.5994,0.4957
-0.0300,0.5801,0.4764
-0.0350,0.5674,0.4581
-0.0350,0.5544,0.4415
-0.0300,0.5415,0.4263
-0.0200,0.5320,0.4136
-0.0150,0.5222,0.4024
-0.0100,0.5159,0.3926
-0.0050,0.5063,0.3838
0.0000,0.5000,0.3748
0.0100,0.4966,0.3655
0.0250,0.4902,0.3557
0.0400,0.4839,0.3460
0.0650,0.4741,0.3362
0.1050,0.4646,0.3264
0.1550,0.4580,0.3166
0.1900,0.4453,0.3069
0.1600,0.4387,0.2968
0.0750,0.4260,0.2868
0.0000,0.4194,0.2783
-0.0450,0.4163,0.2702
-0.0600,0.4163,0.2631
-0.0650,0.4229,0.2568
-0.0650,0.4387,0.2509
-0.0600,0.4644,0.2455
-0.0550,0.4934,0.2414
-0.0600,0.5286,0.2385
-0.0150,0.5671,0.2363
-0.0450,0.6057,0.2348
-0.0700,0.6443,0.2338
-0.0700,0.6733,0.2333
-0.0650,0.6926,0.2331
-0.0550,0.7024,0.2328
-0.0550,0.7056,0.2319
-0.0500,0.7056,0.2301
-0.0500,0.6958,0.2280
-0.0400,0.6797,0.2255
-0.0500,0.6604,0.2226
-0.0500,0.6348,0.2194
-0.0450,0.6091,0.2152
-0.0550,0.5867,0.2104
0.1750,0.5640,0.2060
0.3450,0.5415,0.2016
-0.1700,0.5254,0.1967
-0.1250,0.5095,0.1915
-0.0350,0.5000,0.1879
-0.0400,0.4902,0.1857
-0.0350,0.4839,0.1835
-0.0350,0.4709,0.1813
-0.0300,0.4646,0.1801
-0.0200,0.4580,0.1798
-0.0150,0.4485,0.1801
-0.0100,0.4421,0.1808
-0.0050,0.4324,0.1830
0.0050,0.4260,0.1859
0.0150,0.4194,0.1876
0.0350,0.4165,0.1884
0.0600,0.4077,0.1881
0.0900,0.4016,0.1874
0.1300,0.3896,0.1852
0.1750,0.3838,0.1823
0.1850,0.3718,0.1801
0.1100,0.3660,0.1788
0.0300,0.3599,0.1786
-0.0300,0.3540,0.1791
-0.0550,0.3511,0.1798
-0.0650,0.3599,0.1810
-0.0650,0.3718,0.1825
-0.0650,0.3926,0.1840
-0.0600,0.4224,0.1854
-0.0600,0.4551,0.1874
-0.0400,0.4939,0.1901
-0.0400,0.5266,0.1937
-0.0550,0.5623,0.1979
-0.0750,0.5891,0.2023
-0.0700,0.6099,0.2060
-0.0650,0.6218,0.2091
-0.0650,0.6309,0.2118
-0.0600,0.6309,0.2140
-0.0500,0.6218,0.2160
-0.0550,0.6099,0.2177
-0.0500,0.5950,0.2192
-0.0600,0.5742,0.2204
-0.0550,0.5535,0.2206
-0.0550,0.5325,0.2199
0.0150,0.5117,0.2184
0.4050,0.4968,0.2162
0.0100,0.4849,0.2130
-0.1850,0.4731,0.2086
-0.0600,0.4612,0.2047
-0.0400,0.4492,0.2011
-0.0400,0.4434,0.1986
-0.0350,0.4373,0.1972
-0.0300,0.4314,0.1964
-0.0200,0.4255,0.1967
-0.0150,0.4165,0.1979
-0.0100,0.4106,0.2003
-0.0050,0.4048,0.2025
-0.0050,0.3987,0.2045
0.0100,0.3928,0.2065
0.0200,0.3867,0.2082
0.0400,0.3809,0.2084
0.0700,0.3718,0.2082
0.1100,0.3660,0.2072
0.1500,0.3599,0.2057
0.1800,0.3511,0.2050
0.1450,0.3452,0.2047
0.0650,0.3391,0.2047
-0.0050,0.3333,0.2052
-0.0450,0.3333,0.2057
-0.0600,0.3362,0.2067
-0.0700,0.3511,0.2089
-0.0650,0.3748,0.2116
-0.0600,0.4045,0.2150
-0.0550,0.4434,0.2189
-0.0600,0.4819,0.2233
-0.0250,0.5146,0.2277
-0.0550,0.5503,0.2321
-0.0700,0.5830,0.2365
-0.0750,0.6099,0.2402
-0.0700,0.6277,0.2429
-0.0650,0.6367,0.2448
-0.0650,0.6367,0.2463
-0.0550,0.6338,0.2485
-0.0600,0.6248,0.2514
-0.0500,0.6099,0.2546
-0.0650,0.5891,0.2582
-0.0600,0.5713,0.2634
-0.0550,0.5505,0.2695
-0.0550,0.5295,0.2766
0.2650,0.5117,0.2841
0.2750,0.5000,0.2922
-0.1900,0.4878,0.3008
-0.1050,0.4761,0.3105
-0.0550,0.4670,0.3215
-0.0550,0.4583,0.3342
-0.0500,0.4524,0.3486
-0.0450,0.4463,0.3640
-0.0400,0.4404,0.3806
-0.0300,0.4343,0.4000
-0.0250,0.4314,0.4215
-0.0200,0.4255,0.4434
-0.0150,0.4226,0.4662
-0.0100,0.4194,0.4899
0.0000,0.4136,0.5145
0.0150,0.4077,0.5380
0.0450,0.4016,0.5602
0.0750,0.3958,0.5815
0.1150,0.3896,0.6020
0.1600,0.3809,0.6220
0.1600,0.3750,0.6416
0.0950,0.3689,0.6606
0.0200,0.3630,0.6797
-0.0350,0.3569,0.6983
-0.0550,0.3630,0.7166
-0.0550,0.3718,0.7337
-0.0600,0.3867,0.7498
-0.0550,0.4136,0.7662
-0.0500,0.4492,0.7828
-0.0500,0.4880,0.7984
0.0100,0.5266,0.8133
-0.0400,0.5681,0.8278
-0.0600,0.6099,0.8417
-0.0800,0.6426,0.8551
-0.0650,0.6724,0.8681
-0.0550,0.6902,0.8798
-0.0450,0.7051,0.8905
-0.0450,0.7083,0.9006
-0.0400,0.7083,0.9096
-0.0300,0.6992,0.9172
-0.0400,0.6873,0.9235
-0.0400,0.6724,0.9299
-0.0400,0.6545,0.9362
-0.0450,0.6338,0.9406
0.1350,0.6160,0.9436
0.5050,0.5981,0.9460
-0.0250,0.5830,0.9484
-0.1050,0.5684,0.9509
-0.0400,0.5623,0.9531
-0.0450,0.5505,0.9543
-0.0450,0.5481,0.9543
-0.0400,0.5383,0.9528
-0.0300,0.5320,0.9497
-0.0300,0.5256,0.9455
-0.0250,0.5222,0.9404
-0.0150,0.5159,0.9338
-0.0100,0.5127,0.9255
0.0000,0.5063,0.9152
0.0100,0.5000,0.9030
0.0200,0.5000,0.8876
0.0450,0.4902,0.8695
0.0750,0.4839,0.8493
0.1100,0.4741,0.8275
0.1550,0.4646,0.8045
0.1800,0.4548,0.7806
0.1300,0.4453,0.7571
0.0500,0.4355,0.7344
-0.0150,0.4292,0.7132
-0.0500,0.4324,0.6926
-0.0650,0.4453,0.6721
-0.0650,0.4612,0.6516
-0.0550,0.4902,0.6318
-0.0550,0.5222,0.6132
-0.0550,0.5671,0.5964
-0.0250,0.6155,0.5805
-0.0250,0.6604,0.5649
-0.0600,0.7021,0.5492
-0.0750,0.7344,0.5336
-0.0700,0.7603,0.5177
-0.0650,0.7729,0.5021
-0.0600,0.7827,0.4864
-0.0600,0.7827,0.4720
-0.0500,0.7795,0.4581
-0.0500,0.7666,0.4439
-0.0450,0.7473,0.4295
-0.0550,0.7249,0.4161
-0.0500,0.6958,0.4031
-0.0450,0.6670,0.3909
0.0100,0.6411,0.3792
0.3850,0.6218,0.3679
0.0400,0.5994,0.3567
-0.2000,0.5801,0.3460
-0.0700,0.5640,0.3352
-0.0450,0.5481,0.3245
-0.0450,0.5352,0.3142
-0.0400,0.5222,0.3052
-0.0350,0.5095,0.2971
-0.0250,0.5032,0.2895
-0.0200,0.5000,0.2827
-0.0100,0.4934,0.2763
-0.0050,0.4839,0.2702
0.0050,0.4773,0.2656
0.0150,0.4709,0.2617
0.0250,0.4646,0.2565
0.0450,0.4580,0.2504
0.0700,0.4517,0.2436
0.1100,0.4387,0.2363
0.1550,0.4324,0.2289
0.1850,0.4194,0.2216
0.1500,0.4067,0.2150
0.0700,0.3970,0.2094
-0.0100,0.3875,0.2055
-0.0550,0.3843,0.2028
-0.0650,0.3843,0.2011
-0.0750,0.3938,0.2003
-0.0650,0.4163,0.2001
-0.0650,0.4451,0.2003
-0.0650,0.4836,0.2008
-0.0700,0.5159,0.2018
-0.0250,0.5608,0.2040
-0.0550,0.5994,0.2069
-0.0750,0.6284,0.2094
-0.0800,0.6541,0.2116
-0.0700,0.6702,0.2123
-0.0650,0.6799,0.2123
-0.0650,0.6799,0.2123
-0.0600,0.6733,0.2126
-0.0550,0.6638,0.2121
-0.0500,0.6572,0.2108
-0.0550,0.6348,0.2091
-0.0550,0.6155,0.2072
-0.0500,0.5962,0.2060
-0.0550,0.5833,0.2052
0.1900,0.5608,0.2030
0.3300,0.5383,0.1996
-0.1800,0.5190,0.1962
-0.1250,0.5032,0.1930
-0.0400,0.4902,0.1901
-0.0400,0.4773,0.1871
-0.0350,0.4646,0.1845
-0.0300,0.4580,0.1820
-0.0300,0.4485,0.1806
-0.0200,0.4421,0.1801
-0.0150,0.4324,0.1823
-0.0150,0.4260,0.1864
-0.0100,0.4194,0.1903
-0.0050,0.4131,0.1935
0.0100,0.4067,0.1964
0.0250,0.4001,0.1989
0.0550,0.3875,0.2001
0.0950,0.3809,0.2001
0.1300,0.3713,0.1986
0.1750,0.3616,0.1957
0.1750,0.3521,0.1928
0.1100,0.3423,0.1901
0.0300,0.3359,0.1884
-0.0300,0.3264,0.1876
-0.0600,0.3198,0.1874
-0.0650,0.3198,0.1879
-0.0650,0.3296,0.1896
-0.0650,0.3423,0.1923
-0.0600,0.3647,0.1959
-0.0600,0.4001,0.2001
-0.0450,0.4387,0.2038
-0.0450,0.4836,0.2067
-0.0650,0.5222,0.2104
-0.0750,0.5608,0.2143
-0.0700,0.5930,0.2174
-0.0600,0.6187,0.2201
-0.0550,0.6379,0.2223
-0.0550,0.6445,0.2243
-0.0550,0.6477,0.2258
-0.0500,0.6379,0.2270
-0.0450,0.6284,0.2272
-0.0550,0.6123,0.2265
-0.0500,0.5930,0.2248
-0.0550,0.5706,0.2226
0.0250,0.5481,0.2201
0.4200,0.5254,0.2174
-0.0100,0.5063,0.2135
-0.1800,0.4966,0.2089
-0.0600,0.4773,0.2055
-0.0400,0.4646,0.2033
-0.0400,0.4517,0.2021
-0.0400,0.4453,0.2016
-0.0350,0.4355,0.2016
-0.0250,0.4260,0.2021
-0.0200,0.4194,0.2038
-0.0200,0.4131,0.2065
-0.0200,0.4067,0.2099
-0.0150,0.4001,0.2135
0.0000,0.3938,0.2157
0.0150,0.3875,0.2165
0.0400,0.3809,0.2162
0.0700,0.3745,0.2150
0.1050,0.3650,0.2123
0.1450,0.3552,0.2089
0.1700,0.3489,0.2062
0.1300,0.3391,0.2045
0.0550,0.3296,0.2038
-0.0150,0.3230,0.2035
-0.0500,0.3167,0.2047
-0.0600,0.3167,0.2072
-0.0650,0.3230,0.2113
-0.0700,0.3391,0.2172
-0.0650,0.3616,0.2250
-0.0650,0.3938,0.2345
-0.0500,0.4387,0.2473
-0.0250,0.4805,0.2629
-0.0600,0.5190,0.2805
-0.0800,0.5608,0.2998
-0.0800,0.5994,0.3201
-0.0750,0.6284,0.3411
-0.0650,0.6477,0.3618
-0.0650,0.6638,0.3821
-0.0550,0.6670,0.4022
-0.0550,0.6670,0.4219
-0.0500,0.6572,0.4415
-0.0650,0.6445,0.4610
-0.0600,0.6252,0.4813
-0.0550,0.6025,0.5023
-0.0500,0.5833,0.5228
0.3050,0.5608,0.5429
0.2850,0.5415,0.5624
-0.1650,0.5222,0.5817
-0.0900,0.5095,0.6008
-0.0450,0.5000,0.6196
-0.0450,0.4902,0.6382
-0.0450,0.4839,0.6567
-0.0400,0.4741,0.6751
-0.0300,0.4678,0.6931
-0.0200,0.4614,0.7100
-0.0200,0.4548,0.7261
-0.0150,0.4517,0.7425
-0.0100,0.4453,0.7589
-0.0050,0.4387,0.7745
0.0050,0.4324,0.7894
0.0200,0.4260,0.8026
0.0500,0.4229,0.8143
0.0800,0.4163,0.8241
0.1250,0.4099,0.8322
0.1700,0.4036,0.8400
0.1600,0.3970,0.8478
0.0950,0.3906,0.8551
0.0150,0.3843,0.8624
-0.0350,0.3843,0.8698
-0.0550,0.3843,0.8771
-0.0650,0.3938,0.8844
-0.0600,0.4099,0.8918
-0.0550,0.4387,0.8991
-0.0550,0.4773,0.9064
-0.0500,0.5127,0.9138
0.0350,0.5608,0.9211
-0.0350,0.6091,0.9284
-0.0500,0.6509,0.9357
-0.0600,0.6926,0.9426
-0.0500,0.7249,0.9494
-0.0450,0.7505,0.9543
-0.0450,0.7666,0.9570
-0.0400,0.7764,0.9563
-0.0350,0.7764,0.9526
-0.0200,0.7729,0.9460
-0.0300,0.7603,0.9367
-0.0350,0.7410,0.9255
-0.0300,0.7217,0.9125
-0.0350,0.7024,0.8986
0.1850,0.6797,0.8839
0.4350,0.6604,0.8676
-0.1100,0.6411,0.8497
-0.1100,0.6252,0.8309
-0.0350,0.6123,0.8116
-0.0300,0.5994,0.7918
-0.0350,0.5867,0.7713
-0.0300,0.5801,0.7508
-0.0300,0.5706,0.7300
-0.0250,0.5608,0.7102
-0.0200,0.5544,0.6909
-0.0100,0.5481,0.6726
-0.0050,0.5383,0.6545
0.0000,0.5320,0.6357
0.0100,0.5222,0.6164
0.0250,0.5159,0.5969
0.0550,0.5063,0.5766
0.0800,0.5000,0.5553
0.1150,0.4966,0.5333
0.1650,0.4839,0.5126
0.1800,0.4741,0.4928
0.1150,0.4646,0.4730
0.0350,0.4548,0.4535
-0.0200,0.4485,0.4368
-0.0550,0.4421,0.4227
-0.0600,0.4453,0.4095
-0.0650,0.4580,0.3970
-0.0650,0.4805,0.3863
-0.0600,0.5063,0.3765
-0.0550,0.5415,0.3667
-0.0300,0.5864,0.3572
-0.0250,0.6284,0.3484
-0.0500,0.6575,0.3403
-0.0700,0.6873,0.3318
-0.0600,0.7141,0.3230
-0.0500,0.7349,0.3149
-0.0500,0.7439,0.3076
-0.0500,0.7498,0.2998
-0.0450,0.7439,0.2915
-0.0450,0.7349,0.2827
-0.0400,0.7170,0.2739
-0.0500,0.6963,0.2658
-0.0450,0.6724,0.2585
-0.0450,0.6455,0.2512
0.0100,0.6189,0.2433
0.3950,0.5950,0.2355
0.0400,0.5713,0.2277
-0.1800,0.5505,0.2199
-0.0500,0.5325,0.2121
-0.0250,0.5208,0.2055
-0.0250,0.5088,0.1999
-0.0300,0.5000,0.1947
-0.0250,0.4968,0.1906
-0.0250,0.4880,0.1876
-0.0200,0.4790,0.1859
-0.0150,0.4731,0.1852
-0.0050,0.4641,0.1852
0.0000,0.4553,0.1857
0.0100,0.4492,0.1864
0.0250,0.4434,0.1864
0.0450,0.4343,0.1857
0.0750,0.4255,0.1835
0.1150,0.4194,0.1806
0.1600,0.4077,0.1786
0.1900,0.4016,0.1776
0.1550,0.3896,0.1764
0.0650,0.3838,0.1749
-0.0050,0.3750,0.1742
-0.0500,0.3689,0.1742
-0.0600,0.3718,0.1740
-0.0700,0.3779,0.1735
-0.0650,0.3987,0.1735
-0.0600,0.4224,0.1740
-0.0550,0.4551,0.1749
-0.0550,0.4910,0.1764
-0.0200,0.5205,0.1788
-0.0450,0.5564,0.1823
-0.0650,0.5891,0.1852
-0.0650,0.6128,0.1881
-0.0650,0.6338,0.1906
-0.0600,0.6428,0.1930
-0.0550,0.6487,0.1950
-0.0450,0.6428,0.1969
-0.0500,0.6338,0.1977
-0.0350,0.6218,0.1977
-0.0450,0.6011,0.1979
-0.0400,0.5830,0.1984
-0.0350,0.5623,0.1981
-0.0400,0.5415,0.1972
0.2150,0.5208,0.1947
0.3400,0.5029,0.1913
-0.1700,0.4939,0.1879
-0.1050,0.4790,0.1849
-0.0300,0.4670,0.1820
-0.0300,0.4583,0.1793
-0.0300,0.4492,0.1779
-0.0250,0.4434,0.1774
-0.0200,0.4373,0.1786
-0.0150,0.4314,0.1813
-0.0100,0.4255,0.1847
-0.0050,0.4194,0.1889
0.0000,0.4136,0.1935
0.0050,0.4048,0.1981
0.0150,0.3958,0.2011
0.0350,0.3896,0.2028
0.0550,0.3809,0.2030
0.0850,0.3718,0.2025
0.1300,0.3660,0.2016
0.1750,0.3540,0.2001
0.1750,0.3481,0.1981
0.1100,0.3362,0.1962
0.0350,0.3303,0.1950
-0.0200,0.3274,0.1945
-0.0500,0.3274,0.1947
-0.0600,0.3362,0.1955
-0.0600,0.3540,0.1972
-0.0600,0.3777,0.2001
-0.0600,0.4136,0.2038
-0.0550,0.4521,0.2077
-0.0300,0.4910,0.2111
-0.0350,0.5266,0.2140
-0.0550,0.5623,0.2174
-0.0650,0.5920,0.2214
-0.0650,0.6128,0.2255
-0.0550,0.6277,0.2297
-0.0500,0.6367,0.2331
-0.0450,0.6367,0.2360
-0.0450,0.6309,0.2392
-0.0400,0.6160,0.2424
-0.0450,0.6011,0.2438
-0.0500,0.5830,0.2441
-0.0500,0.5623,0.2441
-0.0500,0.5415,0.2438
0.0400,0.5208,0.2419
0.4300,0.5029,0.2385
-0.0250,0.4939,0.2348
-0.1650,0.4790,0.2309
-0.0500,0.4702,0.2275
-0.0400,0.4612,0.2238
-0.0400,0.4553,0.2204
-0.0400,0.4463,0.2170
-0.0300,0.4404,0.2145
-0.0250,0.4314,0.2130
-0.0200,0.4255,0.2133
-0.0100,0.4194,0.2150
-0.0100,0.4136,0.2184
-0.0050,0.4077,0.2238
0.0050,0.4016,0.2311
0.0150,0.3928,0.2399
0.0300,0.3867,0.2502
0.0650,0.3779,0.2614
0.0950,0.3718,0.2734
0.1400,0.3599,0.2863
0.1600,0.3540,0.3005
0.1300,0.3452,0.3161
0.0500,0.3391,0.3335
-0.0150,0.3333,0.3526
-0.0450,0.3391,0.3741
-0.0600,0.3481,0.3968
-0.0650,0.3660,0.4202
-0.0600,0.3926,0.4437
-0.0650,0.4285,0.4671
-0.0550,0.4700,0.4906
-0.0350,0.5088,0.5140
-0.0200,0.5474,0.5375
-0.0550,0.5862,0.5610
-0.0700,0.6157,0.5842
-0.0700,0.6426,0.6064
-0.0600,0.6575,0.6277
-0.0500,0.6694,0.6479
-0.0500,0.6726,0.6677
-0.0400,0.6694,0.6870
-0.0400,0.6575,0.7058
-0.0300,0.6458,0.7234
-0.0400,0.6277,0.7396
-0.0350,0.6099,0.7540
-0.0350,0.5891,0.7667
-0.0250,0.5713,0.7782
0.3700,0.5564,0.7887
0.3000,0.5386,0.7987
-0.1350,0.5266,0.8080
-0.0650,0.5146,0.8168
-0.0300,0.5088,0.8253
-0.0350,0.5000,0.8336
-0.0350,0.5000,0.8419
-0.0300,0.4939,0.8510
-0.0200,0.4880,0.8607
-0.0200,0.4819,0.8700
-0.0200,0.4819,0.8788
-0.0150,0.4761,0.8871
-0.0050,0.4702,0.8952
0.0000,0.4641,0.9018
0.0100,0.4583,0.9074
0.0300,0.4524,0.9113
0.0550,0.4463,0.9138
0.0950,0.4404,0.9160
0.1350,0.4343,0.9182
0.1750,0.4285,0.9204
0.1650,0.4226,0.9226
0.0950,0.4165,0.9245
0.0150,0.4136,0.9265
-0.0350,0.4106,0.9265
-0.0550,0.4194,0.9245
-0.0600,0.4314,0.9201
-0.0600,0.4521,0.9138
-0.0550,0.4819,0.9050
-0.0500,0.5146,0.8945
-0.0500,0.5593,0.8832
0.0100,0.6011,0.8715
-0.0350,0.6455,0.8576
-0.0600,0.6843,0.8419
-0.0650,0.7170,0.8258
-0.0550,0.7439,0.8094
-0.0450,0.7588,0.7918
-0.0450,0.7708,0.7733
-0.0350,0.7737,0.7540
-0.0400,0.7708,0.7342
-0.0300,0.7588,0.7139
-0.0400,0.7439,0.6934
-0.0400,0.7261,0.6729
-0.0300,0.7021,0.6518
-0.0350,0.6814,0.6308
0.2050,0.6604,0.6098
0.3750,0.6426,0.5888
-0.1500,0.6218,0.5680
-0.1050,0.6069,0.5483
-0.0300,0.5920,0.5292
-0.0350,0.5801,0.5099
-0.0300,0.5684,0.4906
-0.0300,0.5564,0.4730
-0.0250,0.5505,0.4571
-0.0200,0.5386,0.4415
-0.0150,0.5325,0.4261
-0.0100,0.5208,0.4129
-0.0050,0.5146,0.4012
0.0000,0.5029,0.3887
0.0150,0.5000,0.3760
0.0250,0.4910,0.3635
0.0550,0.4849,0.3513
0.0850,0.4761,0.3386
0.1300,0.4670,0.3254
0.1800,0.4583,0.3118
0.1850,0.4492,0.2983
0.1150,0.4404,0.2866
0.0350,0.4343,0.2763
-0.0300,0.4285,0.2673
-0.0550,0.4285,0.2597
-0.0650,0.4373,0.2526
-0.0650,0.4492,0.2465
-0.0650,0.4729,0.2409
-0.0600,0.4998,0.2358
-0.0550,0.5325,0.2321
-0.0250,0.5742,0.2294
-0.0300,0.6128,0.2277
-0.0550,0.6487,0.2265
-0.0650,0.6785,0.2258
-0.0600,0.6992,0.2253
-0.0500,0.7112,0.2240
-0.0500,0.7202,0.2223
-0.0500,0.7202,0.2201
-0.0450,0.7112,0.2177
-0.0400,0.6992,0.2150
-0.0400,0.6785,0.2121
-0.0500,0.6604,0.2091
-0.0450,0.6367,0.2060
-0.0400,0.6128,0.2018
0.0200,0.5920,0.1972
0.4100,0.5713,0.1918
0.0250,0.5564,0.1862
-0.1850,0.5386,0.1813
-0.0600,0.5266,0.1769
-0.0350,0.5146,0.1722
-0.0350,0.5029,0.1674
-0.0300,0.4968,0.1639
-0.0250,0.4910,0.1622
-0.0200,0.4819,0.1615
-0.0100,0.4731,0.1617
-0.0050,0.4670,0.1637
-0.0050,0.4583,0.1666
0.0000,0.4524,0.1696
0.0100,0.4492,0.1722
0.0250,0.4404,0.1740
0.0400,0.4314,0.1744
0.0700,0.4255,0.1735
0.1050,0.4136,0.1713
0.1550,0.4077,0.1688
0.1900,0.3958,0.1666
0.1550,0.3838,0.1647
0.0700,0.3779,0.1627
0.0000,0.3689,0.1620
-0.0350,0.3630,0.1620
-0.0500,0.3630,0.1627
-0.0650,0.3660,0.1639
-0.0600,0.3809,0.1664
-0.0600,0.4045,0.1700
-0.0550,0.4373,0.1742
-0.0500,0.4729,0.1791
-0.0200,0.5088,0.1832
-0.0450,0.5444,0.1871
-0.0650,0.5801,0.1913
-0.0600,0.6099,0.1957
-0.0600,0.6306,0.1996
-0.0500,0.6458,0.2028
-0.0500,0.6545,0.2055
-0.0500,0.6545,0.2079
-0.0500,0.6487,0.2099
-0.0400,0.6367,0.2116
-0.0500,0.6218,0.2123
-0.0500,0.6011,0.2121
-0.0450,0.5830,0.2111
-0.0450,0.5623,0.2096
0.2300,0.5415,0.2077
0.3200,0.5237,0.2052
-0.1800,0.5088,0.2028
-0.1100,0.4968,0.2003
-0.0450,0.4849,0.1979
-0.0450,0.4790,0.1952
-0.0450,0.4670,0.1928
-0.0400,0.4612,0.1903
-0.0300,0.4524,0.1898
-0.0300,0.4463,0.1911
-0.0250,0.4404,0.1933
-0.0150,0.4314,0.1964
-0.0150,0.4255,0.2003
-0.0100,0.4194,0.2047
0.0100,0.4106,0.2084
0.0200,0.4016,0.2111
0.0500,0.3958,0.2126
0.0750,0.3867,0.2128
0.1200,0.3779,0.2113
0.1650,0.3689,0.2084
0.1650,0.3599,0.2062
0.1000,0.3511,0.2050
0.0250,0.3452,0.2043
-0.0350,0.3391,0.2043
-0.0550,0.3391,0.2045
-0.0650,0.3481,0.2050
-0.0650,0.3628,0.2057
-0.0650,0.3867,0.2067
-0.0550,0.4194,0.2077
-0.0550,0.4583,0.2089
-0.0350,0.4968,0.2111
-0.0350,0.5356,0.2140
-0.0600,0.5742,0.2174
-0.0650,0.6069,0.2214
-0.0550,0.6306,0.2245
-0.0550,0.6516,0.2270
-0.0500,0.6606,0.2289
-0.0500,0.6606,0.2309
-0.0450,0.6606,0.2333
-0.0400,0.6516,0.2363
-0.0450,0.6367,0.2387
-0.0450,0.6189,0.2407
-0.0450,0.6011,0.2431
-0.0500,0.5801,0.2460
0.0750,0.5593,0.2495
0.4500,0.5415,0.2534
-0.0450,0.5237,0.2585
-0.1500,0.5088,0.2648
-0.0500,0.5000,0.2729
-0.0450,0.4910,0.2827
-0.0450,0.4819,0.2944
-0.0400,0.4731,0.3081
-0.0350,0.4670,0.3230
-0.0300,0.4583,0.3391
-0.0250,0.4524,0.3572
-0.0200,0.4463,0.3765
-0.0150,0.4434,0.3968
-0.0100,0.4373,0.4183
0.0000,0.4314,0.4412
0.0100,0.4255,0.4649
0.0300,0.4165,0.4869
0.0500,0.4077,0.5070
0.0900,0.4016,0.5265
0.1350,0.3958,0.5461
0.1650,0.3838,0.5663
0.1250,0.3779,0.5869
0.0450,0.3718,0.6071
-0.0150,0.3689,0.6269
-0.0500,0.3689,0.6462
-0.0650,0.3718,0.6653
-0.0650,0.3926,0.6839
-0.0650,0.4165,0.7024
-0.0600,0.4521,0.7207
-0.0550,0.4910,0.7388
-0.0300,0.5295,0.7569
-0.0250,0.5771,0.7745
-0.0500,0.6157,0.7901
-0.0750,0.6516,0.8041
-0.0700,0.6814,0.8172
-0.0600,0.7051,0.8302
-0.0450,0.7170,0.8419
-0.0500,0.7261,0.8524
-0.0400,0.7261,0.8612
-0.0350,0.7170,0.8688
-0.0250,0.7051,0.8761
-0.0400,0.6873,0.8832
-0.0400,0.6694,0.8893
-0.0400,0.6487,0.8947
-0.0200,0.6306,0.9003
0.4150,0.6128,0.9062
0.2650,0.5981,0.9125
-0.1300,0.5862,0.9189
-0.0550,0.5742,0.9255
-0.0300,0.5674,0.9321
-0.0350,0.5608,0.9377
-0.0400,0.5513,0.9423
-0.0350,0.5449,0.9453
-0.0350,0.5383,0.9467
-0.0350,0.5320,0.9462
-0.0250,0.5256,0.9438
-0.0150,0.5190,0.9382
-0.0100,0.5127,0.9296
-0.0050,0.5095,0.9189
0.0100,0.5032,0.9067
0.0300,0.5000,0.8920
0.0500,0.4966,0.8754
0.0900,0.4871,0.8566
0.1350,0.4773,0.8361
0.1750,0.4709,0.8151
0.1600,0.4614,0.7940
0.0800,0.4517,0.7738
0.0050,0.4453,0.7542
-0.0450,0.4421,0.7344
-0.0650,0.4421,0.7144
-0.0700,0.4517,0.6951
-0.0700,0.4709,0.6763
-0.0650,0.4966,0.6582
-0.0650,0.5320,0.6406
-0.0650,0.5769,0.6233
-0.0150,0.6218,0.6062
-0.0550,0.6702,0.5895
-0.0800,0.7151,0.5729
-0.0800,0.7505,0.5566
-0.0700,0.7827,0.5404
-0.0600,0.8020,0.5243
-0.0600,0.8181,0.5079
-0.0550,0.8245,0.4906
-0.0550,0.8213,0.4730
-0.0500,0.8083,0.4557
-0.0600,0.7891,0.4388
-0.0600,0.7634,0.4234
-0.0550,0.7312,0.4090
-0.0550,0.7021,0.3943
0.1950,0.6733,0.3799
0.3350,0.6411,0.3662
-0.1800,0.6218,0.3533
-0.1250,0.5962,0.3411
-0.0500,0.5801,0.3293
-0.0500,0.5608,0.3181
-0.0500,0.5481,0.3071
-0.0350,0.5352,0.2964
-0.0350,0.5222,0.2859
-0.0300,0.5095,0.2768
-0.0250,0.5032,0.2688
-0.0200,0.5000,0.2624
-0.0100,0.4902,0.2575
-0.0100,0.4839,0.2519
0.0050,0.4741,0.2453
0.0200,0.4646,0.2385
0.0400,0.4580,0.2311
0.0750,0.4453,0.2238
0.1200,0.4387,0.2160
0.1650,0.4260,0.2086
0.1700,0.4194,0.2011
0.1050,0.4067,0.1950
0.0250,0.4077,0.1896
-0.0300,0.3987,0.1859
-0.0600,0.3987,0.1837
-0.0700,0.4016,0.1815
-0.0700,0.4136,0.1793
-0.0700,0.4343,0.1781
-0.0650,0.4612,0.1776
-0.0650,0.4910,0.1769
-0.0450,0.5266,0.1759
-0.0400,0.5623,0.1757
-0.0650,0.5979,0.1759
-0.0800,0.6306,0.1766
-0.0700,0.6545,0.1779
-0.0600,0.6694,0.1793
-0.0550,0.6785,0.1808
-0.0550,0.6814,0.1815
-0.0550,0.6755,0.1813
-0.0500,0.6636,0.1806
-0.0450,0.6487,0.1796
-0.0600,0.6306,0.1793
-0.0500,0.6069,0.1796
-0.0450,0.5830,0.1793
0.0200,0.5652,0.1786
0.4050,0.5415,0.1776
0.0000,0.5266,0.1762
-0.1850,0.5088,0.1747
-0.0600,0.5000,0.1730
-0.0400,0.4910,0.1710
-0.0400,0.4849,0.1693
-0.0400,0.4761,0.1686
-0.0350,0.4670,0.1686
-0.0300,0.4612,0.1693
-0.0200,0.4553,0.1705
-0.0200,0.4463,0.1730
-0.0150,0.4373,0.1764
-0.0100,0.4314,0.1796
0.0000,0.4194,0.1823
0.0100,0.4136,0.1840
0.0350,0.4016,0.1845
0.0650,0.3896,0.1842
0.1050,0.3779,0.1835
0.1500,0.3718,0.1813
0.1800,0.3599,0.1784
0.1450,0.3481,0.1762
0.0650,0.3420,0.1752
-0.0050,0.3362,0.1749
-0.0450,0.3333,0.1754
-0.0600,0.3420,0.1764
-0.0650,0.3540,0.1776
-0.0700,0.3748,0.1791
-0.0650,0.4075,0.1806
-0.0600,0.4434,0.1825
-0.0600,0.4849,0.1847
-0.0350,0.5176,0.1886
-0.0550,0.5564,0.1940
-0.0750,0.5891,0.1986
-0.0700,0.6128,0.2025
-0.0650,0.6338,0.2067
-0.0550,0.6458,0.2111
-0.0600,0.6487,0.2148
-0.0500,0.6487,0.2177
-0.0500,0.6458,0.2201
-0.0450,0.6338,0.2221
-0.0600,0.6189,0.2238
-0.0550,0.6011,0.2250
-0.0500,0.5801,0.2253
-0.0500,0.5593,0.2245
0.2500,0.5415,0.2221
0.2850,0.5237,0.2184
-0.1850,0.5088,0.2145
-0.1000,0.4968,0.2111
-0.0400,0.4849,0.2077
-0.0400,0.4790,0.2045
-0.0400,0.4670,0.2023
-0.0350,0.4583,0.2011
-0.0250,0.4492,0.2003
-0.0200,0.4434,0.2006
-0.0150,0.4373,0.2021
-0.0050,0.4285,0.2045
-0.0050,0.4194,0.2077
0.0050,0.4136,0.2113
0.0150,0.4077,0.2145
0.0300,0.3987,0.2172
0.0500,0.3928,0.2184
0.0850,0.3838,0.2182
0.1300,0.3779,0.2174
0.1650,0.3689,0.2160
0.1700,0.3599,0.2140
0.1100,0.3511,0.2121
0.0300,0.3452,0.2106
-0.0200,0.3391,0.2099
-0.0450,0.3391,0.2096
-0.0500,0.3420,0.2099
-0.0550,0.3540,0.2113
-0.0550,0.3748,0.2143
-0.0500,0.4075,0.2196
-0.0500,0.4434,0.2270
-0.0150,0.4849,0.2363
-0.0350,0.5205,0.2470
-0.0500,0.5623,0.2597
-0.0600,0.5979,0.2739
-0.0550,0.6277,0.2893
-0.0450,0.6516,0.3056
-0.0500,0.6636,0.3225
-0.0400,0.6726,0.3401
-0.0450,0.6726,0.3582
-0.0350,0.6665,0.3763
-0.0400,0.6545,0.3946
-0.0450,0.6367,0.4134
-0.0350,0.6189,0.4332
-0.0400,0.5981,0.4537
0.1000,0.5771,0.4740
0.4750,0.5564,0.4940
-0.0400,0.5386,0.5148
-0.1200,0.5237,0.5358
-0.0400,0.5088,0.5563
-0.0350,0.5000,0.5763
-0.0350,0.4968,0.5959
-0.0300,0.4880,0.6152
-0.0250,0.4819,0.6343
-0.0250,0.4761,0.6531
-0.0200,0.4702,0.6716
-0.0150,0.4641,0.6900
-0.0050,0.4612,0.7071
0.0000,0.4553,0.7232
0.0050,0.4492,0.7386
0.0150,0.4404,0.7530
0.0350,0.4343,0.7659
0.0550,0.4255,0.7777
0.0950,0.4194,0.7884
0.1400,0.4077,0.7984
0.1700,0.4016,0.8080
0.1300,0.3928,0.8170
0.0550,0.3867,0.8256
-0.0100,0.3867,0.8339
-0.0450,0.3867,0.8419
-0.0550,0.3958,0.8500
-0.0500,0.4165,0.8590
-0.0550,0.4434,0.8686
-0.0450,0.4790,0.8776
-0.0400,0.5176,0.8864
0.0050,0.5652,0.8947
-0.0100,0.6128,0.9028
-0.0450,0.6545,0.9106
-0.0650,0.6931,0.9184
-0.0500,0.7261,0.9257
-0.0400,0.7498,0.9331
-0.0300,0.7646,0.9392
-0.0350,0.7737,0.9441
-0.0300,0.7795,0.9462
-0.0350,0.7708,0.9460
-0.0300,0.7646,0.9431
-0.0350,0.7468,0.9375
-0.0350,0.7319,0.9282
-0.0350,0.7112,0.9160
0.0050,0.6934,0.9025
0.4300,0.6755,0.8881
0.1600,0.6575,0.8730
-0.1450,0.6426,0.8573
-0.0500,0.6248,0.8414
-0.0300,0.6099,0.8253
-0.0300,0.5981,0.8092
-0.0250,0.5830,0.7926
-0.0250,0.5684,0.7750
-0.0250,0.5564,0.7564
-0.0150,0.5505,0.7383
-0.0100,0.5386,0.7205
-0.0100,0.5295,0.7029
0.0000,0.5208,0.6856
0.0000,0.5117,0.6672
0.0150,0.5088,0.6484
0.0350,0.5029,0.6291
0.0600,0.4968,0.6091
0.0900,0.4910,0.5866
0.1350,0.4819,0.5627
0.1700,0.4731,0.5390
0.1500,0.4670,0.5162
0.0700,0.4583,0.4950
0.0000,0.4524,0.4752
-0.0450,0.4463,0.4576
-0.0700,0.4463,0.4417
-0.0700,0.4492,0.4280
-0.0700,0.4612,0.4161
-0.0650,0.4819,0.4048
-0.0650,0.5088,0.3938
-0.0600,0.5444,0.3841
-0.0050,0.5898,0.3755
-0.0500,0.6348,0.3675
-0.0700,0.6765,0.3601
-0.0750,0.7119,0.3521
-0.0700,0.7441,0.3435
-0.0600,0.7666,0.3347
-0.0600,0.7827,0.3252
-0.0550,0.7891,0.3147
-0.0600,0.7922,0.3032
-0.0500,0.7827,0.2920
-0.0600,0.7634,0.2812
-0.0550,0.7375,0.2710
-0.0550,0.7087,0.2607
-0.0500,0.6765,0.2509
0.2150,0.6477,0.2414
0.3000,0.6155,0.2321
-0.1950,0.5898,0.2236
-0.1200,0.5674,0.2160
-0.0400,0.5481,0.2094
-0.0400,0.5288,0.2028
-0.0400,0.5159,0.1962
-0.0350,0.5032,0.1906
-0.0300,0.5000,0.1859
-0.0250,0.4902,0.1828
-0.0200,0.4773,0.1810
-0.0150,0.4678,0.1801
-0.0100,0.4580,0.1798
0.0050,0.4453,0.1791
0.0150,0.4355,0.1781
0.0300,0.4260,0.1769
0.0550,0.4163,0.1752
0.0900,0.4099,0.1725
0.1300,0.4001,0.1691
0.1700,0.3938,0.1669
0.1700,0.3809,0.1659
0.1000,0.3682,0.1649
0.0200,0.3616,0.1637
-0.0300,0.3489,0.1634
-0.0550,0.3457,0.1634
-0.0700,0.3457,0.1632
-0.0700,0.3552,0.1627
-0.0650,0.3713,0.1630
-0.0650,0.4065,0.1639
-0.0600,0.4451,0.1661
-0.0300,0.4902,0.1696
-0.0400,0.5320,0.1737
-0.0600,0.5737,0.1784
-0.0750,0.6123,0.1825
-0.0650,0.6411,0.1864
-0.0600,0.6638,0.1906
-0.0600,0.6765,0.1950
-0.0500,0.6799,0.1979
-0.0500,0.6765,0.1994
-0.0450,0.6638,0.2008
-0.0450,0.6509,0.2021
-0.0500,0.6284,0.2023
-0.0500,0.6091,0.2016
-0.0500,0.5833,0.1994
0.0400,0.5576,0.1959
0.4250,0.5383,0.1928
-0.0150,0.5159,0.1896
-0.1700,0.5000,0.1854
-0.0550,0.4878,0.1810
-0.0400,0.4731,0.1781
-0.0350,0.4641,0.1766
-0.0350,0.4553,0.1771
-0.0300,0.4463,0.1788
-0.0250,0.4373,0.1820
-0.0250,0.4314,0.1857
-0.0200,0.4255,0.1901
-0.0150,0.4165,0.1947
-0.0050,0.4077,0.1989
0.0000,0.4016,0.2021
0.0150,0.3958,0.2038
0.0350,0.3838,0.2043
0.0600,0.3779,0.2028
0.0950,0.3689,0.2001
0.1400,0.3599,0.1972
0.1700,0.3481,0.1942
0.1350,0.3420,0.1913
0.0550,0.3333,0.1886
-0.0100,0.3242,0.1869
-0.0450,0.3213,0.1862
-0.0650,0.3213,0.1862
-0.0700,0.3303,0.1867
-0.0700,0.3511,0.1876
-0.0650,0.3777,0.1889
-0.0650,0.4136,0.1911
-0.0550,0.4551,0.1942
-0.0300,0.4968,0.1981
-0.0600,0.5356,0.2025
-0.0750,0.5742,0.2072
-0.0750,0.6069,0.2121
-0.0700,0.6306,0.2160
-0.0600,0.6516,0.2194
-0.0600,0.6606,0.2231
-0.0500,0.6606,0.2270
-0.0500,0.6575,0.2301
-0.0450,0.6458,0.2326
-0.0600,0.6306,0.2336
-0.0500,0.6099,0.2333
-0.0500,0.5891,0.2321
-0.0500,0.5652,0.2304
0.2850,0.5474,0.2282
0.2350,0.5266,0.2258
-0.1950,0.5088,0.2240
-0.0950,0.5000,0.2226
-0.0450,0.4849,0.2209
-0.0450,0.4731,0.2192
-0.0400,0.4612,0.2187
-0.0350,0.4524,0.2196
-0.0350,0.4434,0.2206
-0.0300,0.4343,0.2216
-0.0200,0.4255,0.2226
-0.0250,0.4194,0.2236
-0.0200,0.4136,0.2255
-0.0100,0.4077,0.2280
0.0050,0.3987,0.2301
0.0200,0.3896,0.2321
0.0400,0.3838,0.2348
0.0750,0.3718,0.2380
0.1100,0.3630,0.2426
0.1500,0.3540,0.2485
0.1500,0.3420,0.2563
0.0850,0.3333,0.2658
0.0150,0.3242,0.2788
-0.0300,0.3213,0.2942
-0.0600,0.3242,0.3105
-0.0600,0.3362,0.3281
-0.0600,0.3569,0.3479
-0.0550,0.3838,0.3699
-0.0500,0.4253,0.3936
-0.0500,0.4700,0.4185
0.0000,0.5117,0.4454
-0.0450,0.5535,0.4735
-0.0600,0.5920,0.4996
-0.0750,0.6277,0.5241
-0.0650,0.6545,0.5468
-0.0500,0.6694,0.5685
-0.0550,0.6814,0.5886
-0.0500,0.6843,0.6069
-0.0450,0.6814,0.6250
-0.0350,0.6694,0.6430
-0.0400,0.6575,0.6599
-0.0400,0.6426,0.6760
-0.0350,0.6248,0.6926
-0.0400,0.6069,0.7093
0.1400,0.5862,0.7251
0.4950,0.5684,0.7403
-0.0550,0.5505,0.7547
-0.1050,0.5354,0.7689
-0.0400,0.5208,0.7826
-0.0400,0.5088,0.7960
-0.0400,0.5000,0.8080
-0.0400,0.4939,0.8190
-0.0300,0.4849,0.8302
-0.0250,0.4790,0.8414
-0.0250,0.4731,0.8519
-0.0200,0.4702,0.8615
-0.0150,0.4641,0.8695
-0.0100,0.4583,0.8764
-0.0050,0.4524,0.8820
0.0150,0.4434,0.8869
0.0300,0.4373,0.8910
0.0500,0.4255,0.8947
0.0900,0.4165,0.8969
0.1400,0.4136,0.8984
0.1650,0.4077,0.9008
0.1250,0.3958,0.9042
0.0450,0.3896,0.9064
-0.0200,0.3867,0.9076
-0.0550,0.3867,0.9079
-0.0650,0.3896,0.9072
-0.0650,0.4077,0.9050
-0.0600,0.4314,0.9015
-0.0600,0.4670,0.8962
-0.0550,0.5088,0.8888
-0.0100,0.5505,0.8796
-0.0200,0.6011,0.8686
-0.0500,0.6426,0.8568
-0.0700,0.6873,0.8449
-0.0550,0.7229,0.8319
-0.0500,0.7498,0.8180
-0.0450,0.7708,0.8036
-0.0450,0.7825,0.7882
-0.0400,0.7856,0.7716
-0.0350,0.7856,0.7537
-0.0350,0.7795,0.7349
-0.0400,0.7708,0.7156
-0.0400,0.7556,0.6958
-0.0400,0.7319,0.6755
0.0400,0.7112,0.6538
0.4400,0.6873,0.6313
0.0150,0.6604,0.6091
-0.1650,0.6367,0.5871
-0.0500,0.6128,0.5656
-0.0300,0.5950,0.5443
-0.0300,0.5771,0.5241
-0.0350,0.5623,0.5050
-0.0300,0.5444,0.4879
-0.0250,0.5386,0.4723
-0.0200,0.5266,0.4579
-0.0200,0.5146,0.4444
-0.0150,0.5088,0.4315
-0.0100,0.5000,0.4188
0.0050,0.4939,0.4058
0.0150,0.4849,0.3921
0.0350,0.4731,0.3782
0.0650,0.4612,0.3640
0.0950,0.4524,0.3494
0.1450,0.4434,0.3347
0.1750,0.4314,0.3201
0.1400,0.4194,0.3056
0.0550,0.4077,0.2934
-0.0050,0.3958,0.2827
-0.0450,0.3896,0.2734
-0.0600,0.3838,0.2651
-0.0650,0.3838,0.2568
-0.0700,0.3958,0.2487
-0.0650,0.4106,0.2424
-0.0600,0.4402,0.2377
-0.0600,0.4790,0.2333
-0.0150,0.5117,0.2292
-0.0550,0.5564,0.2262
-0.0750,0.5979,0.2243
-0.0750,0.6338,0.2218
-0.0650,0.6636,0.2194
-0.0500,0.6843,0.2165
-0.0550,0.6992,0.2135
-0.0500,0.7021,0.2106
-0.0500,0.6992,0.2077
-0.0400,0.6902,0.2047
-0.0550,0.6755,0.2018
-0.0550,0.6545,0.1989
-0.0450,0.6306,0.1957
-0.0450,0.6069,0.1915
0.2350,0.5830,0.1869
0.2900,0.5593,0.1818
-0.1850,0.5415,0.1764
-0.1050,0.5208,0.1718
-0.0400,0.5029,0.1676
-0.0400,0.4968,0.1630
-0.0350,0.4819,0.1583
-0.0300,0.4731,0.1554
-0.0250,0.4612,0.1539
-0.0200,0.4492,0.1537
-0.0150,0.4404,0.1539
-0.0100,0.4314,0.1549
-0.0100,0.4270,0.1566
-0.0050,0.4185,0.1593
0.0100,0.4102,0.1627
0.0250,0.4016,0.1654
0.0500,0.3904,0.1666
0.0850,0.3792,0.1674
0.1250,0.3708,0.1674
0.1650,0.3623,0.1669
0.1650,0.3511,0.1659
0.1000,0.3398,0.1649
0.0200,0.3315,0.1637
-0.0350,0.3230,0.1634
-0.0550,0.3203,0.1639
-0.0600,0.3203,0.1649
-0.0600,0.3230,0.1664
-0.0550,0.3398,0.1678
-0.0550,0.3652,0.1698
-0.0550,0.3960,0.1718
-0.0300,0.4326,0.1737
-0.0400,0.4746,0.1757
-0.0600,0.5083,0.1776
-0.0650,0.5417,0.1796
-0.0600,0.5728,0.1815
-0.0550,0.5952,0.1835
-0.0500,0.6091,0.1857
-0.0400,0.6177,0.1889
-0.0450,0.6177,0.1928
-0.0350,0.6121,0.1959
-0.0400,0.5979,0.1989
-0.0500,0.5840,0.2013
-0.0450,0.5642,0.2035
-0.0450,0.5447,0.2045
0.0600,0.5222,0.2045
0.4250,0.5027,0.2038
-0.0550,0.4858,0.2023
-0.1700,0.4690,0.2006
-0.0550,0.4551,0.1986
-0.0450,0.4409,0.1964
-0.0450,0.4297,0.1942
-0.0400,0.4241,0.1930
-0.0300,0.4128,0.1923
-0.0250,0.4045,0.1923
-0.0250,0.3960,0.1930
-0.0150,0.3877,0.1947
-0.0150,0.3792,0.1974
-0.0100,0.3735,0.2011
0.0000,0.3679,0.2050
0.0200,0.3567,0.2074
0.0350,0.3511,0.2084
0.0600,0.3428,0.2082
0.1000,0.3342,0.2074
0.1450,0.3230,0.2062
0.1700,0.3174,0.2043
0.1300,0.3062,0.2023
0.0550,0.3005,0.2001
-0.0150,0.2922,0.1989
-0.0450,0.2893,0.1984
-0.0550,0.2893,0.1994
-0.0650,0.2979,0.2013
-0.0650,0.3203,0.2033
-0.0600,0.3511,0.2052
-0.0550,0.3877,0.2079
-0.0500,0.4270,0.2113
-0.0200,0.4719,0.2152
-0.0550,0.5110,0.2194
-0.0700,0.5474,0.2231
-0.0650,0.5811,0.2260
-0.0600,0.6064,0.2292
-0.0500,0.6260,0.2326
-0.0450,0.6345,0.2355
-0.0500,0.6401,0.2377
-0.0500,0.6345,0.2394
-0.0400,0.6260,0.2407
-0.0500,0.6091,0.2407
-0.0450,0.5896,0.2397
-0.0450,0.5671,0.2392
-0.0350,0.5447,0.2387
0.3350,0.5249,0.2385
0.2000,0.5054,0.2387
-0.1850,0.4944,0.2399
-0.0850,0.4775,0.2424
-0.0400,0.4634,0.2470
-0.0500,0.4521,0.2538
-0.0450,0.4409,0.2626
-0.0400,0.4297,0.2731
-0.0350,0.4214,0.2866
-0.0250,0.4128,0.3025
-0.0200,0.4072,0.3193
-0.0200,0.3989,0.3369
-0.0150,0.3933,0.3570
-0.0100,0.3848,0.3787
0.0000,0.3792,0.4002
0.0150,0.3735,0.4210
0.0350,0.3652,0.4415
0.0700,0.3567,0.4615
0.1100,0.3511,0.4811
0.1500,0.3398,0.5006
0.1450,0.3342,0.5197
0.0800,0.3230,0.5390
0.0050,0.3174,0.5600
-0.0400,0.3147,0.5825
-0.0550,0.3147,0.6042
-0.0600,0.3230,0.6252
-0.0650,0.3372,0.6467
-0.0600,0.3623,0.6682
-0.0500,0.3989,0.6890
-0.0500,0.4382,0.7093
0.0150,0.4832,0.7288
-0.0400,0.5222,0.7476
-0.0600,0.5615,0.7652
-0.0650,0.5979,0.7816
-0.0550,0.6289,0.7970
-0.0450,0.6514,0.8116
-0.0450,0.6653,0.8248
-0.0400,0.6738,0.8366
-0.0350,0.6738,0.8471
-0.0300,0.6653,0.8571
-0.0400,0.6541,0.8664
-0.0400,0.6372,0.8749
-0.0400,0.6177,0.8822
-0.0400,0.5952,0.8886
0.1950,0.5784,0.8949
0.4950,0.5623,0.9013
-0.0650,0.5444,0.9069
-0.0850,0.5325,0.9118
-0.0300,0.5208,0.9169
-0.0350,0.5088,0.9226
-0.0350,0.5000,0.9274
-0.0300,0.4968,0.9318
-0.0200,0.4880,0.9367
-0.0200,0.4819,0.9421
-0.0250,0.4731,0.9467
-0.0200,0.4670,0.9504
-0.0200,0.4612,0.9516
-0.0100,0.4524,0.9504
0.0000,0.4434,0.9458
0.0150,0.4373,0.9377
0.0400,0.4314,0.9267
0.0700,0.4194,0.9130
0.1100,0.4136,0.8974
0.1550,0.4048,0.8800
0.1750,0.3958,0.8617
0.1150,0.3896,0.8427
0.0350,0.3809,0.8238
-0.0250,0.3750,0.8055
-0.0550,0.3779,0.7874
-0.0700,0.3896,0.7696
-0.0700,0.4045,0.7498
-0.0650,0.4373,0.7288
-0.0600,0.4729,0.7085
-0.0550,0.5117,0.6892
-0.0100,0.5593,0.6704
-0.0250,0.6069,0.6521
-0.0600,0.6487,0.6345
-0.0700,0.6873,0.6172
-0.0600,0.7170,0.6000
-0.0550,0.7410,0.5829
-0.0500,0.7527,0.5651
-0.0550,0.7617,0.5468
-0.0500,0.7588,0.5290
-0.0400,0.7559,0.5116
-0.0450,0.7468,0.4945
-0.0500,0.7290,0.4779
-0.0450,0.7080,0.4615
-0.0350,0.6843,0.4454
0.0500,0.6604,0.4293
0.4300,0.6367,0.4134
-0.0200,0.6128,0.3978
-0.1750,0.5891,0.3821
-0.0500,0.5713,0.3665
-0.0350,0.5564,0.3511
-0.0350,0.5415,0.3372
-0.0350,0.5266,0.3240
-0.0250,0.5178,0.3127
-0.0250,0.5088,0.3030
-0.0150,0.5000,0.2944
-0.0150,0.4939,0.2863
-0.0050,0.4849,0.2793
0.0000,0.4731,0.2727
0.0050,0.4670,0.2663
0.0200,0.4553,0.2604
0.0350,0.4434,0.2538
0.0650,0.4343,0.2465
0.1000,0.4255,0.2380
0.1500,0.4136,0.2284
0.1750,0.4016,0.2192
0.1350,0.3896,0.2106
0.0550,0.3779,0.2033
-0.0100,0.3660,0.1972
-0.0450,0.3569,0.1928
-0.0600,0.3569,0.1901
-0.0600,0.3599,0.1876
-0.0650,0.3718,0.1852
-0.0600,0.3926,0.1837
-0.0650,0.4253,0.1832
-0.0600,0.4612,0.1832
-0.0200,0.4998,0.1837
-0.0500,0.5386,0.1847
-0.0650,0.5742,0.1859
-0.0650,0.6099,0.1874
-0.0600,0.6338,0.1889
-0.0550,0.6516,0.1903
-0.0600,0.6606,0.1918
-0.0500,0.6606,0.1925
-0.0500,0.6575,0.1923
-0.0400,0.6426,0.1915
-0.0500,0.6248,0.1901
-0.0450,0.6011,0.1886
-0.0450,0.5771,0.1867
-0.0400,0.5535,0.1847
0.2550,0.5295,0.1825
0.2800,0.5059,0.1793
-0.1850,0.4939,0.1754
-0.0950,0.4761,0.1720
-0.0350,0.4612,0.1688
-0.0400,0.4492,0.1659
-0.0400,0.4373,0.1634
-0.0350,0.4255,0.1622
-0.0250,0.4165,0.1620
-0.0200,0.4077,0.1634
-0.0150,0.3987,0.1661
-0.0100,0.3896,0.1698
-0.0100,0.3838,0.1742
0.0050,0.3750,0.1784
0.0150,0.3660,0.1815
0.0300,0.3540,0.1837
0.0550,0.3481,0.1845
0.0850,0.3362,0.1835
0.1250,0.3242,0.1813
0.1650,0.3123,0.1801
0.1600,0.3064,0.1796
0.0950,0.2944,0.1786
0.0200,0.2827,0.1776
-0.0350,0.2766,0.1771
-0.0600,0.2737,0.1774
-0.0650,0.2798,0.1791
-0.0650,0.2944,0.1820
-0.0600,0.3152,0.1847
-0.0600,0.3479,0.1874
-0.0550,0.3928,0.1918
-0.0350,0.4404,0.1977
-0.0450,0.4849,0.2025
-0.0600,0.5205,0.2067
-0.0700,0.5564,0.2111
-0.0600,0.5891,0.2155
-0.0550,0.6069,0.2192
-0.0550,0.6147,0.2218
-0.0500,0.6177,0.2233
-0.0500,0.6147,0.2236
-0.0450,0.6035,0.2238
-0.0450,0.5896,0.2240
-0.0500,0.5671,0.2233
-0.0400,0.5447,0.2221
-0.0450,0.5222,0.2201
0.0700,0.5027,0.2179
0.4250,0.4888,0.2155
-0.0700,0.4690,0.2128
-0.1600,0.4551,0.2099
-0.0500,0.4409,0.2072
-0.0400,0.4297,0.2055
-0.0400,0.4214,0.2043
-0.0350,0.4128,0.2038
-0.0300,0.4045,0.2040
-0.0300,0.3960,0.2055
-0.0250,0.3904,0.2079
-0.0150,0.3821,0.2101
-0.0150,0.3735,0.2121
-0.0150,0.3679,0.2148
-0.0050,0.3596,0.2179
0.0150,0.3511,0.2196
0.0350,0.3455,0.2201
0.0650,0.3342,0.2187
0.0950,0.3286,0.2155
0.1400,0.3174,0.2121
0.1650,0.3091,0.2089
0.1200,0.3005,0.2060
0.0450,0.2949,0.2030
-0.0150,0.2866,0.2008
-0.0500,0.2893,0.1996
-0.0600,0.3005,0.1991
-0.0650,0.3147,0.1996
-0.0700,0.3398,0.2021
-0.0650,0.3735,0.2065
-0.0650,0.4158,0.2113
-0.0500,0.4634,0.2165
-0.0350,0.5083,0.2238
-0.0600,0.5474,0.2326
-0.0750,0.5840,0.2429
-0.0700,0.6147,0.2541
-0.0700,0.6372,0.2661
-0.0600,0.6541,0.2790
-0.0650,0.6597,0.2932
-0.0550,0.6570,0.3086
-0.0550,0.6514,0.3249
-0.0450,0.6484,0.3416
-0.0600,0.6316,0.3579
-0.0550,0.6121,0.3741
-0.0500,0.5896,0.3907
-0.0300,0.5698,0.4078
0.3650,0.5503,0.4254
0.2000,0.5278,0.4432
-0.1650,0.5110,0.4613
-0.0750,0.5000,0.4794
-0.0450,0.4915,0.4977
-0.0400,0.4802,0.5162
-0.0450,0.4690,0.5355
-0.0400,0.4634,0.5558
-0.0300,0.4521,0.5759
-0.0250,0.4465,0.5954
-0.0250,0.4382,0.6157
-0.0200,0.4297,0.6367
-0.0150,0.4241,0.6570
-0.0100,0.4158,0.6765
0.0000,0.4102,0.6946
0.0150,0.4016,0.7112
0.0350,0.3960,0.7259
0.0650,0.3877,0.7391
0.1100,0.3792,0.7510
0.1550,0.3735,0.7620
0.1450,0.3652,0.7733
0.0750,0.3567,0.7850
0.0050,0.3511,0.7967
-0.0400,0.3484,0.8085
-0.0600,0.3484,0.8194
-0.0650,0.3567,0.8295
-0.0650,0.3765,0.8390
-0.0550,0.4072,0.8478
-0.0550,0.4409,0.8563
-0.0600,0.4832,0.8646
0.0050,0.5278,0.8737
-0.0450,0.5728,0.8832
-0.0650,0.6177,0.8915
-0.0700,0.6570,0.8986
-0.0550,0.6907,0.9054
-0.0400,0.7131,0.9123
-0.0400,0.7327,0.9191
-0.0350,0.7412,0.9260
-0.0350,0.7468,0.9316
-0.0250,0.7412,0.9365
-0.0400,0.7300,0.9397
-0.0500,0.7158,0.9411
-0.0400,0.6963,0.9394
-0.0400,0.6794,0.9353
0.2250,0.6570,0.9282
0.4150,0.6401,0.9184
-0.1250,0.6204,0.9069
-0.0900,0.6035,0.8940
-0.0350,0.5923,0.8800
-0.0400,0.5811,0.8654
-0.0350,0.5698,0.8502
-0.0300,0.5586,0.8346
-0.0300,0.5503,0.8187
-0.0250,0.5417,0.8023
-0.0250,0.5334,0.7850
-0.0200,0.5249,0.7667
-0.0150,0.5137,0.7486
-0.0050,0.5081,0.7308
0.0050,0.5000,0.7122
0.0200,0.4915,0.6929
0.0450,0.4832,0.6719
0.0750,0.4746,0.6499
0.1150,0.4634,0.6279
0.1650,0.4578,0.6062
0.1700,0.4465,0.5859
0.1050,0.4353,0.5666
0.0250,0.4297,0.5480
-0.0250,0.4241,0.5302
-0.0500,0.4214,0.5126
-0.0650,0.4241,0.4957
-0.0650,0.4382,0.4803
-0.0550,0.4583,0.4659
-0.0600,0.4910,0.4525
-0.0550,0.5266,0.4395
-0.0200,0.5713,0.4273
-0.0300,0.6189,0.4153
-0.0550,0.6606,0.4039
-0.0700,0.6992,0.3926
-0.0550,0.7290,0.3816
-0.0600,0.7498,0.3709
-0.0550,0.7646,0.3601
-0.0500,0.7737,0.3494
-0.0450,0.7708,0.3391
-0.0350,0.7646,0.3289
-0.0350,0.7468,0.3198
-0.0500,0.7261,0.3115
-0.0400,0.6992,0.3027
-0.0450,0.6694,0.2937
0.0500,0.6396,0.2844
0.4200,0.6128,0.2751
-0.0400,0.5891,0.2658
-0.1750,0.5652,0.2565
-0.0500,0.5444,0.2475
-0.0350,0.5266,0.2387
-0.0400,0.5146,0.2311
-0.0300,0.5029,0.2245
-0.0250,0.4968,0.2187
-0.0200,0.4849,0.2135
-0.0150,0.4790,0.2099
-0.0100,0.4670,0.2074
-0.0050,0.4583,0.2050
0.0000,0.4492,0.2025
0.0100,0.4404,0.2001
0.0250,0.4314,0.1972
0.0450,0.4194,0.1935
0.0700,0.4077,0.1889
0.1100,0.3958,0.1837
0.1550,0.3838,0.1784
0.1800,0.3779,0.1737
0.1400,0.3660,0.1696
0.0600,0.3540,0.1661
-0.0050,0.3420,0.1634
-0.0450,0.3391,0.1617
-0.0550,0.3391,0.1613
-0.0600,0.3481,0.1627
-0.0600,0.3689,0.1654
-0.0550,0.3958,0.1678
-0.0500,0.4314,0.1705
-0.0500,0.4729,0.1742
-0.0200,0.5117,0.1786
-0.0450,0.5535,0.1835
-0.0650,0.5891,0.1884
-0.0650,0.6189,0.1925
-0.0600,0.6396,0.1962
-0.0550,0.6516,0.1994
-0.0500,0.6575,0.2021
-0.0450,0.6545,0.2033
-0.0500,0.6516,0.2035
-0.0350,0.6396,0.2030
-0.0500,0.6248,0.2018
-0.0500,0.6011,0.2003
-0.0450,0.5771,0.1984
-0.0400,0.5535,0.1964
0.2600,0.5278,0.1940
0.2700,0.5110,0.1915
-0.1850,0.4971,0.1891
-0.0950,0.4802,0.1867
-0.0350,0.4690,0.1845
-0.0350,0.4578,0.1832
-0.0350,0.4465,0.1828
-0.0300,0.4353,0.1830
-0.0250,0.4297,0.1835
-0.0150,0.4185,0.1845
-0.0100,0.4128,0.1857
-0.0050,0.4045,0.1881
0.0000,0.3960,0.1915
0.0100,0.3877,0.1945
0.0200,0.3792,0.1967
0.0350,0.3735,0.1969
0.0550,0.3623,0.1952
0.0850,0.3567,0.1933
0.1250,0.3455,0.1913
0.1650,0.3372,0.1891
0.1650,0.3286,0.1869
0.0950,0.3203,0.1857
0.0250,0.3118,0.1852
-0.0250,0.3062,0.1854
-0.0500,0.3035,0.1859
-0.0550,0.3062,0.1869
-0.0600,0.3174,0.1881
-0.0550,0.3372,0.1903
-0.0550,0.3679,0.1935
-0.0500,0.4045,0.1974
-0.0300,0.4495,0.2018
-0.0400,0.4915,0.2067
-0.0550,0.5305,0.2116
-0.0650,0.5698,0.2165
-0.0550,0.6008,0.2216
-0.0500,0.6233,0.2258
-0.0500,0.6428,0.2289
-0.0450,0.6484,0.2314
-0.0350,0.6514,0.2331
-0.0300,0.6458,0.2336
-0.0350,0.6428,0.2328
-0.0450,0.6289,0.2316
-0.0400,0.6121,0.2297
-0.0450,0.5896,0.2272
0.0800,0.5671,0.2243
0.4350,0.5447,0.2214
-0.0600,0.5222,0.2184
-0.1450,0.5054,0.2155
-0.0400,0.4944,0.2123
-0.0350,0.4802,0.2091
-0.0350,0.4663,0.2065
-0.0300,0.4578,0.2055
-0.0250,0.4465,0.2062
-0.0200,0.4382,0.2079
-0.0200,0.4297,0.2106
-0.0200,0.4241,0.2140
-0.0200,0.4158,0.2179
-0.0100,0.4072,0.2223
0.0000,0.4016,0.2267
0.0150,0.3933,0.2301
0.0350,0.3848,0.2328
0.0650,0.3765,0.2350
0.0950,0.3679,0.2370
0.1350,0.3596,0.2392
0.1650,0.3511,0.2424
0.1300,0.3398,0.2470
0.0500,0.3342,0.2531
-0.0150,0.3230,0.2622
-0.0500,0.3174,0.2736
-0.0600,0.3147,0.2881
-0.0600,0.3174,0.3047
-0.0550,0.3286,0.3220
-0.0500,0.3511,0.3401
-0.0450,0.3821,0.3606
-0.0250,0.4214,0.3831
-0.0250,0.4663,0.4070
-0.0500,0.5083,0.4322
-0.0650,0.5530,0.4581
-0.0650,0.5923,0.4842
-0.0550,0.6260,0.5089
-0.0450,0.6541,0.5321
-0.0500,0.6709,0.5544
-0.0400,0.6794,0.5756
-0.0400,0.6821,0.5961
-0.0300,0.6765,0.6162
-0.0450,0.6653,0.6357
-0.0400,0.6484,0.6545
-0.0300,0.6289,0.6724
-0.0150,0.6064,0.6887
0.4000,0.5840,0.7034
0.2400,0.5642,0.7163
-0.1400,0.5474,0.7290
-0.0600,0.5305,0.7418
-0.0350,0.5193,0.7532
-0.0400,0.5054,0.7642
-0.0400,0.5000,0.7755
-0.0400,0.4944,0.7870
-0.0300,0.4858,0.7987
-0.0300,0.4802,0.8104
-0.0300,0.4719,0.8226
-0.0200,0.4663,0.8346
-0.0200,0.4607,0.8456
-0.0150,0.4521,0.8556
0.0050,0.4465,0.8651
0.0200,0.4409,0.8739
0.0400,0.4326,0.8803
0.0700,0.4241,0.8844
0.1150,0.4185,0.8881
0.1600,0.4072,0.8915
0.1450,0.4016,0.8945
0.0800,0.3933,0.8974
0.0100,0.3848,0.9011
-0.0300,0.3821,0.9054
-0.0500,0.3821,0.9096
-0.0550,0.3848,0.9133
-0.0650,0.4016,0.9167
-0.0600,0.4270,0.9196
-0.0600,0.4634,0.9201
-0.0500,0.5027,0.9186
0.0050,0.5503,0.9147
-0.0450,0.5979,0.9089
-0.0700,0.6458,0.9015
-0.0700,0.6877,0.8927
-0.0550,0.7244,0.8822
-0.0450,0.7676,0.8700
-0.0450,0.7915,0.8566
-0.0400,0.8035,0.8422
-0.0400,0.8093,0.8263
-0.0300,0.8064,0.8089
-0.0400,0.7944,0.7906
-0.0400,0.7737,0.7713
-0.0400,0.7498,0.7515
-0.0300,0.7261,0.7315
0.2450,0.7021,0.7110
0.3300,0.6753,0.6902
-0.1700,0.6487,0.6692
-0.1000,0.6248,0.6482
-0.0300,0.6040,0.6272
-0.0300,0.5862,0.6064
-0.0300,0.5713,0.5866
-0.0300,0.5564,0.5678
-0.0250,0.5444,0.5507
-0.0200,0.5386,0.5348
-0.0150,0.5266,0.5192
-0.0100,0.5208,0.5038
-0.0050,0.5088,0.4894
0.0000,0.5000,0.4754
0.0100,0.4968,0.4603
0.0250,0.4849,0.4439
0.0450,0.4731,0.4278
0.0750,0.4612,0.4117
0.1200,0.4492,0.3948
0.1700,0.4373,0.3775
0.1700,0.4255,0.3613
0.1000,0.4136,0.3467
0.0200,0.4016,0.3333
-0.0300,0.3958,0.3205
-0.0600,0.3867,0.3096
-0.0650,0.3896,0.3000
-0.0650,0.3958,0.2915
-0.0650,0.4165,0.2839
-0.0600,0.4492,0.2768
-0.0600,0.4849,0.2702
-0.0250,0.5237,0.2641
-0.0350,0.5713,0.2585
-0.0600,0.6157,0.2541
-0.0750,0.6575,0.2507
-0.0650,0.6902,0.2473
-0.0550,0.7141,0.2433
-0.0550,0.7290,0.2394
-0.0550,0.7380,0.2355
-0.0500,0.7380,0.2316
-0.0500,0.7290,0.2277
-0.0500,0.7080,0.2231
-0.0550,0.6902,0.2177
-0.0500,0.6604,0.2128
-0.0550,0.6367,0.2082
0.0300,0.6069,0.2030
0.4050,0.5830,0.1972
-0.0250,0.5593,0.1913
-0.1750,0.5386,0.1849
-0.0550,0.5208,0.1786
-0.0400,0.5029,0.1722
-0.0450,0.4968,0.1671
-0.0400,0.4849,0.1630
-0.0350,0.4731,0.1603
-0.0250,0.4634,0.1591
-0.0150,0.4521,0.1598
-0.0100,0.4465,0.1620
-0.0100,0.4353,0.1644
-0.0050,0.4297,0.1669
0.0050,0.4185,0.1681
0.0150,0.4102,0.1688
0.0400,0.4016,0.1698
0.0700,0.3904,0.1710
0.1050,0.3792,0.1705
0.1500,0.3679,0.1686
0.1750,0.3567,0.1676
0.1350,0.3455,0.1674
0.0550,0.3372,0.1669
-0.0100,0.3286,0.1661
-0.0500,0.3203,0.1671
-0.0650,0.3203,0.1696
-0.0700,0.3286,0.1720
-0.0650,0.3428,0.1744
-0.0650,0.3652,0.1769
-0.0600,0.3989,0.1793
-0.0600,0.4382,0.1825
-0.0250,0.4832,0.1867
-0.0550,0.5193,0.1913
-0.0750,0.5586,0.1962
-0.0700,0.5923,0.2003
-0.0600,0.6177,0.2035
-0.0550,0.6372,0.2052
-0.0500,0.6458,0.2060
-0.0450,0.6458,0.2057
-0.0450,0.6428,0.2047
-0.0350,0.6289,0.2033
-0.0500,0.6091,0.2013
-0.0500,0.5896,0.1994
-0.0500,0.5615,0.1969
-0.0450,0.5391,0.1945
0.2600,0.5166,0.1920
0.2700,0.5000,0.1896
-0.1900,0.4832,0.1871
-0.0950,0.4690,0.1847
-0.0350,0.4521,0.1823
-0.0400,0.4409,0.1798
-0.0400,0.4297,0.1776
-0.0350,0.4241,0.1764
-0.0300,0.4128,0.1762
-0.0300,0.4072,0.1776
-0.0200,0.3960,0.1803
-0.0150,0.3904,0.1840
-0.0100,0.3848,0.1881
-0.0050,0.3765,0.1928
0.0050,0.3735,0.1974
0.0250,0.3679,0.2003
0.0450,0.3596,0.2021
0.0750,0.3511,0.2025
0.1150,0.3398,0.2023
0.1600,0.3342,0.2013
0.1600,0.3230,0.1999
0.0900,0.3118,0.1979
0.0150,0.3062,0.1962
-0.0350,0.2979,0.1962
-0.0600,0.2922,0.1974
-0.0750,0.2949,0.1989
-0.0750,0.3062,0.2003
-0.0750,0.3230,0.2018
-0.0700,0.3511,0.2035
-0.0700,0.3933,0.2069
-0.0450,0.4382,0.2121
-0.0550,0.4832,0.2174
-0.0750,0.5222,0.2228
-0.0800,0.5642,0.2277
-0.0700,0.5979,0.2326
-0.0650,0.6289,0.2365
-0.0650,0.6458,0.2392
-0.0650,0.6597,0.2404
-0.0600,0.6626,0.2404
-0.0500,0.6570,0.2404
-0.0600,0.6428,0.2402
-0.0600,0.6289,0.2392
-0.0550,0.6064,0.2375
-0.0650,0.5840,0.2353
0.0700,0.5615,0.2328
0.4100,0.5391,0.2306
-0.0950,0.5166,0.2294
-0.1550,0.5000,0.2287
-0.0550,0.4858,0.2284
-0.0500,0.4690,0.2292
-0.0450,0.4578,0.2316
-0.0400,0.4465,0.2363
-0.0350,0.4353,0.2433
-0.0300,0.4297,0.2534
-0.0250,0.4185,0.2656
-0.0200,0.4102,0.2795
-0.0200,0.4016,0.2949
-0.0150,0.3960,0.3122
-0.0100,0.3877,0.3311
0.0000,0.3792,0.3501
0.0250,0.3735,0.3692
0.0550,0.3623,0.3882
0.0900,0.3567,0.4073
0.1350,0.3484,0.4263
0.1600,0.3398,0.4454
0.1200,0.3315,0.4654
0.0400,0.3230,0.4862
-0.0150,0.3147,0.5077
-0.0450,0.3118,0.5297
-0.0600,0.3118,0.5519
-0.0550,0.3230,0.5744
-0.0550,0.3428,0.5971
-0.0450,0.3679,0.6201
-0.0450,0.4072,0.6430
-0.0150,0.4521,0.6658
-0.0200,0.4971,0.6875
-0.0450,0.5417,0.7080
-0.0650,0.5867,0.7269
-0.0600,0.6260,0.7442
-0.0500,0.6570,0.7606
-0.0400,0.6794,0.7757
-0.0450,0.6934,0.7894
-0.0350,0.7019,0.8016
-0.0350,0.7019,0.8138
-0.0300,0.6934,0.8258
-0.0450,0.6794,0.8368
-0.0400,0.6626,0.8471
-0.0350,0.6401,0.8566
0.0000,0.6248,0.8656
0.4400,0.6011,0.8732
0.2150,0.5801,0.8796
-0.1250,0.5623,0.8859
-0.0500,0.5444,0.8925
-0.0300,0.5325,0.8981
-0.0350,0.5208,0.9030
-0.0300,0.5088,0.9072
-0.0300,0.5000,0.9111
-0.0250,0.4968,0.9157
-0.0200,0.4880,0.9208
-0.0100,0.4790,0.9265
-0.0100,0.4731,0.9321
-0.0100,0.4641,0.9360
-0.0050,0.4553,0.9379
0.0050,0.4492,0.9367
0.0200,0.4404,0.9326
0.0500,0.4343,0.9255
0.0850,0.4255,0.9160
0.1300,0.4165,0.9035
0.1750,0.4077,0.8888
0.1600,0.4016,0.8734
0.0850,0.3928,0.8578
0.0050,0.3838,0.8419
-0.0350,0.3809,0.8258
-0.0550,0.3838,0.8094
-0.0600,0.3958,0.7928
-0.0550,0.4165,0.7750
-0.0500,0.4492,0.7562
-0.0500,0.4910,0.7369
-0.0500,0.5327,0.7173
-0.0050,0.5833,0.6983
-0.0400,0.6367,0.6797
-0.0600,0.6843,0.6606
-0.0600,0.7229,0.6411
-0.0500,0.7588,0.6223
-0.0450,0.7825,0.6037
-0.0450,0.8005,0.5849
-0.0400,0.8064,0.5658
-0.0350,0.8035,0.5473
-0.0250,0.8005,0.5292
-0.0450,0.7886,0.5106
-0.0400,0.7737,0.4918
-0.0350,0.7498,0.4735
-0.0300,0.7229,0.4559
0.2550,0.6931,0.4376
0.3050,0.6604,0.4193
-0.1800,0.6306,0.4024
-0.0950,0.6040,0.3870
-0.0250,0.5771,0.3719
-0.0300,0.5593,0.3570
-0.0250,0.5386,0.3430
-0.0250,0.5237,0.3301
-0.0150,0.5088,0.3188
-0.0100,0.5000,0.3091
-0.0050,0.4939,0.3005
0.0000,0.4849,0.2925
0.0050,0.4731,0.2854
0.0100,0.4670,0.2783
0.0200,0.4553,0.2697
0.0350,0.4434,0.2597
0.0550,0.4373,0.2490
0.0900,0.4297,0.2377
0.1350,0.4185,0.2272
0.1850,0.4072,0.2174
0.1800,0.3960,0.2082
0.1100,0.3848,0.1999
0.0350,0.3735,0.1937
-0.0200,0.3623,0.1896
-0.0450,0.3567,0.1859
-0.0550,0.3540,0.1828
-0.0550,0.3567,0.1806
-0.0450,0.3735,0.1796
-0.0450,0.3960,0.1793
-0.0400,0.4297,0.1801
-0.0200,0.4690,0.1818
-0.0250,0.5083,0.1847
-0.0500,0.5503,0.1874
-0.0550,0.5867,0.1898
-0.0500,0.6204,0.1923
-0.0450,0.6458,0.1942
-0.0450,0.6653,0.1950
-0.0400,0.6738,0.1950
-0.0350,0.6738,0.1955
-0.0300,0.6653,0.1957
-0.0400,0.6514,0.1947
-0.0450,0.6345,0.1920
-0.0350,0.6091,0.1893
-0.0400,0.5840,0.1864
0.0600,0.5559,0.1815
0.4350,0.5334,0.1757
-0.0250,0.5110,0.1705
-0.1600,0.4944,0.1659
-0.0400,0.4746,0.1622
-0.0300,0.4607,0.1591
-0.0300,0.4465,0.1564
-0.0300,0.4353,0.1542
-0.0200,0.4241,0.1529
-0.0150,0.4158,0.1529
-0.0100,0.4072,0.1547
-0.0050,0.3960,0.1576
0.0000,0.3904,0.1605
0.0100,0.3792,0.1634
0.0150,0.3708,0.1664
0.0250,0.3623,0.1691
0.0450,0.3511,0.1708
0.0750,0.3428,0.1713
0.1150,0.3342,0.1700
0.1600,0.3230,0.1678
0.1850,0.3118,0.1666
0.1400,0.3005,0.1661
0.0600,0.2893,0.1654
0.0000,0.2781,0.1644
-0.0350,0.2725,0.1642
-0.0500,0.2698,0.1649
-0.0550,0.2781,0.1671
-0.0550,0.2922,0.1703
-0.0500,0.3147,0.1732
-0.0450,0.3484,0.1762
-0.0400,0.3933,0.1788
-0.0150,0.4409,0.1815
-0.0400,0.4888,0.1859
-0.0550,0.5249,0.1918
-0.0550,0.5642,0.1969
-0.0500,0.5923,0.2011
-0.0450,0.6147,0.2045
-0.0450,0.6260,0.2074
-0.0400,0.6289,0.2099
-0.0350,0.6260,0.2121
-0.0300,0.6147,0.2140
-0.0450,0.5952,0.2155
-0.0350,0.5728,0.2170
-0.0350,0.5503,0.2182
-0.0350,0.5278,0.2184
0.2850,0.5027,0.2177
0.2600,0.4888,0.2165
-0.1800,0.4663,0.2148
-0.0850,0.4521,0.2135
-0.0300,0.4353,0.2130
-0.0350,0.4241,0.2128
-0.0300,0.4128,0.2130
-0.0300,0.4016,0.2135
-0.0200,0.3904,0.2140
-0.0200,0.3848,0.2145
-0.0150,0.3735,0.2155
-0.0100,0.3679,0.2172
-0.0050,0.3596,0.2199
0.0050,0.3511,0.2223
0.0150,0.3428,0.2240
0.0350,0.3342,0.2248
0.0550,0.3259,0.2240
0.0850,0.3174,0.2216
0.1250,0.3062,0.2179
0.1700,0.2979,0.2145
0.1650,0.2893,0.2111
0.0950,0.2781,0.2089
0.0200,0.2725,0.2074
-0.0250,0.2698,0.2067
-0.0500,0.2725,0.2065
-0.0600,0.2810,0.2065
-0.0600,0.3005,0.2069
-0.0600,0.3286,0.2074
-0.0550,0.3679,0.2084
-0.0550,0.4158,0.2106
-0.0300,0.4634,0.2135
-0.0450,0.5110,0.2179
-0.0650,0.5559,0.2238
-0.0650,0.5952,0.2304
-0.0600,0.6289,0.2377
-0.0600,0.6514,0.2455
-0.0550,0.6709,0.2541
-0.0500,0.6765,0.2639
-0.0500,0.6738,0.2749
-0.0400,0.6653,0.2876
-0.0450,0.6514,0.3020
-0.0500,0.6289,0.3166
-0.0450,0.6064,0.3311
-0.0550,0.5811,0.3464
0.1050,0.5559,0.3626
0.4450,0.5334,0.3785
-0.0750,0.5110,0.3941
-0.1250,0.4971,0.4105
-0.0400,0.4858,0.4273
-0.0400,0.4719,0.4447
-0.0400,0.4607,0.4625
-0.0450,0.4521,0.4816
-0.0350,0.4409,0.5018
-0.0200,0.4326,0.5226
-0.0200,0.4241,0.5441
-0.0100,0.4158,0.5658
-0.0050,0.4072,0.5878
0.0000,0.4045,0.6091
0.0050,0.3989,0.6296
0.0200,0.3904,0.6494
0.0350,0.3848,0.6687
0.0600,0.3735,0.6865
0.0950,0.3679,0.7034
0.1450,0.3567,0.7193
0.1700,0.3484,0.7342
0.1200,0.3398,0.7486
0.0450,0.3315,0.7628
-0.0200,0.3259,0.7777
-0.0500,0.3203,0.7928
-0.0550,0.3230,0.8077
-0.0600,0.3342,0.8216
-0.0600,0.3511,0.8344
-0.0550,0.3821,0.8458
-0.0500,0.4214,0.8576
0.0050,0.4690,0.8690
-0.0250,0.5139,0.8796
-0.0500,0.5642,0.8896
-0.0650,0.6121,0.8989
-0.0550,0.6570,0.9074
-0.0500,0.6934,0.9145
-0.0450,0.7188,0.9206
-0.0400,0.7383,0.9257
-0.0300,0.7495,0.9301
-0.0250,0.7524,0.9340
-0.0200,0.7439,0.9375
-0.0250,0.7327,0.9404
-0.0250,0.7131,0.9431
-0.0300,0.6907,0.9448
0.0150,0.6682,0.9448
0.4400,0.6458,0.9423
0.1300,0.6233,0.9375
-0.1450,0.6035,0.9309
-0.0550,0.5867,0.9226
-0.0350,0.5698,0.9123
-0.0350,0.5586,0.9006
-0.0300,0.5474,0.8876
-0.0300,0.5361,0.8737
-0.0250,0.5249,0.8600
-0.0200,0.5166,0.8466
-0.0200,0.5081,0.8314
-0.0150,0.5000,0.8146
-0.0100,0.4971,0.7965
0.0000,0.4858,0.7774
0.0100,0.4802,0.7567
0.0350,0.4690,0.7344
0.0600,0.4578,0.7100
0.0950,0.4465,0.6843
0.1400,0.4353,0.6597
0.1750,0.4270,0.6357
0.1500,0.4185,0.6137
0.0650,0.4072,0.5930
-0.0050,0.3960,0.5734
-0.0400,0.3904,0.5546
-0.0650,0.3877,0.5365
-0.0700,0.3896,0.5192
-0.0700,0.4045,0.5033
-0.0700,0.4314,0.4886
-0.0650,0.4700,0.4750
-0.0600,0.5117,0.4620
-0.0150,0.5593,0.4495
-0.0500,0.6099,0.4376
-0.0750,0.6575,0.4258
-0.0700,0.6992,0.4146
-0.0650,0.7319,0.4034
-0.0550,0.7556,0.3924
-0.0550,0.7766,0.3816
-0.0450,0.7825,0.3709
-0.0400,0.7795,0.3591
-0.0350,0.7708,0.3469
-0.0450,0.7527,0.3350
-0.0450,0.7319,0.3235
-0.0450,0.7021,0.3122
-0.0450,0.6753,0.3012
0.2400,0.6455,0.2905
0.2750,0.6189,0.2800
-0.1950,0.5891,0.2688
-0.1000,0.5652,0.2570
-0.0350,0.5474,0.2460
-0.0350,0.5295,0.2355
-0.0350,0.5146,0.2258
-0.0300,0.5029,0.2167
-0.0300,0.4968,0.2101
-0.0300,0.4849,0.2055
-0.0200,0.4731,0.2013
-0.0100,0.4612,0.1977
-0.0050,0.4492,0.1950
0.0050,0.4373,0.1935
0.0200,0.4314,0.1918
0.0400,0.4255,0.1898
0.0600,0.4136,0.1879
0.0950,0.4016,0.1857
0.1400,0.3896,0.1825
0.1850,0.3779,0.1786
0.1750,0.3660,0.1749
0.1000,0.3540,0.1715
0.0150,0.3420,0.1686
-0.0350,0.3303,0.1659
-0.0600,0.3213,0.1647
-0.0700,0.3154,0.1642
-0.0700,0.3213,0.1644
-0.0650,0.3333,0.1654
-0.0650,0.3569,0.1666
-0.0650,0.3896,0.1683
-0.0450,0.4285,0.1710
-0.0500,0.4761,0.1747
-0.0700,0.5176,0.1791
-0.0800,0.5623,0.1840
-0.0700,0.5979,0.1881
-0.0700,0.6306,0.1918
-0.0650,0.6516,0.1950
-0.0600,0.6606,0.1977
-0.0550,0.6636,0.1989
-0.0550,0.6575,0.1994
-0.0550,0.6458,0.1999
-0.0650,0.6248,0.2006
-0.0550,0.6011,0.2003
-0.0550,0.5728,0.1996
0.0350,0.5474,0.1972
0.4050,0.5222,0.1937
-0.0450,0.5027,0.1903
-0.1800,0.4858,0.1874
-0.0600,0.4663,0.1845
-0.0450,0.4521,0.1815
-0.0450,0.4382,0.1791
-0.0400,0.4241,0.1766
-0.0350,0.4128,0.1754
-0.0250,0.4072,0.1752
-0.0200,0.3960,0.1764
-0.0150,0.3848,0.1791
-0.0100,0.3792,0.1825
0.0000,0.3679,0.1864
0.0150,0.3623,0.1901
0.0300,0.3511,0.1933
0.0400,0.3455,0.1950
0.0700,0.3342,0.1957
0.1050,0.3259,0.1955
0.1550,0.3174,0.1945
0.1800,0.3062,0.1930
0.1350,0.2979,0.1915
0.0600,0.2893,0.1908
-0.0150,0.2810,0.1906
-0.0550,0.2754,0.1920
-0.0700,0.2698,0.1945
-0.0700,0.2754,0.1969
-0.0750,0.2922,0.1991
-0.0700,0.3174,0.2021
-0.0700,0.3511,0.2055
-0.0700,0.3933,0.2086
-0.0400,0.4438,0.2116
-0.0600,0.4915,0.2148
-0.0800,0.5334,0.2184
-0.0750,0.5728,0.2226
-0.0650,0.6035,0.2270
-0.0600,0.6289,0.2314
-0.0600,0.6458,0.2358
-0.0550,0.6514,0.2404
-0.0600,0.6514,0.2451
-0.0500,0.6428,0.2487
-0.0600,0.6289,0.2514
-0.0550,0.6091,0.2534
-0.0550,0.5867,0.2546
-0.0500,0.5615,0.2546
0.2850,0.5391,0.2536
0.2050,0.5166,0.2526
-0.2050,0.4971,0.2519
-0.0950,0.4802,0.2514
-0.0500,0.4634,0.2512
-0.0500,0.4465,0.2519
-0.0450,0.4353,0.2536
-0.0350,0.4241,0.2558
-0.0300,0.4128,0.2590
-0.0200,0.4045,0.2634
-0.0200,0.3960,0.2690
-0.0150,0.3877,0.2756
-0.0150,0.3792,0.2827
0.0000,0.3735,0.2883
0.0100,0.3652,0.2922
0.0250,0.3567,0.2932
0.0500,0.3455,0.2917
0.0850,0.3398,0.2893
0.1250,0.3286,0.2866
0.1650,0.3174,0.2851
0.1600,0.3118,0.2854
0.0850,0.3005,0.2878
0.0100,0.2922,0.2920
-0.0400,0.2837,0.2983
-0.0600,0.2810,0.3069
-0.0700,0.2837,0.3179
-0.0650,0.3005,0.3311
-0.0650,0.3286,0.3464
-0.0600,0.3652,0.3640
-0.0600,0.4102,0.3843
-0.0200,0.4607,0.4065
-0.0500,0.5110,0.4290
-0.0700,0.5559,0.4520
-0.0750,0.5979,0.4750
-0.0700,0.6316,0.4984
-0.0600,0.6626,0.5219
-0.0600,0.6821,0.5451
-0.0500,0.6907,0.5683
-0.0450,0.6907,0.5915
-0.0400,0.6877,0.6135
-0.0500,0.6709,0.6347
-0.0500,0.6514,0.6550
-0.0450,0.6289,0.6748
-0.0450,0.6064,0.6929
0.1450,0.5840,0.7095
0.4600,0.5615,0.7242
-0.0700,0.5391,0.7376
-0.1050,0.5222,0.7508
-0.0350,0.5081,0.7635
-0.0400,0.5000,0.7750
-0.0400,0.4915,0.7857
-0.0400,0.4802,0.7957
-0.0300,0.4746,0.8053
-0.0250,0.4634,0.8141
-0.0200,0.4578,0.8226
-0.0150,0.4465,0.8309
-0.0100,0.4409,0.8390
-0.0100,0.4326,0.8456
0.0000,0.4297,0.8512
0.0150,0.4241,0.8551
0.0350,0.4185,0.8578
0.0600,0.4102,0.8602
0.1000,0.4045,0.8627
0.1500,0.3989,0.8664
0.1700,0.3904,0.8705
0.1200,0.3848,0.8756
0.0350,0.3765,0.8813
-0.0200,0.3708,0.8871
-0.0500,0.3652,0.8937
-0.0600,0.3652,0.9013
-0.0600,0.3735,0.9098
-0.0550,0.3877,0.9194
-0.0500,0.4185,0.9291
-0.0500,0.4551,0.9387
-0.0050,0.4971,0.9470
-0.0300,0.5447,0.9521
-0.0600,0.5979,0.9538
-0.0750,0.6458,0.9514
-0.0550,0.6907,0.9453
-0.0500,0.7271,0.9365
-0.0450,0.7581,0.9257
-0.0400,0.7805,0.9133
-0.0350,0.7917,0.8996
-0.0300,0.7974,0.8839
-0.0300,0.7888,0.8671
-0.0400,0.7776,0.8500
-0.0350,0.7581,0.8326
-0.0400,0.7356,0.8143
0.0550,0.7131,0.7950
0.4450,0.6907,0.7742
-0.0050,0.6626,0.7523
-0.1550,0.6401,0.7315
-0.0450,0.6233,0.7117
-0.0350,0.6035,0.6926
-0.0300,0.5867,0.6743
-0.0300,0.5754,0.6577
-0.0300,0.5586,0.6421
-0.0200,0.5474,0.6264
-0.0150,0.5361,0.6108
-0.0100,0.5305,0.5961
-0.0050,0.5193,0.5820
0.0000,0.5081,0.5676
0.0050,0.5000,0.5527
0.0200,0.4971,0.5365
0.0450,0.4858,0.5192
0.0700,0.4746,0.5001
0.1100,0.4634,0.4796
0.1600,0.4521,0.4603
0.1900,0.4409,0.4417
0.1450,0.4297,0.4251
0.0600,0.4185,0.4100
-0.0050,0.4072,0.3960
-0.0450,0.3960,0.3831
-0.0550,0.3933,0.3719
-0.0600,0.3960,0.3618
-0.0600,0.4072,0.3518
-0.0550,0.4270,0.3418
-0.0500,0.4578,0.3328
-0.0500,0.4944,0.3247
-0.0150,0.5361,0.3174
-0.0500,0.5840,0.3108
-0.0650,0.6260,0.3056
-0.0650,0.6653,0.3015
-0.0600,0.6990,0.2971
-0.0450,0.7214,0.2925
-0.0450,0.7383,0.2868
-0.0400,0.7412,0.2800
-0.0350,0.7383,0.2736
-0.0350,0.7271,0.2678
-0.0450,0.7102,0.2622
-0.0450,0.6907,0.2568
-0.0400,0.6626,0.2519
-0.0400,0.6372,0.2468
0.2650,0.6121,0.2411
0.2600,0.5867,0.2345
-0.1900,0.5615,0.2277
-0.0900,0.5447,0.2206
-0.0300,0.5249,0.2145
-0.0350,0.5081,0.2091
-0.0350,0.4971,0.2033
-0.0300,0.4858,0.1972
-0.0250,0.4746,0.1928
-0.0200,0.4634,0.1901
-0.0150,0.4521,0.1884
-0.0150,0.4465,0.1876
-0.0050,0.4353,0.1876
0.0050,0.4270,0.1881
0.0150,0.4185,0.1879
0.0300,0.4072,0.1869
0.0600,0.3960,0.1857
0.0950,0.3848,0.1840
0.1350,0.3735,0.1813
0.1800,0.3623,0.1779
0.1650,0.3511,0.1754
0.0900,0.3398,0.1742
0.0150,0.3286,0.1740
-0.0300,0.3230,0.1742
-0.0600,0.3147,0.1749
-0.0700,0.3147,0.1762
-0.0650,0.3230,0.1776
-0.0600,0.3428,0.1793
-0.0650,0.3679,0.1820
-0.0600,0.4045,0.1857
-0.0400,0.4495,0.1898
-0.0500,0.4915,0.1945
-0.0700,0.5305,0.1984
-0.0800,0.5698,0.2016
-0.0700,0.6035,0.2045
-0.0650,0.6289,0.2069
-0.0600,0.6484,0.2089
-0.0550,0.6541,0.2106
-0.0550,0.6514,0.2113
-0.0500,0.6514,0.2111
-0.0500,0.6428,0.2101
-0.0600,0.6260,0.2086
-0.0550,0.6064,0.2067
-0.0550,0.5840,0.2045
0.0650,0.5559,0.2021
0.4200,0.5334,0.1996
-0.0700,0.5110,0.1972
-0.1600,0.4944,0.1947
-0.0500,0.4775,0.1930
-0.0400,0.4607,0.1920
-0.0400,0.4465,0.1908
-0.0350,0.4353,0.1893
-0.0300,0.4241,0.1886
-0.0250,0.4128,0.1889
-0.0200,0.4072,0.1903
-0.0200,0.3960,0.1930
-0.0150,0.3904,0.1964
-0.0050,0.3821,0.2003
0.0050,0.3735,0.2038
0.0200,0.3679,0.2065
0.0350,0.3596,0.2079
0.0700,0.3511,0.2079
0.1050,0.3428,0.2065
0.1500,0.3342,0.2035
0.1750,0.3230,0.2013
0.1300,0.3147,0.2001
0.0450,0.3062,0.1996
-0.0250,0.2949,0.1999
-0.0500,0.2893,0.2013
-0.0600,0.2866,0.2040
-0.0700,0.2866,0.2072
-0.0700,0.2979,0.2111
-0.0650,0.3174,0.2143
-0.0600,0.3511,0.2170
-0.0550,0.3933,0.2192
-0.0300,0.4438,0.2211
-0.0550,0.4915,0.2238
-0.0700,0.5334,0.2267
-0.0650,0.5754,0.2294
-0.0600,0.6121,0.2316
-0.0600,0.6401,0.2331
-0.0550,0.6597,0.2345
-0.0500,0.6682,0.2355
-0.0500,0.6682,0.2365
-0.0400,0.6626,0.2375
-0.0500,0.6484,0.2382
-0.0500,0.6289,0.2377
-0.0450,0.6064,0.2365
-0.0300,0.5840,0.2345
0.3350,0.5586,0.2321
0.1550,0.5334,0.2292
-0.2000,0.5110,0.2262
-0.0850,0.4971,0.2231
-0.0450,0.4832,0.2201
-0.0500,0.4690,0.2192
-0.0450,0.4578,0.2196
-0.0400,0.4465,0.2223
-0.0300,0.4353,0.2270
-0.0250,0.4270,0.2348
-0.0250,0.4185,0.2453
-0.0200,0.4102,0.2580
-0.0150,0.4016,0.2722
-0.0100,0.3960,0.2876
0.0000,0.3848,0.3037
0.0150,0.3792,0.3196
0.0400,0.3679,0.3352
0.0700,0.3623,0.3516
0.1200,0.3511,0.3684
0.1600,0.3455,0.3860
0.1500,0.3342,0.4039
0.0800,0.3259,0.4232
0.0050,0.3174,0.4437
-0.0350,0.3091,0.4669
-0.0550,0.3091,0.4925
-0.0600,0.3091,0.5177
-0.0600,0.3203,0.5426
-0.0600,0.3398,0.5683
-0.0450,0.3679,0.5942
-0.0450,0.4102,0.6198
0.0000,0.4551,0.6445
-0.0300,0.4971,0.6677
-0.0500,0.5447,0.6897
-0.0550,0.5867,0.7107
-0.0450,0.6260,0.7308
-0.0350,0.6541,0.7491
-0.0350,0.6765,0.7664
-0.0350,0.6877,0.7835
-0.0300,0.6934,0.8004
-0.0250,0.6877,0.8155
-0.0350,0.6765,0.8290
-0.0350,0.6626,0.8417
-0.0300,0.6401,0.8544
-0.0400,0.6177,0.8659
0.2000,0.5952,0.8764
0.4650,0.5784,0.8861
-0.0800,0.5559,0.8952
-0.0850,0.5391,0.9028
-0.0350,0.5249,0.9091
-0.0350,0.5137,0.9155
-0.0350,0.5027,0.9223
-0.0350,0.4971,0.9291
-0.0300,0.4888,0.9360
-0.0300,0.4802,0.9428
-0.0250,0.4746,0.9497
-0.0150,0.4663,0.9565
-0.0150,0.4578,0.9631
-0.0050,0.4521,0.9687
0.0050,0.4438,0.9731
0.0150,0.4382,0.9751
0.0350,0.4297,0.9743
0.0650,0.4241,0.9699
0.1000,0.4128,0.9624
0.1600,0.4072,0.9526
0.1750,0.3960,0.9409
0.1150,0.3904,0.9279
0.0300,0.3821,0.9140
-0.0200,0.3765,0.8993
-0.0500,0.3765,0.8839
-0.0600,0.3792,0.8683
-0.0600,0.3933,0.8522
-0.0600,0.4158,0.8361
-0.0600,0.4495,0.8194
-0.0550,0.4888,0.8028
-0.0150,0.5334,0.7862
-0.0350,0.5811,0.7696
-0.0550,0.6289,0.7527
-0.0650,0.6709,0.7349
-0.0550,0.7102,0.7161
-0.0500,0.7383,0.6968
-0.0450,0.7607,0.6770
-0.0450,0.7720,0.6570
-0.0450,0.7805,0.6367
-0.0400,0.7776,0.6174
-0.0400,0.7664,0.5986
-0.0450,0.7524,0.5795
-0.0400,0.7300,0.5600
-0.0400,0.7075,0.5412
0.0700,0.6794,0.5231
0.4350,0.6541,0.5045
-0.0450,0.6289,0.4855
-0.1600,0.6064,0.4671
-0.0450,0.5896,0.4495
-0.0300,0.5698,0.4324
-0.0350,0.5559,0.4161
-0.0300,0.5417,0.4009
-0.0300,0.5305,0.3870
-0.0250,0.5193,0.3750
-0.0200,0.5081,0.3645
-0.0150,0.5000,0.3543
-0.0100,0.4915,0.3442
-0.0050,0.4832,0.3352
0.0050,0.4746,0.3269
0.0200,0.4634,0.3183
0.0450,0.4521,0.3093
0.0750,0.4409,0.2988
0.1100,0.4353,0.2876
0.1600,0.4241,0.2763
0.1850,0.4128,0.2658
0.1400,0.4016,0.2565
0.0550,0.3904,0.2485
-0.0100,0.3792,0.2414
-0.0500,0.3679,0.2353
-0.0650,0.3652,0.2297
-0.0700,0.3735,0.2243
-0.0700,0.3848,0.2187
-0.0600,0.4072,0.2128
-0.0650,0.4409,0.2084
-0.0550,0.4802,0.2055
-0.0300,0.5081,0.2038
-0.0550,0.5249,0.2028
-0.0700,0.5671,0.2013
-0.0700,0.6035,0.1996
-0.0650,0.6345,0.1984
-0.0550,0.6570,0.1981
-0.0600,0.6709,0.1984
-0.0500,0.6794,0.1989
-0.0500,0.6738,0.1986
-0.0350,0.6653,0.1977
-0.0500,0.6484,0.1962
-0.0450,0.6289,0.1945
-0.0450,0.6035,0.1925
-0.0400,0.5784,0.1906
0.2900,0.5503,0.1881
0.2350,0.5278,0.1859
-0.1900,0.5054,0.1837
-0.0850,0.4888,0.1813
-0.0400,0.4690,0.1791
-0.0450,0.4521,0.1769
-0.0400,0.4409,0.1747
-0.0350,0.4297,0.1727
-0.0200,0.4185,0.1715
-0.0150,0.4072,0.1715
-0.0100,0.3960,0.1730
-0.0050,0.3904,0.1757
0.0000,0.3792,0.1784
0.0050,0.3708,0.1808
0.0150,0.3623,0.1832
0.0350,0.3511,0.1852
0.0600,0.3455,0.1852
0.0950,0.3342,0.1837
0.1400,0.3230,0.1818
0.1800,0.3147,0.1798
0.1700,0.3062,0.1779
0.1000,0.2949,0.1759
0.0150,0.2837,0.1749
-0.0350,0.2754,0.1749
-0.0500,0.2698,0.1764
-0.0600,0.2698,0.1791
-0.0600,0.2725,0.1815
-0.0500,0.2893,0.1840
-0.0500,0.3174,0.1864
-0.0450,0.3540,0.1886
-0.0200,0.3989,0.1906
-0.0350,0.4438,0.1925
-0.0550,0.4888,0.1945
-0.0600,0.5222,0.1964
-0.0600,0.5559,0.1981
-0.0500,0.5840,0.1996
-0.0500,0.5979,0.2011
-0.0450,0.6064,0.2025
-0.0450,0.6064,0.2033
-0.0350,0.5979,0.2030
-0.0450,0.5867,0.2030
-0.0500,0.5671,0.2033
-0.0400,0.5447,0.2030
-0.0400,0.5222,0.2018
0.1000,0.5027,0.1991
0.4350,0.4832,0.1955
-0.0750,0.4607,0.1920
-0.1400,0.4438,0.1886
-0.0350,0.4270,0.1857
-0.0300,0.4128,0.1830
-0.0300,0.4016,0.1813
-0.0350,0.3904,0.1808
-0.0250,0.3821,0.1818
-0.0200,0.3735,0.1840
-0.0150,0.3652,0.1871
-0.0100,0.3567,0.1913
-0.0100,0.3511,0.1957
-0.0050,0.3428,0.2006
0.0050,0.3342,0.2047
0.0200,0.3286,0.2079
0.0400,0.3203,0.2096
0.0650,0.3118,0.2099
0.1000,0.3035,0.2096
0.1500,0.2949,0.2086
0.1750,0.2837,0.2082
0.1300,0.2781,0.2082
0.0450,0.2725,0.2084
-0.0200,0.2698,0.2089
-0.0450,0.2698,0.2094
-0.0650,0.2754,0.2101
-0.0650,0.2866,0.2099
-0.0700,0.3091,0.2091
-0.0600,0.3398,0.2099
-0.0600,0.3765,0.2116
-0.0450,0.4214,0.2143
-0.0300,0.4719,0.2177
-0.0550,0.5110,0.2216
-0.0700,0.5530,0.2260
-0.0600,0.5923,0.2304
-0.0600,0.6177,0.2350
-0.0500,0.6372,0.2407
-0.0500,0.6484,0.2470
-0.0400,0.6514,0.2534
-0.0400,0.6484,0.2592
-0.0400,0.6372,0.2658
-0.0500,0.6177,0.2734
-0.0500,0.5979,0.2824
-0.0500,0.5728,0.2929
-0.0250,0.5503,0.3044
0.3850,0.5278,0.3164
0.1600,0.5054,0.3289
-0.1650,0.4915,0.3418
-0.0650,0.4746,0.3562
-0.0400,0.4607,0.3716
-0.0450,0.4465,0.3880
-0.0400,0.4409,0.4053
-0.0350,0.4297,0.4239
-0.0350,0.4241,0.4439
-0.0300,0.4158,0.4659
-0.0250,0.4102,0.4894
-0.0200,0.4016,0.5140
-0.0150,0.3960,0.5392
-0.0150,0.3877,0.5629
0.0000,0.3792,0.5854
0.0150,0.3708,0.6054
0.0400,0.3623,0.6240
0.0750,0.3511,0.6413
0.1200,0.3428,0.6577
0.1650,0.3342,0.6731
0.1550,0.3259,0.6882
0.0750,0.3203,0.7039
0.0050,0.3147,0.7200
-0.0400,0.3091,0.7354
-0.0600,0.3118,0.7501
-0.0600,0.3230,0.7655
-0.0600,0.3428,0.7811
-0.0550,0.3679,0.7962
-0.0500,0.4072,0.8107
-0.0450,0.4521,0.8234
0.0100,0.4971,0.8348
-0.0400,0.5417,0.8453
-0.0600,0.5867,0.8551
-0.0700,0.6260,0.8656
-0.0550,0.6597,0.8764
-0.0450,0.6851,0.8864
-0.0450,0.6990,0.8954
-0.0350,0.7075,0.9030
-0.0350,0.7075,0.9096
-0.0250,0.6990,0.9150
-0.0350,0.6877,0.9196
-0.0350,0.6709,0.9235
-0.0350,0.6458,0.9274
-0.0400,0.6177,0.9316
0.2550,0.5908,0.9362
0.4350,0.5627,0.9397
-0.1150,0.5459,0.9411
-0.0900,0.5276,0.9394
-0.0400,0.5193,0.9353
-0.0400,0.5081,0.9294
-0.0400,0.5054,0.9216
-0.0350,0.5000,0.9118
-0.0300,0.4971,0.9003
-0.0250,0.4915,0.8886
-0.0200,0.4832,0.8766
-0.0200,0.4746,0.8637
-0.0150,0.4690,0.8495
-0.0100,0.4607,0.8336
0.0000,0.4521,0.8163
0.0150,0.4409,0.7979
0.0350,0.4353,0.7784
0.0700,0.4241,0.7562
0.1100,0.4128,0.7322
0.1550,0.4016,0.7085
0.1650,0.3896,0.6853
0.1050,0.3809,0.6626
0.0250,0.3750,0.6404
-0.0300,0.3750,0.6196
-0.0600,0.3867,0.5998
-0.0700,0.4045,0.5810
-0.0700,0.4373,0.5627
-0.0700,0.4761,0.5451
-0.0650,0.5176,0.5277
-0.0600,0.5652,0.5109
-0.0250,0.6128,0.4945
-0.0450,0.6606,0.4791
-0.0700,0.6992,0.4647
-0.0800,0.7261,0.4503
-0.0650,0.7498,0.4356
-0.0600,0.7646,0.4219
-0.0550,0.7678,0.4087
-0.0550,0.7646,0.3953
-0.0500,0.7588,0.3816
-0.0450,0.7468,0.3687
-0.0450,0.7261,0.3562
-0.0500,0.7021,0.3445
-0.0450,0.6785,0.3330
-0.0450,0.6516,0.3218
0.0750,0.6248,0.3110
0.4300,0.6011,0.3003
-0.0700,0.5830,0.2898
-0.1600,0.5623,0.2795
-0.0450,0.5444,0.2692
-0.0350,0.5325,0.2595
-0.0350,0.5146,0.2499
-0.0300,0.5029,0.2419
-0.0300,0.4968,0.2348
-0.0300,0.4849,0.2284
-0.0250,0.4790,0.2228
-0.0200,0.4670,0.2179
-0.0150,0.4553,0.2133
-0.0100,0.4434,0.2091
0.0000,0.4373,0.2050
0.0150,0.4255,0.2003
0.0350,0.4136,0.1947
0.0650,0.4016,0.1879
0.1050,0.3896,0.1801
0.1550,0.3779,0.1735
0.1850,0.3660,0.1683
0.1300,0.3540,0.1637
0.0450,0.3420,0.1600
-0.0200,0.3362,0.1578
-0.0550,0.3333,0.1571
-0.0700,0.3362,0.1571
-0.0700,0.3481,0.1578
-0.0700,0.3718,0.1591
-0.0700,0.4075,0.1605
-0.0700,0.4463,0.1625
-0.0650,0.4880,0.1644
-0.0300,0.5266,0.1666
-0.0650,0.5681,0.1691
-0.0800,0.5979,0.1713
-0.0750,0.6248,0.1737
-0.0700,0.6396,0.1769
-0.0600,0.6487,0.1808
-0.0600,0.6487,0.1842
-0.0600,0.6396,0.1874
-0.0600,0.6277,0.1891
-0.0450,0.6069,0.1898
-0.0650,0.5830,0.1896
-0.0600,0.5593,0.1889
-0.0550,0.5354,0.1876
-0.0450,0.5117,0.1859
0.2950,0.4939,0.1832
0.2150,0.4761,0.1796
-0.1950,0.4583,0.1762
-0.0900,0.4434,0.1732
-0.0450,0.4314,0.1703
-0.0450,0.4194,0.1678
-0.0450,0.4077,0.1654
-0.0400,0.3958,0.1632
-0.0300,0.3896,0.1622
-0.0250,0.3809,0.1620
-0.0200,0.3718,0.1627
-0.0150,0.3630,0.1639
-0.0100,0.3569,0.1664
-0.0050,0.3540,0.1698
0.0100,0.3481,0.1720
0.0300,0.3362,0.1732
0.0500,0.3303,0.1735
0.0850,0.3184,0.1732
0.1250,0.3123,0.1725
0.1650,0.3005,0.1715
0.1650,0.2915,0.1700
0.0900,0.2827,0.1688
0.0100,0.2737,0.1681
-0.0350,0.2678,0.1683
-0.0550,0.2678,0.1691
-0.0650,0.2766,0.1703
-0.0700,0.2974,0.1730
-0.0650,0.3242,0.1764
-0.0600,0.3630,0.1798
-0.0650,0.4106,0.1828
-0.0350,0.4612,0.1864
-0.0500,0.5088,0.1908
-0.0650,0.5474,0.1957
-0.0700,0.5830,0.2006
-0.0650,0.6128,0.2047
-0.0600,0.6306,0.2082
-0.0550,0.6428,0.2111
-0.0500,0.6428,0.2135
-0.0500,0.6396,0.2155
-0.0400,0.6248,0.2172
-0.0450,0.6069,0.2177
-0.0500,0.5830,0.2172
-0.0500,0.5593,0.2160
-0.0600,0.5354,0.2143
0.1100,0.5117,0.2121
0.4100,0.4939,0.2096
-0.1100,0.4731,0.2072
-0.1450,0.4553,0.2045
-0.0450,0.4434,0.2016
-0.0500,0.4314,0.1989
-0.0450,0.4194,0.1972
-0.0350,0.4077,0.1964
-0.0300,0.4016,0.1962
-0.0250,0.3928,0.1964
-0.0150,0.3838,0.1981
-0.0150,0.3779,0.2008
-0.0100,0.3689,0.2043
-0.0050,0.3599,0.2082
0.0000,0.3540,0.2113
0.0150,0.3420,0.2138
0.0350,0.3362,0.2140
0.0600,0.3274,0.2123
0.0950,0.3184,0.2101
0.1500,0.3123,0.2077
0.1700,0.3005,0.2052
0.1200,0.2915,0.2030
0.0450,0.2827,0.2033
-0.0200,0.2766,0.2062
-0.0500,0.2798,0.2108
-0.0600,0.2886,0.2170
-0.0600,0.3093,0.2248
-0.0650,0.3391,0.2345
-0.0600,0.3809,0.2475
-0.0600,0.4255,0.2631
-0.0250,0.4761,0.2810
-0.0350,0.5237,0.3003
-0.0600,0.5681,0.3205
-0.0750,0.6040,0.3418
-0.0700,0.6367,0.3638
-0.0650,0.6575,0.3863
-0.0500,0.6694,0.4092
-0.0550,0.6785,0.4322
-0.0500,0.6755,0.4544
-0.0450,0.6636,0.4759
-0.0450,0.6487,0.4977
-0.0550,0.6277,0.5197
-0.0500,0.6069,0.5409
-0.0450,0.5830,0.5614
0.0000,0.5593,0.5815
0.4400,0.5354,0.6008
0.1450,0.5176,0.6189
-0.1450,0.5029,0.6360
-0.0550,0.4910,0.6531
-0.0350,0.4790,0.6702
-0.0400,0.4670,0.6865
-0.0400,0.4583,0.7019
-0.0350,0.4492,0.7168
-0.0300,0.4434,0.7315
-0.0250,0.4373,0.7464
-0.0200,0.4314,0.7620
-0.0150,0.4255,0.7769
-0.0150,0.4165,0.7914
-0.0100,0.4106,0.8053
0.0000,0.4016,0.8185
0.0150,0.3958,0.8295
0.0350,0.3896,0.8385
0.0750,0.3809,0.8458
0.1200,0.3750,0.8522
0.1600,0.3660,0.8585
0.1500,0.3599,0.8654
0.0750,0.3540,0.8722
0.0050,0.3511,0.8791
-0.0400,0.3511,0.8859
-0.0550,0.3599,0.8930
-0.0650,0.3809,0.9001
-0.0650,0.4136,0.9074
-0.0550,0.4521,0.9145
-0.0500,0.4968,0.9216
-0.0400,0.5415,0.9287
0.0100,0.5950,0.9355
-0.0500,0.6426,0.9404
-0.0700,0.6843,0.9433
-0.0700,0.7200,0.9450
-0.0600,0.7498,0.9453
-0.0500,0.7646,0.9416
-0.0550,0.7766,0.9345
-0.0450,0.7795,0.9252
-0.0450,0.7766,0.9140
-0.0350,0.7646,0.9013
-0.0450,0.7439,0.8874
-0.0450,0.7261,0.8730
-0.0400,0.7021,0.8576
-0.0350,0.6785,0.8407
0.2950,0.6545,0.8226
0.2850,0.6338,0.8026
-0.1700,0.6128,0.7811
-0.0800,0.5981,0.7596
-0.0350,0.5801,0.7381
-0.0400,0.5684,0.7166
-0.0350,0.5564,0.6951
-0.0300,0.5444,0.6748
-0.0250,0.5386,0.6553
-0.0200,0.5266,0.6365
-0.0250,0.5208,0.6186
-0.0200,0.5088,0.6022
-0.0100,0.5029,0.5866
-0.0050,0.4968,0.5700
0.0050,0.4910,0.5524
0.0200,0.4790,0.5341
0.0450,0.4702,0.5150
0.0750,0.4612,0.4945
0.1200,0.4492,0.4732
0.1650,0.4373,0.4530
0.1600,0.4255,0.4339
0.0950,0.4194,0.4168
0.0150,0.4106,0.4014
-0.0350,0.4077,0.3870
-0.0650,0.4106,0.3736
-0.0700,0.4255,0.3611
-0.0700,0.4463,0.3491
-0.0700,0.4790,0.3376
-0.0650,0.5146,0.3267
-0.0550,0.5593,0.3169
-0.0300,0.6069,0.3083
-0.0450,0.6487,0.3015
-0.0600,0.6873,0.2961
-0.0750,0.7170,0.2900
-0.0650,0.7378,0.2832
-0.0600,0.7527,0.2763
-0.0600,0.7559,0.2700
-0.0600,0.7527,0.2629
-0.0500,0.7410,0.2551
-0.0450,0.7231,0.2473
-0.0500,0.7021,0.2392
-0.0500,0.6753,0.2321
-0.0500,0.6487,0.2260
-0.0500,0.6248,0.2206
0.0800,0.5950,0.2155
0.4150,0.5713,0.2099
-0.0900,0.5535,0.2038
-0.1550,0.5354,0.1974
-0.0550,0.5208,0.1911
-0.0400,0.5088,0.1845
-0.0450,0.5000,0.1781
-0.0400,0.4910,0.1737
-0.0350,0.4790,0.1710
-0.0300,0.4670,0.1696
-0.0250,0.4583,0.1691
-0.0200,0.4492,0.1693
-0.0150,0.4404,0.1700
-0.0100,0.4314,0.1713
0.0000,0.4194,0.1725
0.0200,0.4136,0.1720
0.0350,0.4016,0.1700
0.0650,0.3896,0.1669
0.1050,0.3779,0.1630
0.1550,0.3660,0.1598
0.1750,0.3540,0.1569
0.1300,0.3420,0.1544
0.0450,0.3333,0.1522
-0.0150,0.3274,0.1512
-0.0550,0.3303,0.1515
-0.0700,0.3391,0.1522
-0.0700,0.3569,0.1534
-0.0700,0.3896,0.1551
-0.0700,0.4253,0.1573
-0.0700,0.4670,0.1605
-0.0650,0.5088,0.1647
-0.0350,0.5474,0.1696
-0.0600,0.5862,0.1747
-0.0750,0.6157,0.1791
-0.0800,0.6367,0.1830
-0.0750,0.6516,0.1864
-0.0650,0.6545,0.1893
-0.0600,0.6545,0.1918
-0.0550,0.6458,0.1942
-0.0550,0.6277,0.1964
-0.0500,0.6069,0.1984
-0.0600,0.5891,0.1991
-0.0600,0.5652,0.1991
-0.0500,0.5415,0.1994
-0.0400,0.5176,0.1996
0.3200,0.5000,0.1981
0.1800,0.4849,0.1957
-0.1950,0.4700,0.1940
-0.0850,0.4553,0.1930
-0.0400,0.4434,0.1918
-0.0450,0.4314,0.1901
-0.0400,0.4255,0.1881
-0.0350,0.4136,0.1864
-0.0300,0.4077,0.1864
-0.0300,0.3987,0.1881
-0.0250,0.3896,0.1908
-0.0200,0.3838,0.1942
-0.0100,0.3750,0.1972
-0.0050,0.3660,0.1999
0.0100,0.3599,0.2023
0.0250,0.3511,0.2045
0.0450,0.3420,0.2052
0.0800,0.3303,0.2050
0.1250,0.3184,0.2030
0.1700,0.3123,0.2001
0.1600,0.3005,0.1979
0.0900,0.2915,0.1964
0.0150,0.2915,0.1950
-0.0350,0.2915,0.1933
-0.0500,0.3035,0.1923
-0.0600,0.3242,0.1920
-0.0600,0.3540,0.1933
-0.0550,0.3958,0.1959
-0.0500,0.4404,0.1991
-0.0550,0.4880,0.2030
-0.0250,0.5295,0.2074
-0.0400,0.5713,0.2121
-0.0550,0.6069,0.2170
-0.0600,0.6367,0.2216
-0.0550,0.6516,0.2253
-0.0450,0.6636,0.2287
-0.0450,0.6636,0.2321
-0.0400,0.6575,0.2358
-0.0400,0.6458,0.2389
-0.0300,0.6277,0.2411
-0.0400,0.6069,0.2419
-0.0350,0.5830,0.2414
-0.0350,0.5593,0.2409
-0.0400,0.5354,0.2407
0.1500,0.5176,0.2385
0.4050,0.5029,0.2348
-0.1250,0.4878,0.2309
-0.1200,0.4731,0.2270
-0.0350,0.4612,0.2236
-0.0350,0.4524,0.2201
-0.0350,0.4434,0.2167
-0.0300,0.4343,0.2138
-0.0250,0.4255,0.2135
-0.0150,0.4194,0.2160
-0.0100,0.4106,0.2199
-0.0100,0.4016,0.2258
-0.0050,0.3958,0.2343
0.0000,0.3896,0.2453
0.0100,0.3779,0.2573
0.0250,0.3718,0.2697
0.0400,0.3630,0.2827
0.0650,0.3540,0.2961
0.1100,0.3420,0.3108
0.1500,0.3362,0.3267
0.1750,0.3274,0.3433
0.1250,0.3213,0.3606
0.0500,0.3154,0.3794
0.0000,0.3213,0.3995
-0.0350,0.3303,0.4202
-0.0500,0.3362,0.4420
-0.0500,0.3599,0.4640
-0.0500,0.3958,0.4867
-0.0400,0.4343,0.5104
-0.0350,0.4819,0.5353
0.0000,0.5237,0.5597
-0.0150,0.5713,0.5839
-0.0400,0.6157,0.6066
-0.0600,0.6516,0.6284
-0.0550,0.6785,0.6492
-0.0400,0.6992,0.6692
-0.0300,0.7112,0.6875
-0.0350,0.7141,0.7046
-0.0250,0.7112,0.7207
-0.0250,0.7021,0.7361
-0.0300,0.6873,0.7508
-0.0350,0.6665,0.7647
-0.0300,0.6458,0.7772
-0.0300,0.6248,0.7887
0.0250,0.6011,0.7992
0.4800,0.5830,0.8089
0.1300,0.5652,0.8182
-0.1250,0.5505,0.8270
-0.0400,0.5386,0.8356
-0.0300,0.5266,0.8439
-0.0350,0.5146,0.8517
-0.0300,0.5059,0.8595
-0.0300,0.5000,0.8673
-0.0250,0.4968,0.8752
-0.0200,0.4910,0.8825
-0.0150,0.4880,0.8898
-0.0150,0.4790,0.8971
-0.0100,0.4731,0.9045
-0.0050,0.4670,0.9106
0.0100,0.4612,0.9157
0.0250,0.4553,0.9191
0.0500,0.4463,0.9211
0.0800,0.4404,0.9218
0.1250,0.4314,0.9216
0.1650,0.4255,0.9189
0.1500,0.4165,0.9138
0.0750,0.4106,0.9069
0.0050,0.4106,0.8989
-0.0400,0.4194,0.8898
-0.0600,0.4343,0.8798
-0.0600,0.4612,0.8681
-0.0550,0.4939,0.8554
-0.0450,0.5356,0.8427
-0.0450,0.5891,0.8300
-0.0300,0.6396,0.8165
0.0000,0.6902,0.8021
-0.0400,0.7319,0.7872
-0.0650,0.7705,0.7716
-0.0550,0.7974,0.7547
-0.0450,0.8184,0.7369
-0.0350,0.8301,0.7181
-0.0400,0.8333,0.6985
-0.0250,0.8301,0.6785
-0.0300,0.8184,0.6582
-0.0250,0.7974,0.6365
-0.0350,0.7737,0.6140
-0.0350,0.7439,0.5927
-0.0300,0.7141,0.5727
-0.0200,0.6843,0.5527
0.3300,0.6604,0.5324
0.2300,0.6306,0.5131
-0.1750,0.6128,0.4947
-0.0750,0.5920,0.4769
-0.0300,0.5742,0.4596
-0.0350,0.5593,0.4430
-0.0350,0.5444,0.4266
-0.0300,0.5325,0.4114
-0.0250,0.5208,0.3975
-0.0250,0.5088,0.3843
-0.0150,0.5000,0.3721
-0.0100,0.4968,0.3613
0.0000,0.4880,0.3516
0.0050,0.4790,0.3406
0.0150,0.4731,0.3289
0.0350,0.4612,0.3164
0.0550,0.4553,0.3032
0.0950,0.4434,0.2898
0.1350,0.4314,0.2761
0.1800,0.4194,0.2636
0.1750,0.4136,0.2519
0.0950,0.4016,0.2421
0.0150,0.3987,0.2338
-0.0300,0.3987,0.2267
-0.0550,0.4045,0.2206
-0.0600,0.4224,0.2162
-0.0650,0.4492,0.2130
-0.0600,0.4849,0.2101
-0.0550,0.5237,0.2072
-0.0600,0.5652,0.2052
-0.0250,0.6099,0.2040
-0.0350,0.6516,0.2035
-0.0650,0.6814,0.2035
-0.0700,0.7080,0.2028
-0.0600,0.7231,0.2016
-0.0550,0.7319,0.1999
-0.0500,0.7290,0.1979
-0.0400,0.7202,0.1959
-0.0450,0.7170,0.1935
-0.0400,0.6992,0.1898
-0.0450,0.6785,0.1857
-0.0500,0.6545,0.1818
-0.0450,0.6248,0.1784
-0.0500,0.6011,0.1754
0.0900,0.5771,0.1725
0.4200,0.5535,0.1688
-0.0900,0.5354,0.1644
-0.1450,0.5146,0.1598
-0.0450,0.5029,0.1549
-0.0450,0.4910,0.1507
-0.0400,0.4790,0.1476
-0.0350,0.4702,0.1456
-0.0350,0.4612,0.1451
-0.0250,0.4492,0.1466
-0.0200,0.4434,0.1495
-0.0150,0.4314,0.1537
-0.0100,0.4255,0.1581
-0.0100,0.4136,0.1622
-0.0050,0.4077,0.1659
0.0100,0.3958,0.1683
0.0350,0.3867,0.1696
0.0600,0.3779,0.1703
0.1000,0.3660,0.1700
0.1550,0.3540,0.1696
0.1750,0.3452,0.1686
0.1300,0.3362,0.1683
0.0500,0.3242,0.1688
-0.0150,0.3213,0.1698
-0.0450,0.3213,0.1710
-0.0600,0.3271,0.1718
-0.0600,0.3450,0.1720
-0.0600,0.3718,0.1735
-0.0500,0.4158,0.1762
-0.0500,0.4551,0.1788
-0.0450,0.4971,0.1815
-0.0300,0.5334,0.1849
-0.0550,0.5728,0.1891
-0.0700,0.6064,0.1937
-0.0700,0.6289,0.1986
-0.0550,0.6484,0.2028
-0.0500,0.6541,0.2062
-0.0550,0.6570,0.2089
-0.0500,0.6514,0.2113
-0.0450,0.6401,0.2133
-0.0400,0.6233,0.2152
-0.0500,0.6008,0.2167
-0.0500,0.5784,0.2179
-0.0450,0.5559,0.2182
-0.0200,0.5334,0.2174
0.3550,0.5137,0.2162
0.1600,0.5000,0.2143
-0.1850,0.4858,0.2111
-0.0750,0.4746,0.2069
-0.0400,0.4634,0.2030
-0.0450,0.4521,0.1994
-0.0400,0.4409,0.1969
-0.0350,0.4326,0.1957
-0.0300,0.4241,0.1962
-0.0250,0.4185,0.1979
-0.0200,0.4102,0.2006
-0.0250,0.4045,0.2043
-0.0150,0.3960,0.2082
-0.0050,0.3904,0.2123
0.0100,0.3848,0.2148
0.0300,0.3765,0.2157
0.0500,0.3679,0.2155
0.0850,0.3623,0.2148
0.1250,0.3511,0.2133
0.1650,0.3398,0.2113
0.1550,0.3342,0.2101
0.0850,0.3259,0.2096
0.0100,0.3203,0.2096
-0.0350,0.3203,0.2099
-0.0550,0.3286,0.2104
-0.0600,0.3484,0.2108
-0.0650,0.3735,0.2118
-0.0650,0.4102,0.2128
-0.0600,0.4521,0.2138
-0.0600,0.4971,0.2148
-0.0350,0.5391,0.2170
-0.0550,0.5811,0.2196
-0.0700,0.6147,0.2221
-0.0750,0.6458,0.2240
-0.0650,0.6653,0.2267
-0.0600,0.6765,0.2299
-0.0650,0.6794,0.2326
-0.0550,0.6765,0.2345
-0.0550,0.6682,0.2372
-0.0450,0.6626,0.2404
-0.0550,0.6458,0.2451
-0.0550,0.6233,0.2509
-0.0450,0.6008,0.2565
-0.0550,0.5784,0.2622
0.1700,0.5559,0.2685
0.3900,0.5361,0.2758
-0.1350,0.5193,0.2846
-0.1150,0.5027,0.2949
-0.0450,0.4971,0.3071
-0.0450,0.4858,0.3210
-0.0450,0.4746,0.3364
-0.0400,0.4663,0.3528
-0.0300,0.4578,0.3709
-0.0300,0.4521,0.3904
-0.0300,0.4465,0.4119
-0.0300,0.4382,0.4351
-0.0250,0.4326,0.4586
-0.0200,0.4270,0.4818
-0.0100,0.4185,0.5040
0.0050,0.4102,0.5253
0.0250,0.4016,0.5448
0.0500,0.3933,0.5632
0.0900,0.3848,0.5812
0.1350,0.3765,0.5991
0.1550,0.3679,0.6159
0.1150,0.3596,0.6323
0.0400,0.3540,0.6499
-0.0150,0.3540,0.6687
-0.0450,0.3567,0.6873
-0.0550,0.3679,0.7058
-0.0550,0.3904,0.7242
-0.0550,0.4241,0.7420
-0.0550,0.4607,0.7589
-0.0500,0.5083,0.7747
-0.0050,0.5530,0.7899
-0.0350,0.6008,0.8043
-0.0550,0.6458,0.8172
-0.0750,0.6821,0.8287
-0.0650,0.7131,0.8392
-0.0500,0.7356,0.8488
-0.0450,0.7495,0.8568
-0.0450,0.7581,0.8639
-0.0350,0.7581,0.8708
-0.0350,0.7495,0.8776
-0.0300,0.7356,0.8844
-0.0400,0.7188,0.8915
-0.0350,0.6963,0.8976
-0.0400,0.6794,0.9028
0.0550,0.6570,0.9081
0.5050,0.6372,0.9140
0.0750,0.6204,0.9191
-0.1100,0.6064,0.9233
-0.0400,0.5923,0.9260
-0.0400,0.5811,0.9272
-0.0450,0.5754,0.9274
-0.0450,0.5671,0.9269
-0.0350,0.5586,0.9238
-0.0300,0.5530,0.9184
-0.0350,0.5447,0.9113
-0.0250,0.5361,0.9030
-0.0200,0.5305,0.8927
-0.0150,0.5222,0.8808
0.0000,0.5137,0.8673
0.0150,0.5027,0.8527
0.0300,0.5000,0.8356
0.0500,0.4915,0.8160
0.0850,0.4832,0.7950
0.1300,0.4731,0.7728
0.1650,0.4612,0.7503
0.1350,0.4524,0.7283
0.0550,0.4434,0.7063
-0.0100,0.4404,0.6846
-0.0500,0.4404,0.6641
-0.0650,0.4521,0.6445
-0.0650,0.4729,0.6257
-0.0700,0.4998,0.6076
-0.0650,0.5415,0.5900
-0.0650,0.5891,0.5732
-0.0550,0.6367,0.5573
-0.0200,0.6873,0.5426
-0.0550,0.7319,0.5277
-0.0750,0.7705,0.5126
-0.0700,0.8003,0.4974
-0.0650,0.8213,0.4823
-0.0550,0.8362,0.4669
-0.0550,0.8391,0.4513
-0.0450,0.8301,0.4359
-0.0450,0.8152,0.4205
-0.0400,0.7915,0.4063
-0.0550,0.7646,0.3929
-0.0500,0.7319,0.3792
-0.0400,0.6992,0.3653
-0.0200,0.6665,0.3521
0.3350,0.6367,0.3396
0.1850,0.6099,0.3276
-0.1850,0.5830,0.3161
-0.0700,0.5652,0.3049
-0.0350,0.5444,0.2942
-0.0350,0.5295,0.2834
-0.0350,0.5146,0.2734
-0.0350,0.5029,0.2644
-0.0300,0.4968,0.2563
-0.0250,0.4880,0.2492
-0.0200,0.4790,0.2431
-0.0100,0.4702,0.2385
-0.0050,0.4612,0.2350
0.0050,0.4524,0.2316
0.0150,0.4434,0.2280
0.0300,0.4314,0.2233
0.0550,0.4194,0.2179
0.0900,0.4077,0.2121
0.1350,0.3958,0.2057
0.1750,0.3838,0.1994
0.1650,0.3718,0.1925
0.0900,0.3630,0.1857
0.0150,0.3540,0.1793
-0.0300,0.3511,0.1749
-0.0500,0.3599,0.1720
-0.0550,0.3718,0.1696
-0.0600,0.3958,0.1674
-0.0550,0.4314,0.1661
-0.0500,0.4729,0.1659
-0.0500,0.5117,0.1661
-0.0200,0.5593,0.1674
-0.0400,0.6011,0.1698
-0.0550,0.6396,0.1732
-0.0650,0.6665,0.1764
-0.0600,0.6843,0.1793
-0.0550,0.6963,0.1820
-0.0550,0.6963,0.1845
-0.0450,0.6873,0.1869
-0.0450,0.6843,0.1891
-0.0350,0.6694,0.1911
-0.0450,0.6487,0.1930
-0.0450,0.6248,0.1937
-0.0400,0.6011,0.1937
-0.0450,0.5771,0.1930
0.1250,0.5474,0.1918
0.4100,0.5295,0.1903
-0.1100,0.5059,0.1884
-0.1400,0.4968,0.1852
-0.0400,0.4790,0.1813
-0.0350,0.4670,0.1779
-0.0350,0.4553,0.1747
-0.0300,0.4434,0.1730
-0.0250,0.4373,0.1722
-0.0150,0.4255,0.1722
-0.0150,0.4194,0.1730
-0.0100,0.4077,0.1752
-0.0100,0.4016,0.1781
-0.0050,0.3896,0.1810
0.0000,0.3838,0.1837
0.0200,0.3718,0.1862
0.0400,0.3630,0.1884
0.0750,0.3540,0.1896
0.1100,0.3420,0.1898
0.1600,0.3303,0.1893
0.1750,0.3213,0.1884
0.1250,0.3123,0.1881
0.0450,0.3035,0.1884
-0.0150,0.2976,0.1891
-0.0500,0.2976,0.1901
-0.0600,0.3035,0.1911
-0.0650,0.3213,0.1925
-0.0600,0.3479,0.1940
-0.0600,0.3809,0.1955
-0.0500,0.4224,0.1969
-0.0450,0.4700,0.1984
-0.0250,0.5117,0.1999
-0.0500,0.5564,0.2013
-0.0650,0.5979,0.2028
-0.0600,0.6277,0.2045
-0.0550,0.6487,0.2069
-0.0450,0.6636,0.2099
-0.0500,0.6665,0.2126
-0.0400,0.6636,0.2150
-0.0350,0.6516,0.2170
-0.0300,0.6338,0.2187
-0.0400,0.6128,0.2201
-0.0450,0.5891,0.2214
-0.0400,0.5623,0.2216
-0.0100,0.5386,0.2211
0.3800,0.5176,0.2206
0.1200,0.5000,0.2204
-0.1800,0.4849,0.2196
-0.0600,0.4731,0.2182
-0.0350,0.4612,0.2162
-0.0400,0.4492,0.2140
-0.0350,0.4404,0.2123
-0.0300,0.4314,0.2116
-0.0200,0.4226,0.2113
-0.0200,0.4136,0.2116
-0.0200,0.4077,0.2128
-0.0100,0.3987,0.2152
-0.0050,0.3896,0.2172
0.0000,0.3809,0.2189
0.0100,0.3718,0.2204
0.0250,0.3630,0.2216
0.0500,0.3540,0.2218
0.0850,0.3420,0.2211
0.1250,0.3303,0.2199
0.1650,0.3242,0.2182
0.1500,0.3123,0.2170
0.0750,0.3035,0.2165
0.0050,0.2976,0.2162
-0.0350,0.2976,0.2165
-0.0550,0.3064,0.2177
-0.0650,0.3213,0.2199
-0.0600,0.3479,0.2231
-0.0550,0.3867,0.2270
-0.0500,0.4314,0.2331
-0.0550,0.4819,0.2411
-0.0150,0.5237,0.2519
-0.0450,0.5713,0.2646
-0.0700,0.6157,0.2790
-0.0650,0.6487,0.2944
-0.0600,0.6724,0.3108
-0.0500,0.6934,0.3279
-0.0550,0.6992,0.3455
-0.0450,0.6992,0.3635
-0.0450,0.6934,0.3816
-0.0300,0.6785,0.4002
-0.0450,0.6604,0.4200
-0.0450,0.6367,0.4408
-0.0350,0.6128,0.4620
-0.0450,0.5891,0.4838
0.2300,0.5652,0.5048
0.4100,0.5444,0.5253
-0.1200,0.5266,0.5453
-0.0850,0.5088,0.5649
-0.0350,0.5000,0.5842
-0.0350,0.4910,0.6032
-0.0350,0.4790,0.6220
-0.0350,0.4702,0.6404
-0.0250,0.4641,0.6577
-0.0250,0.4553,0.6743
-0.0250,0.4524,0.6909
-0.0200,0.4463,0.7078
-0.0150,0.4404,0.7237
-0.0100,0.4373,0.7386
0.0000,0.4314,0.7520
0.0150,0.4255,0.7640
0.0300,0.4194,0.7738
0.0600,0.4136,0.7823
0.1000,0.4077,0.7901
0.1450,0.3958,0.7979
0.1600,0.3896,0.8045
0.1050,0.3838,0.8107
0.0250,0.3809,0.8180
-0.0300,0.3809,0.8265
-0.0550,0.3896,0.8361
-0.0650,0.4106,0.8458
-0.0650,0.4434,0.8554
-0.0600,0.4832,0.8639
-0.0550,0.5222,0.8712
-0.0550,0.5728,0.8776
0.0150,0.6233,0.8839
-0.0350,0.6682,0.8905
-0.0550,0.7131,0.8962
-0.0750,0.7495,0.9008
-0.0650,0.7749,0.9040
-0.0600,0.7944,0.9054
-0.0500,0.8030,0.9050
-0.0450,0.8030,0.9028
-0.0400,0.8000,0.8984
-0.0350,0.7944,0.8920
-0.0400,0.7832,0.8832
-0.0400,0.7637,0.8722
-0.0400,0.7412,0.8588
-0.0400,0.7158,0.8434
0.0900,0.6877,0.8275
0.4700,0.6597,0.8111
-0.0450,0.6345,0.7938
-0.1300,0.6121,0.7755
-0.0450,0.5923,0.7562
-0.0400,0.5754,0.7364
-0.0400,0.5586,0.7161
-0.0400,0.5474,0.6958
-0.0300,0.5305,0.6763
-0.0250,0.5249,0.6575
-0.0250,0.5137,0.6391
-0.0250,0.5027,0.6215
-0.0150,0.5000,0.6054
-0.0100,0.4915,0.5900
0.0000,0.4832,0.5737
0.0150,0.4746,0.5561
0.0300,0.4634,0.5365
0.0600,0.4521,0.5158
0.0950,0.4438,0.4947
0.1400,0.4353,0.4742
0.1700,0.4241,0.4549
0.1300,0.4128,0.4361
0.0500,0.4045,0.4183
-0.0100,0.3989,0.4012
-0.0450,0.3933,0.3855
-0.0650,0.4016,0.3711
-0.0600,0.4158,0.3577
-0.0650,0.4382,0.3452
-0.0600,0.4719,0.3333
-0.0550,0.5083,0.3218
-0.0450,0.5503,0.3118
-0.0150,0.5952,0.3027
-0.0500,0.6401,0.2946
-0.0700,0.6765,0.2873
-0.0650,0.7075,0.2795
-0.0550,0.7300,0.2712
-0.0500,0.7439,0.2629
-0.0550,0.7468,0.2543
-0.0450,0.7439,0.2468
-0.0450,0.7327,0.2399
-0.0450,0.7158,0.2328
-0.0500,0.6963,0.2258
-0.0450,0.6709,0.2194
-0.0400,0.6458,0.2138
-0.0150,0.6204,0.2089
0.3450,0.5979,0.2045
0.1500,0.5784,0.2006
-0.1950,0.5586,0.1967
-0.0750,0.5447,0.1920
-0.0400,0.5305,0.1871
-0.0400,0.5193,0.1828
-0.0350,0.5081,0.1788
-0.0300,0.5000,0.1754
-0.0300,0.4915,0.1722
-0.0250,0.4802,0.1705
-0.0200,0.4690,0.1698
-0.0150,0.4634,0.1700
-0.0150,0.4521,0.1705
-0.0050,0.4409,0.1705
0.0100,0.4297,0.1700
0.0250,0.4241,0.1691
0.0500,0.4128,0.1681
0.0800,0.4016,0.1666
0.1300,0.3848,0.1652
0.1700,0.3735,0.1637
0.1550,0.3623,0.1622
0.0800,0.3511,0.1615
0.0050,0.3398,0.1617
-0.0400,0.3315,0.1625
-0.0600,0.3342,0.1639
-0.0700,0.3455,0.1654
-0.0700,0.3623,0.1674
-0.0650,0.3904,0.1693
-0.0650,0.4270,0.1715
-0.0600,0.4663,0.1747
-0.0350,0.5083,0.1786
-0.0500,0.5447,0.1820
-0.0650,0.5811,0.1852
-0.0700,0.6064,0.1881
-0.0700,0.6289,0.1906
-0.0600,0.6372,0.1930
-0.0600,0.6401,0.1950
-0.0550,0.6372,0.1969
-0.0550,0.6233,0.1989
-0.0400,0.6064,0.2008
-0.0500,0.5840,0.2023
-0.0550,0.5615,0.2030
-0.0500,0.5391,0.2028
-0.0500,0.5137,0.2028
0.1300,0.4971,0.2030
0.4000,0.4775,0.2028
-0.1200,0.4578,0.2018
-0.1300,0.4465,0.2013
-0.0450,0.4297,0.2013
-0.0450,0.4185,0.2018
-0.0450,0.4128,0.2023
-0.0350,0.4016,0.2033
-0.0200,0.3933,0.2043
-0.0200,0.3848,0.2052
-0.0150,0.3792,0.2062
-0.0100,0.3708,0.2074
-0.0150,0.3623,0.2086
-0.0050,0.3540,0.2099
0.0050,0.3455,0.2111
0.0200,0.3398,0.2121
0.0400,0.3315,0.2133
0.0650,0.3230,0.2143
0.1050,0.3147,0.2152
0.1550,0.3062,0.2162
0.1700,0.3005,0.2172
0.1150,0.2922,0.2174
0.0350,0.2866,0.2167
-0.0200,0.2866,0.2162
-0.0500,0.2893,0.2162
-0.0550,0.3035,0.2165
-0.0650,0.3315,0.2170
-0.0600,0.3679,0.2187
-0.0550,0.4102,0.2211
-0.0550,0.4607,0.2231
-0.0450,0.5083,0.2248
-0.0300,0.5503,0.2262
-0.0550,0.5896,0.2277
-0.0700,0.6233,0.2287
-0.0600,0.6514,0.2297
-0.0550,0.6653,0.2306
-0.0500,0.6738,0.2316
-0.0450,0.6738,0.2321
-0.0350,0.6653,0.2326
-0.0400,0.6514,0.2331
-0.0350,0.6345,0.2336
-0.0450,0.6121,0.2341
-0.0450,0.5840,0.2345
-0.0450,0.5615,0.2350
0.0050,0.5391,0.2355
0.4000,0.5166,0.2360
0.0800,0.5000,0.2365
-0.1700,0.4858,0.2360
-0.0550,0.4690,0.2348
-0.0400,0.4578,0.2328
-0.0400,0.4465,0.2304
-0.0350,0.4353,0.2287
-0.0300,0.4241,0.2277
-0.0250,0.4185,0.2270
-0.0250,0.4072,0.2267
-0.0200,0.3960,0.2280
-0.0150,0.3848,0.2301
-0.0100,0.3792,0.2328
-0.0050,0.3679,0.2360
0.0050,0.3567,0.2394
0.0200,0.3511,0.2436
0.0400,0.3398,0.2487
0.0750,0.3315,0.2548
0.1150,0.3230,0.2619
0.1500,0.3118,0.2700
0.1350,0.3062,0.2805
0.0650,0.3005,0.2932
0.0050,0.2979,0.3074
-0.0400,0.3035,0.3230
-0.0600,0.3174,0.3416
-0.0600,0.3398,0.3626
-0.0650,0.3735,0.3843
-0.0600,0.4158,0.4065
-0.0600,0.4607,0.4302
-0.0500,0.5083,0.4552
-0.0100,0.5503,0.4798
-0.0500,0.5952,0.5043
-0.0700,0.6316,0.5282
-0.0750,0.6626,0.5519
-0.0600,0.6821,0.5734
-0.0500,0.6934,0.5930
-0.0500,0.7019,0.6110
-0.0450,0.6963,0.6279
-0.0400,0.6877,0.6438
-0.0300,0.6709,0.6592
-0.0450,0.6514,0.6738
-0.0400,0.6289,0.6882
-0.0350,0.6121,0.7022
-0.0400,0.5896,0.7159
0.2800,0.5698,0.7295
0.4050,0.5530,0.7425
-0.1100,0.5361,0.7545
-0.0700,0.5249,0.7652
-0.0350,0.5137,0.7742
-0.0400,0.5027,0.7821
-0.0400,0.5000,0.7909
-0.0350,0.4971,0.8004
-0.0350,0.4915,0.8097
-0.0300,0.4832,0.8185
-0.0300,0.4775,0.8280
-0.0300,0.4690,0.8383
-0.0250,0.4634,0.8478
-0.0200,0.4578,0.8568
-0.0050,0.4495,0.8654
0.0100,0.4409,0.8734
0.0300,0.4353,0.8793
0.0650,0.4241,0.8832
0.1050,0.4185,0.8854
0.1500,0.4072,0.8866
0.1600,0.3989,0.8869
0.0950,0.3904,0.8861
0.0150,0.3848,0.8842
-0.0350,0.3848,0.8810
-0.0600,0.3904,0.8769
-0.0650,0.4045,0.8715
-0.0650,0.4326,0.8637
-0.0600,0.4690,0.8537
-0.0600,0.5083,0.8431
-0.0550,0.5559,0.8324
-0.0150,0.6064,0.8212
-0.0450,0.6514,0.8097
-0.0650,0.6934,0.7972
-0.0750,0.7300,0.7838
-0.0650,0.7581,0.7694
-0.0550,0.7749,0.7545
-0.0500,0.7861,0.7378
-0.0400,0.7861,0.7200
-0.0400,0.7776,0.7017
-0.0350,0.7664,0.6824
-0.0400,0.7495,0.6626
-0.0450,0.7300,0.6426
-0.0450,0.7075,0.6223
-0.0450,0.6851,0.6018
0.1300,0.6626,0.5812
0.4150,0.6401,0.5607
-0.1100,0.6177,0.5402
-0.1350,0.6008,0.5194
-0.0400,0.5811,0.4987
-0.0350,0.5671,0.4784
-0.0350,0.5530,0.4598
-0.0350,0.5474,0.4430
-0.0300,0.5361,0.4268
-0.0250,0.5249,0.4112
-0.0200,0.5137,0.3975
-0.0150,0.5081,0.3858
-0.0100,0.5000,0.3758
0.0000,0.4971,0.3665
0.0050,0.4858,0.3572
0.0250,0.4746,0.3477
0.0400,0.4690,0.3367
0.0750,0.4578,0.3249
0.1150,0.4465,0.3125
0.1600,0.4353,0.2995
0.1850,0.4241,0.2871
0.1300,0.4158,0.2753
0.0450,0.4072,0.2644
-0.0150,0.4045,0.2538
-0.0450,0.4045,0.2448
-0.0550,0.4128,0.2372
-0.0600,0.4326,0.2306
-0.0550,0.4409,0.2245
-0.0500,0.4634,0.2192
-0.0450,0.4998,0.2145
-0.0400,0.5361,0.2111
-0.0200,0.5784,0.2089
-0.0500,0.6147,0.2065
-0.0650,0.6514,0.2040
-0.0600,0.6794,0.2023
-0.0550,0.6963,0.2013
-0.0450,0.7075,0.2001
-0.0500,0.7102,0.1986
-0.0350,0.7075,0.1967
-0.0400,0.7019,0.1947
-0.0350,0.6877,0.1935
-0.0400,0.6682,0.1930
-0.0450,0.6458,0.1930
-0.0400,0.6233,0.1933
-0.0150,0.5952,0.1918
0.3550,0.5698,0.1893
0.1400,0.5447,0.1876
-0.1800,0.5278,0.1867
-0.0650,0.5081,0.1857
-0.0350,0.4971,0.1842
-0.0350,0.4832,0.1825
-0.0300,0.4690,0.1808
-0.0300,0.4578,0.1801
-0.0250,0.4465,0.1798
-0.0200,0.4353,0.1803
-0.0150,0.4270,0.1813
-0.0150,0.4185,0.1823
-0.0050,0.4072,0.1835
0.0000,0.3989,0.1837
0.0100,0.3904,0.1837
0.0300,0.3792,0.1840
0.0550,0.3679,0.1845
0.0900,0.3623,0.1845
0.1350,0.3511,0.1840
0.1750,0.3398,0.1840
0.1600,0.3286,0.1845
0.0850,0.3174,0.1854
0.0100,0.3062,0.1864
-0.0350,0.3005,0.1876
-0.0550,0.2979,0.1891
-0.0600,0.2979,0.1906
-0.0600,0.3062,0.1920
-0.0600,0.3259,0.1935
-0.0550,0.3567,0.1952
-0.0550,0.3904,0.1979
-0.0250,0.4326,0.2013
-0.0400,0.4746,0.2043
-0.0600,0.5083,0.2069
-0.0650,0.5474,0.2091
-0.0650,0.5728,0.2111
-0.0500,0.5952,0.2128
-0.0550,0.6091,0.2143
-0.0500,0.6121,0.2157
-0.0500,0.6091,0.2172
-0.0400,0.5979,0.2182
-0.0500,0.5840,0.2192
-0.0450,0.5615,0.2194
-0.0400,0.5447,0.2184
-0.0500,0.5222,0.2179
0.1600,0.5027,0.2177
0.3850,0.4832,0.2170
-0.1400,0.4634,0.2155
-0.1250,0.4465,0.2148
-0.0350,0.4297,0.2143
-0.0450,0.4185,0.2143
-0.0450,0.4072,0.2148
-0.0350,0.3989,0.2152
-0.0300,0.3904,0.2157
-0.0250,0.3821,0.2165
-0.0150,0.3735,0.2174
-0.0100,0.3679,0.2184
-0.0100,0.3596,0.2192
-0.0100,0.3511,0.2199
0.0050,0.3455,0.2209
0.0200,0.3372,0.2216
0.0400,0.3286,0.2226
0.0700,0.3230,0.2233
0.1100,0.3174,0.2240
0.1550,0.3062,0.2248
0.1700,0.3005,0.2255
0.1150,0.2922,0.2262
0.0350,0.2837,0.2270
-0.0150,0.2810,0.2277
-0.0450,0.2810,0.2282
-0.0600,0.2893,0.2289
-0.0600,0.3035,0.2294
-0.0600,0.3286,0.2301
-0.0500,0.3652,0.2309
-0.0500,0.4102,0.2326
-0.0350,0.4551,0.2350
-0.0250,0.4998,0.2370
-0.0500,0.5447,0.2387
-0.0600,0.5811,0.2399
-0.0550,0.6121,0.2409
-0.0500,0.6372,0.2419
-0.0450,0.6541,0.2426
-0.0400,0.6597,0.2431
-0.0400,0.6597,0.2436
-0.0400,0.6541,0.2441
-0.0400,0.6401,0.2446
-0.0450,0.6233,0.2446
-0.0450,0.6008,0.2448
-0.0450,0.5784,0.2448
0.0250,0.5530,0.2453
0.4350,0.5278,0.2465
0.0450,0.5054,0.2485
-0.1550,0.4944,0.2512
-0.0500,0.4746,0.2543
-0.0300,0.4578,0.2590
-0.0300,0.4465,0.2651
-0.0350,0.4326,0.2729
-0.0250,0.4185,0.2827
-0.0200,0.4102,0.2944
-0.0250,0.4016,0.3081
-0.0200,0.3904,0.3242
-0.0100,0.3792,0.3420
-0.0100,0.3735,0.3601
-0.0050,0.3623,0.3787
0.0050,0.3511,0.3973
0.0200,0.3398,0.4158
0.0450,0.3286,0.4332
0.0750,0.3230,0.4500
0.1200,0.3118,0.4671
0.1550,0.3005,0.4847
0.1350,0.2922,0.5023
0.0650,0.2837,0.5204
-0.0050,0.2810,0.5397
-0.0400,0.2810,0.5595
-0.0500,0.2893,0.5781
-0.0550,0.3062,0.5957
-0.0500,0.3342,0.6132
-0.0500,0.3708,0.6308
-0.0450,0.4185,0.6484
-0.0400,0.4690,0.6660
0.0050,0.5166,0.6826
-0.0450,0.5615,0.6985
-0.0600,0.6035,0.7134
-0.0650,0.6372,0.7278
-0.0550,0.6653,0.7408
-0.0400,0.6821,0.7525
-0.0400,0.6934,0.7620
-0.0300,0.6963,0.7701
-0.0350,0.6934,0.7767
-0.0250,0.6821,0.7826
-0.0350,0.6653,0.7887
-0.0350,0.6458,0.7953
-0.0350,0.6260,0.8021
-0.0250,0.6064,0.8089
0.3300,0.5840,0.8160
0.3600,0.5671,0.8231
-0.1150,0.5503,0.8292
-0.0550,0.5361,0.8344
-0.0250,0.5249,0.8390
-0.0300,0.5137,0.8431
-0.0400,0.5027,0.8468
-0.0350,0.5000,0.8500
-0.0350,0.4944,0.8522
-0.0250,0.4888,0.8527
-0.0250,0.4832,0.8505
-0.0200,0.4775,0.8461
-0.0150,0.4719,0.8397
-0.0100,0.4663,0.8319
0.0050,0.4578,0.8221
0.0250,0.4521,0.8104
0.0450,0.4438,0.7955
0.0700,0.4314,0.7779
0.1150,0.4255,0.7591
0.1650,0.4136,0.7396
0.1650,0.4077,0.7185
0.0950,0.3958,0.6963
0.0200,0.3896,0.6743
-0.0300,0.3867,0.6526
-0.0600,0.3867,0.6318
-0.1100,0.3987,0.6123
-0.1250,0.4224,0.5922
-0.1300,0.4551,0.5722
-0.1250,0.4910,0.5531
-0.1250,0.5356,0.5348
-0.0800,0.5862,0.5170
-0.1050,0.6338,0.4996
-0.1250,0.6753,0.4828
-0.1300,0.7141,0.4662
-0.1150,0.7439,0.4500
-0.1100,0.7617,0.4339
-0.1050,0.7737,0.4178
-0.1000,0.7795,0.4019
-0.0950,0.7708,0.3863
-0.0800,0.7588,0.3709
-0.0850,0.7378,0.3565
-0.0800,0.7141,0.3430
-0.0700,0.6902,0.3306
-0.0750,0.6636,0.3186
0.1150,0.6367,0.3071
0.3850,0.6128,0.2959
-0.1450,0.5920,0.2839
-0.1500,0.5742,0.2714
-0.0600,0.5564,0.2607
-0.0500,0.5415,0.2516
-0.0550,0.5266,0.2429
-0.0500,0.5146,0.2343
-0.0400,0.5088,0.2267
-0.0350,0.5000,0.2201
-0.0350,0.4910,0.2145
-0.0250,0.4849,0.2094
-0.0200,0.4731,0.2050
-0.0150,0.4641,0.2008
0.0000,0.4553,0.1972
0.0150,0.4434,0.1937
0.0350,0.4314,0.1903
0.0650,0.4194,0.1874
0.1100,0.4077,0.1845
0.1600,0.3958,0.1818
0.1750,0.3838,0.1793
0.1200,0.3718,0.1769
0.0400,0.3630,0.1757
-0.0200,0.3569,0.1752
-0.0500,0.3569,0.1754
-0.0600,0.3599,0.1759
-0.0650,0.3748,0.1762
-0.0650,0.4016,0.1757
-0.0600,0.4373,0.1759
-0.0600,0.4729,0.1766
-0.0450,0.5117,0.1776
-0.0250,0.5503,0.1791
-0.0500,0.5920,0.1806
-0.0700,0.6189,0.1820
-0.0600,0.6426,0.1837
-0.0600,0.6575,0.1854
-0.0500,0.6665,0.1871
-0.0500,0.6636,0.1891
-0.0350,0.6545,0.1908
-0.0400,0.6487,0.1925
-0.0350,0.6306,0.1933
-0.0450,0.6069,0.1933
-0.0400,0.5830,0.1935
-0.0350,0.5593,0.1940
-0.0050,0.5295,0.1937
0.3750,0.5059,0.1930
0.1250,0.4939,0.1918
-0.1800,0.4731,0.1903
-0.0600,0.4553,0.1896
-0.0300,0.4434,0.1893
-0.0350,0.4314,0.1898
-0.0300,0.4194,0.1906
-0.0250,0.4077,0.1915
-0.0150,0.3958,0.1928
-0.0150,0.3867,0.1950
-0.0150,0.3779,0.1981
-0.0100,0.3689,0.2011
-0.0050,0.3599,0.2035
0.0000,0.3540,0.2057
0.0100,0.3420,0.2074
0.0300,0.3362,0.2082
0.0550,0.3242,0.2079
0.0900,0.3184,0.2072
0.1350,0.3064,0.2057
0.1750,0.2976,0.2038
0.1550,0.2886,0.2018
0.0750,0.2766,0.2006
0.0050,0.2708,0.2003
-0.0400,0.2646,0.2013
-0.0500,0.2646,0.2033
-0.0550,0.2708,0.2052
-0.0550,0.2915,0.2072
-0.0550,0.3242,0.2099
-0.0550,0.3630,0.2133
-0.0550,0.4106,0.2162
-0.0300,0.4583,0.2187
-0.0400,0.5027,0.2206
-0.0650,0.5386,0.2223
-0.0700,0.5742,0.2238
-0.0600,0.6011,0.2250
-0.0550,0.6218,0.2260
-0.0500,0.6309,0.2270
-0.0450,0.6309,0.2280
-0.0400,0.6248,0.2289
-0.0350,0.6099,0.2299
-0.0500,0.5950,0.2304
-0.0450,0.5713,0.2309
-0.0450,0.5474,0.2314
-0.0500,0.5266,0.2319
0.1700,0.5059,0.2323
0.3700,0.4878,0.2321
-0.2000,0.4700,0.2309
-0.1700,0.4553,0.2289
-0.0850,0.4434,0.2267
-0.0850,0.4314,0.2250
-0.0800,0.4194,0.2240
-0.0750,0.4077,0.2236
-0.0700,0.4016,0.2236
-0.0550,0.3928,0.2236
-0.0500,0.3838,0.2238
-0.0400,0.3779,0.2253
-0.0400,0.3689,0.2275
-0.0300,0.3599,0.2294
-0.0150,0.3540,0.2309
0.0050,0.3420,0.2311
0.0250,0.3362,0.2304
0.0550,0.3274,0.2289
0.0900,0.3184,0.2270
0.1400,0.3064,0.2258
0.1650,0.3005,0.2248
0.1100,0.2886,0.2243
0.0300,0.2827,0.2243
-0.0150,0.2798,0.2243
-0.0500,0.2827,0.2248
-0.0550,0.2944,0.2253
-0.0550,0.3152,0.2258
-0.0550,0.3479,0.2275
-0.0500,0.3867,0.2299
-0.0500,0.4343,0.2328
-0.0300,0.4851,0.2365
-0.0300,0.5295,0.2411
-0.0500,0.5713,0.2470
-0.0600,0.6069,0.2536
-0.0550,0.6367,0.2612
-0.0500,0.6575,0.2692
-0.0450,0.6694,0.2778
-0.0500,0.6726,0.2876
-0.0400,0.6726,0.2986
-0.0350,0.6665,0.3100
-0.0350,0.6665,0.3225
-0.0400,0.6545,0.3364
-0.0400,0.6367,0.3518
-0.0450,0.6160,0.3679
0.0400,0.5950,0.3848
0.4650,0.5713,0.4022
0.0450,0.5474,0.4197
-0.1350,0.5295,0.4378
-0.0450,0.5088,0.4559
-0.0400,0.4968,0.4740
-0.0400,0.4849,0.4925
-0.0400,0.4731,0.5111
-0.0300,0.4612,0.5297
-0.0250,0.4553,0.5480
-0.0250,0.4434,0.5666
-0.0200,0.4373,0.5859
-0.0150,0.4285,0.6059
-0.0150,0.4194,0.6245
-0.0050,0.4136,0.6418
0.0050,0.4077,0.6582
0.0200,0.4016,0.6733
0.0500,0.3928,0.6860
0.0850,0.3838,0.6966
0.1250,0.3779,0.7063
0.1650,0.3689,0.7156
0.1350,0.3630,0.7247
0.0600,0.3540,0.7334
-0.0050,0.3481,0.7430
-0.0400,0.3452,0.7532
-0.0550,0.3452,0.7630
-0.0600,0.3481,0.7723
-0.0550,0.3660,0.7811
-0.0500,0.3926,0.7896
-0.0400,0.4285,0.7979
-0.0250,0.4700,0.8063
0.0100,0.5146,0.8153
-0.0400,0.5652,0.8251
-0.0550,0.6128,0.8344
-0.0550,0.6606,0.8429
-0.0350,0.6992,0.8502
-0.0300,0.7290,0.8563
-0.0350,0.7527,0.8617
-0.0300,0.7678,0.8661
-0.0350,0.7737,0.8681
-0.0250,0.7737,0.8673
-0.0350,0.7646,0.8632
-0.0300,0.7498,0.8559
-0.0250,0.7319,0.8461
-0.0050,0.7080,0.8348
0.3750,0.6843,0.8224
0.2600,0.6665,0.8087
-0.1450,0.6458,0.7943
-0.0550,0.6277,0.7791
-0.0200,0.6128,0.7625
-0.0300,0.5981,0.7449
-0.0300,0.5862,0.7273
-0.0350,0.5742,0.7102
-0.0250,0.5654,0.6931
-0.0200,0.5564,0.6760
-0.0200,0.5444,0.6594
-0.0150,0.5356,0.6428
-0.0100,0.5266,0.6262
-0.0050,0.5146,0.6096
0.0100,0.5088,0.5922
0.0300,0.5000,0.5737
0.0500,0.4939,0.5536
0.0800,0.4849,0.5324
0.1250,0.4731,0.5111
0.1650,0.4670,0.4901
0.1550,0.4553,0.4691
0.0850,0.4434,0.4486
0.0200,0.4343,0.4300
-0.0300,0.4255,0.4134
-0.0500,0.4226,0.3982
-0.0600,0.4226,0.3843
-0.0600,0.4314,0.3714
-0.0550,0.4521,0.3587
-0.0500,0.4790,0.3457
-0.0500,0.5117,0.3323
-0.0150,0.5535,0.3208
-0.0400,0.6011,0.3108
-0.0550,0.6487,0.3008
-0.0650,0.6873,0.2907
-0.0550,0.7229,0.2810
-0.0450,0.7498,0.2712
-0.0400,0.7646,0.2626
-0.0400,0.7766,0.2551
-0.0350,0.7766,0.2485
-0.0300,0.7708,0.2424
-0.0400,0.7556,0.2367
-0.0400,0.7349,0.2316
-0.0350,0.7080,0.2270
-0.0400,0.6785,0.2226
0.1600,0.6487,0.2187
0.3900,0.6189,0.2148
-0.1350,0.5920,0.2108
-0.1200,0.5652,0.2074
-0.0300,0.5444,0.2040
-0.0250,0.5266,0.2008
-0.0250,0.5088,0.1986
-0.0200,0.5000,0.1972
-0.0150,0.4910,0.1957
-0.0100,0.4790,0.1940
-0.0050,0.4670,0.1930
0.0000,0.4553,0.1928
0.0050,0.4492,0.1930
0.0050,0.4404,0.1935
0.0250,0.4314,0.1933
0.0400,0.4255,0.1928
0.0600,0.4136,0.1925
0.0900,0.4077,0.1925
0.1300,0.3958,0.1923
0.1800,0.3838,0.1913
0.1900,0.3718,0.1898
0.1300,0.3599,0.1884
0.0500,0.3481,0.1876
-0.0050,0.3362,0.1874
-0.0350,0.3303,0.1876
-0.0500,0.3274,0.1884
-0.0500,0.3362,0.1893
-0.0450,0.3511,0.1906
-0.0450,0.3748,0.1928
-0.0450,0.4106,0.1959
-0.0350,0.4521,0.1989
-0.0150,0.4968,0.2016
-0.0400,0.5356,0.2047
-0.0500,0.5801,0.2086
-0.0500,0.6099,0.2118
-0.0500,0.6367,0.2145
-0.0350,0.6516,0.2157
-0.0350,0.6606,0.2157
-0.0300,0.6606,0.2160
-0.0300,0.6516,0.2165
-0.0300,0.6396,0.2170
-0.0400,0.6189,0.2174
-0.0400,0.5981,0.2172
-0.0350,0.5713,0.2162
0.0000,0.5474,0.2155
0.3900,0.5266,0.2152
0.1000,0.5059,0.2133
-0.1750,0.4910,0.2099
-0.0500,0.4761,0.2077
-0.0200,0.4612,0.2062
-0.0300,0.4492,0.2045
-0.0300,0.4373,0.2025
-0.0200,0.4255,0.2013
-0.0150,0.4136,0.2011
-0.0150,0.4016,0.2021
-0.0100,0.3958,0.2043
-0.0050,0.3838,0.2074
0.0050,0.3779,0.2108
0.0100,0.3689,0.2138
0.0300,0.3708,0.2160
0.0400,0.3623,0.2172
0.0650,0.3596,0.2170
0.1050,0.3540,0.2162
0.1500,0.3455,0.2148
0.1850,0.3398,0.2140
0.1600,0.3315,0.2135
0.0800,0.3230,0.2135
0.0100,0.3174,0.2140
-0.0350,0.3091,0.2155
-0.0450,0.3091,0.2177
-0.0500,0.3118,0.2189
-0.0500,0.3259,0.2187
-0.0500,0.3484,0.2179
-0.0500,0.3821,0.2167
-0.0450,0.4214,0.2167
-0.0150,0.4663,0.2182
-0.0350,0.5083,0.2196
-0.0500,0.5474,0.2211
-0.0550,0.5811,0.2233
-0.0450,0.6121,0.2262
-0.0400,0.6345,0.2284
-0.0350,0.6484,0.2304
-0.0350,0.6514,0.2319
-0.0400,0.6484,0.2331
-0.0250,0.6372,0.2333
-0.0400,0.6233,0.2323
-0.0350,0.6064,0.2306
-0.0300,0.5840,0.2287
-0.0400,0.5615,0.2270
0.2100,0.5391,0.2260
0.3600,0.5193,0.2245
-0.1550,0.5027,0.2226
-0.1000,0.4915,0.2211
-0.0250,0.4746,0.2201
-0.0350,0.4634,0.2187
-0.0300,0.4521,0.2170
-0.0300,0.4465,0.2157
-0.0250,0.4382,0.2152
-0.0200,0.4297,0.2160
-0.0150,0.4241,0.2182
-0.0100,0.4158,0.2209
-0.0050,0.4072,0.2243
0.0000,0.3989,0.2282
0.0050,0.3904,0.2323
0.0200,0.3821,0.2375
0.0350,0.3735,0.2436
0.0650,0.3679,0.2495
0.1000,0.3567,0.2553
0.1450,0.3455,0.2619
0.1600,0.3342,0.2690
0.1050,0.3230,0.2756
0.0350,0.3147,0.2819
-0.0200,0.3091,0.2890
-0.0450,0.3091,0.2966
-0.0500,0.3174,0.3047
-0.0550,0.3372,0.3135
-0.0550,0.3623,0.3254
-0.0450,0.3989,0.3403
-0.0450,0.4438,0.3574
-0.0050,0.4888,0.3765
-0.0250,0.5278,0.3975
-0.0450,0.5698,0.4200
-0.0550,0.6064,0.4420
-0.0450,0.6345,0.4632
-0.0350,0.6570,0.4838
-0.0350,0.6709,0.5035
-0.0350,0.6765,0.5221
-0.0250,0.6765,0.5397
-0.0150,0.6709,0.5573
-0.0200,0.6597,0.5749
-0.0250,0.6458,0.5930
-0.0200,0.6260,0.6108
-0.0300,0.6064,0.6277
0.0700,0.5840,0.6435
0.5000,0.5671,0.6577
0.0550,0.5503,0.6707
-0.1100,0.5361,0.6834
-0.0300,0.5249,0.6961
-0.0300,0.5137,0.7088
-0.0350,0.5027,0.7215
-0.0350,0.4971,0.7342
-0.0300,0.4858,0.7469
-0.0250,0.4802,0.7596
-0.0250,0.4719,0.7720
-0.0200,0.4663,0.7835
-0.0150,0.4607,0.7940
-0.0150,0.4551,0.8041
-0.0100,0.4495,0.8131
0.0050,0.4438,0.8197
0.0200,0.4353,0.8243
0.0500,0.4297,0.8282
0.0850,0.4214,0.8319
0.1300,0.4128,0.8341
0.1750,0.4016,0.8353
0.1400,0.3960,0.8368
0.0650,0.3877,0.8383
-0.0050,0.3821,0.8402
-0.0400,0.3821,0.8419
-0.0650,0.3904,0.8419
-0.0600,0.4102,0.8400
-0.0550,0.4353,0.8356
-0.0450,0.4746,0.8295
-0.0450,0.5110,0.8219
-0.0200,0.5615,0.8131
0.0000,0.6091,0.8028
-0.0450,0.6541,0.7909
-0.0650,0.6934,0.7777
-0.0550,0.7271,0.7635
-0.0450,0.7524,0.7476
-0.0350,0.7720,0.7303
-0.0400,0.7776,0.7119
-0.0300,0.7805,0.6931
-0.0350,0.7720,0.6736
-0.0300,0.7664,0.6536
-0.0400,0.7551,0.6323
-0.0350,0.7356,0.6098
-0.0350,0.7131,0.5878
0.0000,0.6907,0.5661
0.3800,0.6682,0.5446
0.1300,0.6458,0.5231
-0.1800,0.6233,0.5021
-0.0650,0.6008,0.4811
-0.0350,0.5840,0.4601
-0.0300,0.5713,0.4393
-0.0350,0.5564,0.4197
-0.0350,0.5444,0.4014
-0.0200,0.5325,0.3848
-0.0200,0.5208,0.3697
-0.0150,0.5117,0.3557
-0.0100,0.5029,0.3428
0.0000,0.4968,0.3315
0.0050,0.4849,0.3213
0.0100,0.4731,0.3103
0.0300,0.4641,0.2986
0.0550,0.4553,0.2871
0.0900,0.4434,0.2761
0.1350,0.4314,0.2656
0.1750,0.4194,0.2553
0.1600,0.4077,0.2455
0.0800,0.3958,0.2365
0.0050,0.3838,0.2297
-0.0350,0.3779,0.2245
-0.0550,0.3750,0.2201
-0.0600,0.3779,0.2160
-0.0600,0.3896,0.2128
-0.0600,0.4106,0.2108
-0.0600,0.4434,0.2096
-0.0600,0.4790,0.2091
-0.0250,0.5176,0.2079
-0.0450,0.5593,0.2065
-0.0650,0.5979,0.2055
-0.0750,0.6338,0.2050
-0.0600,0.6604,0.2040
-0.0550,0.6814,0.2025
-0.0550,0.6934,0.2018
-0.0500,0.6963,0.2016
-0.0450,0.6904,0.2018
-0.0400,0.6755,0.2023
-0.0500,0.6604,0.2021
-0.0500,0.6367,0.2011
-0.0450,0.6128,0.2006
-0.0500,0.5862,0.2006
0.1450,0.5593,0.1999
0.3800,0.5354,0.1986
-0.1400,0.5176,0.1959
-0.1200,0.5000,0.1925
-0.0350,0.4878,0.1901
-0.0350,0.4731,0.1886
-0.0300,0.4612,0.1869
-0.0300,0.4492,0.1852
-0.0250,0.4373,0.1842
-0.0250,0.4255,0.1840
-0.0150,0.4165,0.1842
-0.0150,0.4077,0.1849
-0.0100,0.3987,0.1859
0.0000,0.3896,0.1871
0.0100,0.3779,0.1874
0.0250,0.3718,0.1871
0.0450,0.3599,0.1862
0.0750,0.3481,0.1849
0.1200,0.3362,0.1835
0.1650,0.3303,0.1815
0.1800,0.3184,0.1796
0.1250,0.3064,0.1779
0.0400,0.2944,0.1771
-0.0150,0.3005,0.1769
-0.0450,0.2979,0.1774
-0.0600,0.3005,0.1781
-0.0600,0.3118,0.1784
-0.0600,0.3315,0.1779
-0.0550,0.3567,0.1781
-0.0500,0.3933,0.1788
-0.0450,0.4353,0.1798
-0.0350,0.4775,0.1813
-0.0550,0.5110,0.1837
-0.0650,0.5474,0.1871
-0.0600,0.5728,0.1913
-0.0550,0.5952,0.1957
-0.0500,0.6091,0.1996
-0.0500,0.6121,0.2028
-0.0450,0.6121,0.2055
-0.0400,0.6035,0.2079
-0.0400,0.5867,0.2099
-0.0500,0.5671,0.2116
-0.0450,0.5503,0.2123
-0.0450,0.5278,0.2118
-0.0050,0.5054,0.2096
0.3950,0.4888,0.2062
0.0700,0.4719,0.2040
-0.1800,0.4551,0.2025
-0.0600,0.4409,0.2008
-0.0350,0.4297,0.1989
-0.0450,0.4185,0.1977
-0.0350,0.4072,0.1972
-0.0300,0.4016,0.1972
-0.0300,0.3933,0.1977
-0.0250,0.3848,0.1984
-0.0150,0.3792,0.1996
-0.0100,0.3708,0.2018
-0.0100,0.3623,0.2047
0.0000,0.3567,0.2072
0.0100,0.3484,0.2094
0.0300,0.3398,0.2101
0.0550,0.3342,0.2099
0.0900,0.3230,0.2091
0.1300,0.3174,0.2077
0.1650,0.3062,0.2069
0.1400,0.3005,0.2065
0.0700,0.2922,0.2057
0.0000,0.2866,0.2043
-0.0400,0.2837,0.2035
-0.0550,0.2893,0.2033
-0.0600,0.3035,0.2035
-0.0600,0.3286,0.2040
-0.0600,0.3623,0.2047
-0.0550,0.4045,0.2057
-0.0450,0.4495,0.2067
-0.0250,0.4915,0.2079
-0.0450,0.5334,0.2101
-0.0600,0.5698,0.2130
-0.0600,0.6035,0.2155
-0.0650,0.6260,0.2179
-0.0500,0.6428,0.2206
-0.0500,0.6514,0.2240
-0.0450,0.6514,0.2280
-0.0550,0.6428,0.2319
-0.0400,0.6316,0.2350
-0.0550,0.6177,0.2375
-0.0500,0.5952,0.2394
-0.0500,0.5728,0.2409
-0.0550,0.5503,0.2431
0.2200,0.5278,0.2460
0.3250,0.5054,0.2492
-0.1700,0.4944,0.2529
-0.1050,0.4775,0.2568
-0.0400,0.4634,0.2609
-0.0450,0.4521,0.2663
-0.0450,0.4409,0.2727
-0.0450,0.4353,0.2797
-0.0350,0.4270,0.2878
-0.0300,0.4185,0.2971
-0.0300,0.4128,0.3076
-0.0250,0.4045,0.3191
-0.0150,0.3960,0.3311
-0.0100,0.3904,0.3438
-0.0050,0.3848,0.3565
0.0100,0.3765,0.3684
0.0250,0.3679,0.3802
0.0550,0.3596,0.3921
0.0950,0.3511,0.4048
0.1400,0.3455,0.4188
0.1550,0.3342,0.4342
0.1000,0.3286,0.4513
0.0250,0.3230,0.4701
-0.0250,0.3203,0.4899
-0.0500,0.3230,0.5106
-0.0550,0.3342,0.5319
-0.0600,0.3567,0.5534
-0.0550,0.3848,0.5744
-0.0500,0.4270,0.5947
-0.0500,0.4690,0.6145
0.0000,0.5110,0.6340
-0.0300,0.5559,0.6531
-0.0550,0.5952,0.6716
-0.0700,0.6316,0.6878
-0.0550,0.6597,0.7019
-0.0450,0.6794,0.7149
-0.0450,0.6934,0.7264
-0.0450,0.6963,0.7371
-0.0400,0.6963,0.7471
-0.0300,0.6877,0.7564
-0.0350,0.6738,0.7655
-0.0400,0.6570,0.7742
-0.0350,0.6372,0.7826
-0.0400,0.6177,0.7909
0.0950,0.5979,0.7989
0.5200,0.5811,0.8067
0.0150,0.5642,0.8146
-0.1000,0.5474,0.8224
-0.0350,0.5361,0.8300
-0.0400,0.5278,0.8366
-0.0350,0.5193,0.8422
-0.0300,0.5110,0.8468
-0.0300,0.5027,0.8510
-0.0250,0.5000,0.8549
-0.0300,0.4971,0.8581
-0.0300,0.4888,0.8590
-0.0250,0.4832,0.8578
-0.0150,0.4775,0.8532
-0.0050,0.4702,0.8453
0.0100,0.4612,0.8356
0.0250,0.4553,0.8238
0.0550,0.4492,0.8099
0.0900,0.4404,0.7940
0.1450,0.4314,0.7779
0.1750,0.4255,0.7615
0.1350,0.4165,0.7442
0.0550,0.4106,0.7259
-0.0100,0.4048,0.7078
-0.0500,0.4077,0.6902
-0.0600,0.4224,0.6729
-0.0650,0.4434,0.6555
-0.0650,0.4790,0.6377
-0.0600,0.5117,0.6191
-0.0550,0.5593,0.6010
-0.0400,0.6069,0.5834
-0.0200,0.6545,0.5663
-0.0550,0.6992,0.5492
-0.0750,0.7378,0.5326
-0.0650,0.7676,0.5160
-0.0650,0.7915,0.4987
-0.0550,0.8064,0.4806
-0.0600,0.8093,0.4630
-0.0450,0.8064,0.4459
-0.0450,0.8005,0.4293
-0.0400,0.7886,0.4129
-0.0550,0.7708,0.3968
-0.0500,0.7439,0.3806
-0.0450,0.7141,0.3650
-0.0050,0.6843,0.3496
0.3800,0.6545,0.3352
0.0950,0.6248,0.3220
-0.1850,0.6011,0.3108
-0.0650,0.5771,0.3008
-0.0300,0.5593,0.2922
-0.0350,0.5444,0.2841
-0.0350,0.5266,0.2771
-0.0300,0.5146,0.2705
-0.0250,0.5029,0.2653
-0.0250,0.5000,0.2612
-0.0200,0.4910,0.2573
-0.0150,0.4819,0.2531
-0.0100,0.4731,0.2499
0.0000,0.4641,0.2475
0.0150,0.4553,0.2448
0.0300,0.4434,0.2416
0.0550,0.4314,0.2372
0.0900,0.4255,0.2319
0.1400,0.4136,0.2270
0.1750,0.4016,0.2223
0.1500,0.3896,0.2179
0.0700,0.3779,0.2140
0.0000,0.3718,0.2113
-0.0400,0.3660,0.2094
-0.0550,0.3660,0.2074
-0.0600,0.3718,0.2050
-0.0650,0.3926,0.2025
-0.0600,0.4165,0.2001
-0.0600,0.4551,0.1984
-0.0550,0.4910,0.1977
-0.0300,0.5325,0.1974
-0.0450,0.5742,0.1979
-0.0650,0.6099,0.1984
-0.0650,0.6426,0.1994
-0.0600,0.6665,0.2003
-0.0500,0.6814,0.2013
-0.0500,0.6843,0.2016
-0.0450,0.6814,0.2011
-0.0500,0.6724,0.2008
-0.0400,0.6545,0.2008
-0.0500,0.6367,0.2003
-0.0500,0.6128,0.1994
-0.0500,0.5830,0.1979
-0.0500,0.5593,0.1957
0.1700,0.5354,0.1925
0.3700,0.5176,0.1886
-0.1500,0.5000,0.1849
-0.1100,0.4849,0.1815
-0.0350,0.4700,0.1786
-0.0400,0.4553,0.1759
-0.0350,0.4434,0.1742
-0.0350,0.4343,0.1735
-0.0250,0.4255,0.1737
-0.0200,0.4136,0.1744
-0.0200,0.4077,0.1754
-0.0100,0.3958,0.1769
-0.0050,0.3896,0.1784
0.0050,0.3779,0.1803
0.0100,0.3718,0.1823
0.0250,0.3599,0.1840
0.0450,0.3540,0.1847
0.0750,0.3420,0.1845
0.1150,0.3362,0.1828
0.1650,0.3242,0.1798
0.1700,0.3123,0.1769
0.1150,0.3035,0.1744
0.0400,0.2944,0.1732
-0.0200,0.2915,0.1727
-0.0450,0.2915,0.1720
-0.0550,0.2944,0.1713
-0.0550,0.3123,0.1720
-0.0550,0.3391,0.1742
-0.0500,0.3748,0.1774
-0.0450,0.4165,0.1815
-0.0400,0.4641,0.1862
-0.0300,0.5059,0.1913
-0.0500,0.5444,0.1967
-0.0650,0.5801,0.2018
-0.0600,0.6069,0.2062
-0.0500,0.6277,0.2099
-0.0500,0.6367,0.2128
-0.0500,0.6428,0.2152
-0.0400,0.6367,0.2172
-0.0400,0.6338,0.2189
-0.0400,0.6189,0.2204
-0.0450,0.6011,0.2216
-0.0450,0.5771,0.2218
-0.0400,0.5535,0.2211
0.0150,0.5295,0.2199
0.4200,0.5088,0.2177
0.0450,0.4939,0.2145
-0.1700,0.4761,0.2104
-0.0500,0.4583,0.2072
-0.0350,0.4434,0.2052
-0.0350,0.4314,0.2033
-0.0250,0.4194,0.2011
-0.0250,0.4136,0.1999
-0.0200,0.4016,0.1994
-0.0150,0.3958,0.2003
-0.0150,0.3867,0.2025
-0.0150,0.3779,0.2057
-0.0050,0.3718,0.2091
0.0050,0.3630,0.2121
0.0150,0.3540,0.2143
0.0300,0.3481,0.2155
0.0500,0.3391,0.2152
0.0850,0.3303,0.2133
0.1300,0.3242,0.2104
0.1700,0.3123,0.2082
0.1450,0.3005,0.2069
0.0700,0.2944,0.2062
0.0050,0.2856,0.2060
-0.0350,0.2798,0.2062
-0.0500,0.2827,0.2067
-0.0600,0.2944,0.2072
-0.0550,0.3184,0.2082
-0.0600,0.3511,0.2104
-0.0550,0.3928,0.2133
-0.0550,0.4404,0.2167
-0.0200,0.4910,0.2209
-0.0500,0.5356,0.2272
-0.0650,0.5771,0.2358
-0.0650,0.6157,0.2468
-0.0650,0.6426,0.2597
-0.0550,0.6665,0.2729
-0.0550,0.6785,0.2866
-0.0550,0.6843,0.3003
-0.0500,0.6814,0.3144
-0.0400,0.6694,0.3286
-0.0550,0.6545,0.3425
-0.0600,0.6367,0.3555
-0.0500,0.6128,0.3675
-0.0500,0.5891,0.3787
0.2750,0.5652,0.3894
0.3200,0.5415,0.3987
-0.1500,0.5237,0.4070
-0.0800,0.5088,0.4166
-0.0350,0.4968,0.4271
-0.0400,0.4849,0.4386
-0.0400,0.4731,0.4505
-0.0350,0.4670,0.4627
-0.0250,0.4553,0.4757
-0.0250,0.4492,0.4908
-0.0250,0.4404,0.5079
-0.0150,0.4314,0.5268
-0.0150,0.4255,0.5463
-0.0100,0.4165,0.5658
0.0000,0.4106,0.5847
0.0150,0.4016,0.6013
0.0350,0.3958,0.6162
0.0650,0.3867,0.6303
0.1050,0.3779,0.6443
0.1500,0.3718,0.6567
0.1600,0.3630,0.6685
0.1000,0.3569,0.6804
0.0250,0.3511,0.6926
-0.0250,0.3511,0.7049
-0.0450,0.3540,0.7173
-0.0500,0.3660,0.7300
-0.0500,0.3896,0.7425
-0.0500,0.4253,0.7540
-0.0450,0.4641,0.7647
-0.0450,0.5117,0.7757
0.0150,0.5593,0.7870
-0.0350,0.6128,0.7975
-0.0600,0.6606,0.8070
-0.0750,0.6992,0.8151
-0.0650,0.7349,0.8219
-0.0450,0.7617,0.8287
-0.0400,0.7766,0.8356
-0.0300,0.7856,0.8417
-0.0300,0.7886,0.8466
-0.0250,0.7825,0.8500
-0.0350,0.7676,0.8519
-0.0450,0.7498,0.8517
-0.0400,0.7290,0.8497
-0.0400,0.7080,0.8453
0.1300,0.6843,0.8390
0.4700,0.6665,0.8302
-0.0700,0.6458,0.8197
-0.1100,0.6277,0.8087
-0.0350,0.6160,0.7972
-0.0350,0.6040,0.7848
-0.0350,0.5920,0.7713
-0.0400,0.5801,0.7569
-0.0300,0.5684,0.7422
-0.0200,0.5623,0.7283
-0.0250,0.5505,0.7144
-0.0250,0.5444,0.6990
-0.0250,0.5325,0.6821
-0.0100,0.5237,0.6643
0.0000,0.5146,0.6455
0.0100,0.5029,0.6252
0.0300,0.5000,0.6035
0.0550,0.4910,0.5807
0.0900,0.4819,0.5573
0.1400,0.4731,0.5346
0.1650,0.4612,0.5123
0.1150,0.4492,0.4916
0.0350,0.4404,0.4720
-0.0250,0.4343,0.4544
-0.0500,0.4343,0.4386
-0.0650,0.4434,0.4241
-0.0650,0.4583,0.4107
-0.0650,0.4878,0.3978
-0.0650,0.5176,0.3858
-0.0600,0.5623,0.3753
-0.0450,0.6069,0.3657
-0.0250,0.6545,0.3574
-0.0550,0.6992,0.3499
-0.0700,0.7378,0.3428
-0.0650,0.7676,0.3362
-0.0600,0.7886,0.3298
-0.0500,0.8005,0.3237
-0.0500,0.8035,0.3191
-0.0450,0.8005,0.3152
-0.0450,0.7854,0.3113
-0.0400,0.7468,0.3069
-0.0550,0.7214,0.3025
-0.0550,0.6934,0.2981
-0.0500,0.6653,0.2944
0.0000,0.6345,0.2912
0.3800,0.6064,0.2868
0.0650,0.5840,0.2812
-0.1950,0.5615,0.2746
-0.0700,0.5391,0.2673
-0.0350,0.5193,0.2604
-0.0400,0.5027,0.2543
-0.0400,0.4971,0.2487
-0.0350,0.4858,0.2436
-0.0300,0.4746,0.2397
-0.0250,0.4634,0.2370
-0.0200,0.4551,0.2348
-0.0150,0.4465,0.2333
-0.0100,0.4353,0.2323
0.0000,0.4297,0.2319
0.0100,0.4185,0.2306
0.0300,0.4072,0.2284
0.0550,0.4016,0.2250
0.0950,0.3904,0.2204
0.1450,0.3792,0.2150
0.1800,0.3679,0.2091
0.1550,0.3567,0.2040
0.0750,0.3511,0.1994
0.0000,0.3428,0.1952
-0.0350,0.3372,0.1915
-0.0600,0.3398,0.1893
-0.0600,0.3540,0.1881
-0.0600,0.3735,0.1876
-0.0550,0.4016,0.1876
-0.0550,0.4382,0.1881
-0.0500,0.4802,0.1891
-0.0300,0.5137,0.1901
-0.0500,0.5530,0.1915
-0.0700,0.5867,0.1940
-0.0700,0.6121,0.1972
-0.0700,0.6316,0.2001
-0.0600,0.6401,0.2025
-0.0600,0.6428,0.2047
-0.0550,0.6372,0.2065
-0.0600,0.6260,0.2072
-0.0450,0.6091,0.2072
-0.0550,0.5896,0.2072
-0.0550,0.5671,0.2077
-0.0500,0.5447,0.2074
-0.0500,0.5361,0.2062
0.1800,0.5166,0.2047
0.3550,0.4971,0.2028
-0.1600,0.4832,0.2006
-0.1150,0.4663,0.1981
-0.0400,0.4521,0.1957
-0.0400,0.4409,0.1935
-0.0400,0.4297,0.1920
-0.0350,0.4185,0.1913
-0.0300,0.4102,0.1913
-0.0250,0.4016,0.1918
-0.0200,0.3933,0.1925
-0.0150,0.3848,0.1937
-0.0100,0.3792,0.1959
-0.0050,0.3708,0.1989
0.0000,0.3623,0.2016
0.0200,0.3540,0.2038
0.0400,0.3455,0.2038
0.0700,0.3398,0.2021
0.1100,0.3286,0.1999
0.1600,0.3203,0.1977
0.1700,0.3118,0.1964
0.1050,0.3035,0.1959
0.0250,0.2949,0.1969
-0.0250,0.2922,0.1989
-0.0500,0.2893,0.2008
-0.0650,0.2949,0.2028
-0.0650,0.3091,0.2045
-0.0650,0.3342,0.2062
-0.0600,0.3652,0.2077
-0.0550,0.4102,0.2091
-0.0400,0.4551,0.2106
-0.0350,0.4971,0.2121
-0.0550,0.5334,0.2133
-0.0700,0.5698,0.2145
-0.0650,0.5979,0.2155
-0.0600,0.6177,0.2165
-0.0550,0.6316,0.2174
-0.0500,0.6345,0.2184
-0.0500,0.6316,0.2194
-0.0450,0.6204,0.2204
-0.0450,0.6064,0.2214
-0.0500,0.5896,0.2223
-0.0500,0.5671,0.2221
-0.0500,0.5447,0.2211
0.0200,0.5222,0.2196
0.4200,0.5027,0.2177
0.0050,0.4858,0.2165
-0.1700,0.4690,0.2155
-0.0550,0.4578,0.2143
-0.0400,0.4465,0.2128
-0.0450,0.4353,0.2116
-0.0400,0.4241,0.2111
-0.0350,0.4128,0.2111
-0.0300,0.4072,0.2113
-0.0200,0.3960,0.2118
-0.0200,0.3904,0.2126
-0.0200,0.3821,0.2143
-0.0150,0.3735,0.2167
-0.0050,0.3679,0.2189
0.0050,0.3596,0.2206
0.0250,0.3511,0.2214
0.0500,0.3428,0.2211
0.0800,0.3342,0.2211
0.1250,0.3259,0.2216
0.1650,0.3174,0.2253
0.1350,0.3091,0.2314
0.0650,0.3005,0.2394
-0.0050,0.2949,0.2495
-0.0450,0.2922,0.2624
-0.0600,0.3005,0.2780
-0.0600,0.3147,0.2946
-0.0650,0.3428,0.3120
-0.0650,0.3792,0.3298
-0.0550,0.4214,0.3477
-0.0500,0.4690,0.3648
-0.0150,0.5110,0.3811
-0.0500,0.5559,0.3970
-0.0650,0.5923,0.4124
-0.0750,0.6260,0.4276
-0.0600,0.6514,0.4427
-0.0450,0.6653,0.4583
-0.0500,0.6738,0.4745
-0.0400,0.6738,0.4891
-0.0400,0.6653,0.5026
-0.0300,0.6541,0.5158
-0.0450,0.6345,0.5290
-0.0400,0.6147,0.5421
-0.0350,0.5952,0.5558
-0.0300,0.5728,0.5702
0.3350,0.5530,0.5856
0.3300,0.5361,0.6018
-0.1200,0.5193,0.6184
-0.0600,0.5027,0.6343
-0.0300,0.4971,0.6494
-0.0350,0.4858,0.6653
-0.0350,0.4775,0.6814
-0.0300,0.4690,0.6968
-0.0300,0.4607,0.7117
-0.0300,0.4551,0.7249
-0.0250,0.4465,0.7371
-0.0200,0.4438,0.7493
-0.0100,0.4409,0.7613
-0.0050,0.4353,0.7723
0.0050,0.4270,0.7826
0.0200,0.4214,0.7901
0.0400,0.4158,0.7950
0.0700,0.4072,0.7984
0.1150,0.4016,0.8009
0.1700,0.3960,0.8041
0.1700,0.3877,0.8082
0.1050,0.3792,0.8121
0.0350,0.3735,0.8158
-0.0150,0.3708,0.8204
-0.0400,0.3735,0.8253
-0.0550,0.3821,0.8287
-0.0550,0.4016,0.8309
-0.0500,0.4297,0.8322
-0.0500,0.4719,0.8322
-0.0450,0.5110,0.8307
0.0050,0.5615,0.8278
-0.0350,0.6121,0.8229
-0.0550,0.6570,0.8163
-0.0650,0.6963,0.8082
-0.0500,0.7300,0.7992
-0.0400,0.7581,0.7884
-0.0400,0.7720,0.7762
-0.0350,0.7805,0.7618
-0.0350,0.7805,0.7457
-0.0300,0.7720,0.7283
-0.0300,0.7607,0.7097
-0.0400,0.7412,0.6895
-0.0350,0.7188,0.6680
-0.0350,0.6963,0.6465
0.1800,0.6738,0.6250
0.4050,0.6514,0.6035
-0.1300,0.6289,0.5822
-0.1100,0.6091,0.5612
-0.0300,0.5981,0.5402
-0.0300,0.5862,0.5204
-0.0350,0.5742,0.5016
-0.0350,0.5623,0.4833
-0.0250,0.5505,0.4659
-0.0150,0.5386,0.4500
-0.0150,0.5325,0.4354
-0.0100,0.5208,0.4217
0.0000,0.5117,0.4090
0.0050,0.5029,0.3978
0.0100,0.4968,0.3877
0.0250,0.4849,0.3780
0.0450,0.4761,0.3679
0.0700,0.4670,0.3577
0.1150,0.4553,0.3477
0.1700,0.4434,0.3386
0.1750,0.4314,0.3306
0.1200,0.4194,0.3220
0.0350,0.4077,0.3135
-0.0200,0.3987,0.3066
-0.0450,0.3928,0.3010
-0.0600,0.3958,0.2956
-0.0600,0.4077,0.2907
-0.0600,0.4314,0.2856
-0.0500,0.4612,0.2807
-0.0550,0.4998,0.2766
-0.0350,0.5415,0.2734
-0.0200,0.5862,0.2700
-0.0550,0.6277,0.2661
-0.0700,0.6636,0.2622
-0.0700,0.6902,0.2578
-0.0600,0.7112,0.2534
-0.0550,0.7231,0.2490
-0.0500,0.7261,0.2438
-0.0450,0.7231,0.2380
-0.0400,0.7080,0.2336
-0.0400,0.6902,0.2301
-0.0450,0.6665,0.2267
-0.0450,0.6426,0.2233
-0.0500,0.6157,0.2187
0.0100,0.5891,0.2135
0.4000,0.5652,0.2077
0.0500,0.5415,0.2016
-0.1800,0.5208,0.1962
-0.0550,0.5029,0.1915
-0.0350,0.4939,0.1874
-0.0350,0.4790,0.1837
-0.0350,0.4670,0.1815
-0.0250,0.4553,0.1803
-0.0200,0.4434,0.1801
-0.0200,0.4343,0.1803
-0.0150,0.4255,0.1810
-0.0150,0.4136,0.1820
-0.0100,0.4077,0.1835
0.0000,0.4048,0.1847
0.0150,0.3958,0.1854
0.0300,0.3838,0.1852
0.0550,0.3779,0.1832
0.0950,0.3660,0.1803
0.1450,0.3540,0.1774
0.1800,0.3420,0.1747
0.1450,0.3362,0.1722
0.0650,0.3342,0.1700
0.0000,0.3230,0.1688
-0.0500,0.3147,0.1686
-0.0600,0.3091,0.1688
-0.0650,0.3118,0.1696
-0.0600,0.3230,0.1698
-0.0600,0.3428,0.1696
-0.0600,0.3735,0.1698
-0.0600,0.4102,0.1705
-0.0300,0.4495,0.1718
-0.0500,0.4915,0.1732
-0.0700,0.5249,0.1749
-0.0700,0.5586,0.1769
-0.0650,0.5840,0.1788
-0.0550,0.6035,0.1808
-0.0500,0.6147,0.1837
-0.0450,0.6177,0.1874
-0.0450,0.6147,0.1908
-0.0350,0.6035,0.1937
-0.0500,0.5896,0.1962
-0.0450,0.5698,0.1984
-0.0450,0.5503,0.1996
-0.0500,0.5278,0.1996
0.2150,0.5054,0.1989
0.3400,0.4888,0.1979
-0.1650,0.4719,0.1972
-0.1050,0.4551,0.1972
-0.0350,0.4409,0.1964
-0.0400,0.4297,0.1955
-0.0350,0.4185,0.1947
-0.0350,0.4072,0.1947
-0.0300,0.3960,0.1952
-0.0250,0.3904,0.1959
-0.0200,0.3821,0.1981
-0.0150,0.3735,0.2011
-0.0150,0.3679,0.2035
-0.0100,0.3596,0.2057
0.0050,0.3511,0.2067
0.0200,0.3455,0.2067
0.0450,0.3342,0.2060
0.0750,0.3286,0.2043
0.1100,0.3174,0.2016
0.1550,0.3118,0.1979
0.1650,0.3005,0.1952
0.1050,0.2922,0.1937
0.0300,0.2837,0.1930
-0.0200,0.2781,0.1933
-0.0500,0.2781,0.1947
-0.0600,0.2866,0.1972
-0.0650,0.3035,0.1994
-0.0600,0.3286,0.2016
-0.0650,0.3652,0.2045
-0.0600,0.4102,0.2079
-0.0500,0.4551,0.2111
-0.0450,0.4971,0.2138
-0.0700,0.5391,0.2170
-0.0750,0.5754,0.2204
-0.0700,0.6064,0.2223
-0.0600,0.6260,0.2231
-0.0600,0.6401,0.2236
-0.0550,0.6458,0.2240
-0.0550,0.6428,0.2248
-0.0450,0.6372,0.2255
-0.0450,0.6204,0.2262
-0.0550,0.6008,0.2270
-0.0500,0.5840,0.2267
-0.0500,0.5615,0.2255
0.0500,0.5391,0.2238
0.4300,0.5166,0.2218
-0.0400,0.5027,0.2214
-0.1600,0.4858,0.2226
-0.0550,0.4719,0.2255
-0.0350,0.4578,0.2301
-0.0400,0.4465,0.2360
-0.0400,0.4353,0.2429
-0.0350,0.4297,0.2526
-0.0350,0.4185,0.2648
-0.0300,0.4128,0.2785
-0.0250,0.4045,0.2934
-0.0200,0.3960,0.3083
-0.0200,0.3904,0.3232
-0.0100,0.3821,0.3391
0.0050,0.3735,0.3555
0.0200,0.3679,0.3704
0.0350,0.3567,0.3841
0.0700,0.3511,0.3978
0.1200,0.3398,0.4114
0.1550,0.3342,0.4251
0.1250,0.3230,0.4388
0.0450,0.3174,0.4515
-0.0150,0.3118,0.4635
-0.0500,0.3091,0.4757
-0.0550,0.3174,0.4884
-0.0650,0.3315,0.5011
-0.0600,0.3511,0.5143
-0.0550,0.3848,0.5275
-0.0550,0.4241,0.5409
-0.0500,0.4663,0.5553
-0.0300,0.5083,0.5707
-0.0650,0.5503,0.5866
-0.0850,0.5923,0.6032
-0.0800,0.6260,0.6201
-0.0700,0.6514,0.6372
-0.0600,0.6682,0.6533
-0.0600,0.6794,0.6687
-0.0500,0.6794,0.6836
-0.0500,0.6794,0.6980
-0.0450,0.6765,0.7119
-0.0500,0.6626,0.7254
-0.0500,0.6458,0.7378
-0.0450,0.6289,0.7491
-0.0300,0.6064,0.7596
0.3750,0.5896,0.7694
0.2750,0.5698,0.7786
-0.1300,0.5530,0.7874
-0.0650,0.5361,0.7960
-0.0450,0.5249,0.8041
-0.0500,0.5137,0.8111
-0.0450,0.5054,0.8172
-0.0450,0.5000,0.8236
-0.0400,0.4971,0.8302
-0.0300,0.4915,0.8370
-0.0300,0.4858,0.8439
-0.0300,0.4775,0.8495
-0.0300,0.4702,0.8544
-0.0250,0.4641,0.8566
-0.0150,0.4553,0.8563
0.0000,0.4492,0.8534
0.0200,0.4434,0.8483
0.0500,0.4373,0.8405
0.1000,0.4285,0.8302
0.1550,0.4226,0.8172
0.1450,0.4136,0.8023
0.0750,0.4077,0.7870
0.0050,0.3987,0.7713
-0.0400,0.3928,0.7552
-0.0650,0.3928,0.7388
-0.0700,0.4016,0.7215
-0.0700,0.4165,0.7032
-0.0700,0.4434,0.6841
-0.0650,0.4819,0.6645
-0.0600,0.5176,0.6445
-0.0250,0.5652,0.6245
-0.0500,0.6128,0.6052
-0.0700,0.6606,0.5869
-0.0800,0.6992,0.5690
-0.0700,0.7349,0.5517
-0.0600,0.7617,0.5346
-0.0650,0.7766,0.5180
-0.0550,0.7886,0.5013
-0.0550,0.7915,0.4852
-0.0450,0.7825,0.4703
-0.0550,0.7708,0.4564
-0.0500,0.7498,0.4432
-0.0450,0.7261,0.4307
-0.0500,0.7021,0.4197
0.1900,0.6785,0.4100
0.3500,0.6545,0.4002
-0.1650,0.6277,0.3907
-0.1100,0.6069,0.3828
-0.0400,0.5830,0.3765
-0.0400,0.5684,0.3694
-0.0400,0.5505,0.3618
-0.0350,0.5415,0.3557
-0.0300,0.5325,0.3508
-0.0300,0.5208,0.3460
-0.0250,0.5088,0.3411
-0.0200,0.5029,0.3362
-0.0150,0.4968,0.3311
-0.0050,0.4849,0.3249
0.0100,0.4790,0.3179
0.0200,0.4670,0.3100
0.0450,0.4553,0.3015
0.0800,0.4492,0.2917
0.1200,0.4373,0.2810
0.1650,0.4255,0.2702
0.1750,0.4136,0.2602
0.1150,0.4016,0.2514
0.0350,0.3928,0.2441
-0.0200,0.3838,0.2385
-0.0450,0.3779,0.2343
-0.0550,0.3779,0.2316
-0.0550,0.3896,0.2294
-0.0550,0.4045,0.2270
-0.0550,0.4314,0.2245
-0.0550,0.4670,0.2228
-0.0400,0.5054,0.2214
-0.0250,0.5417,0.2196
-0.0550,0.5811,0.2177
-0.0700,0.6147,0.2165
-0.0600,0.6401,0.2157
-0.0550,0.6597,0.2155
-0.0500,0.6709,0.2155
-0.0450,0.6738,0.2148
-0.0450,0.6709,0.2133
-0.0400,0.6597,0.2113
-0.0350,0.6428,0.2094
-0.0500,0.6233,0.2079
-0.0450,0.6008,0.2069
-0.0400,0.5784,0.2057
0.0250,0.5530,0.2040
0.4150,0.5305,0.2008
0.0350,0.5110,0.1969
-0.1750,0.4971,0.1930
-0.0550,0.4802,0.1896
-0.0300,0.4634,0.1864
-0.0350,0.4521,0.1835
-0.0350,0.4409,0.1818
-0.0250,0.4297,0.1810
-0.0250,0.4185,0.1808
-0.0200,0.4128,0.1813
-0.0150,0.4016,0.1823
-0.0100,0.3960,0.1835
0.0000,0.3877,0.1857
0.0000,0.3821,0.1889
0.0150,0.3735,0.1908
0.0350,0.3679,0.1913
0.0600,0.3567,0.1903
0.1000,0.3511,0.1879
0.1450,0.3398,0.1854
0.1800,0.3342,0.1830
0.1450,0.3230,0.1806
0.0650,0.3118,0.1781
-0.0050,0.3062,0.1769
-0.0450,0.2979,0.1766
-0.0600,0.2979,0.1779
-0.0600,0.3062,0.1803
-0.0600,0.3203,0.1828
-0.0650,0.3455,0.1852
-0.0550,0.3792,0.1874
-0.0600,0.4185,0.1896
-0.0350,0.4607,0.1928
-0.0500,0.4998,0.1964
-0.0700,0.5334,0.1996
-0.0700,0.5642,0.2025
-0.0650,0.5867,0.2050
-0.0600,0.6035,0.2072
-0.0550,0.6091,0.2091
-0.0500,0.6091,0.2108
-0.0500,0.6035,0.2111
-0.0400,0.5896,0.2106
-0.0550,0.5728,0.2094
-0.0550,0.5559,0.2079
-0.0500,0.5334,0.2069
-0.0500,0.5110,0.2062
0.2400,0.4971,0.2043
0.3050,0.4775,0.2013
-0.1750,0.4607,0.1991
-0.0950,0.4434,0.1979
-0.0400,0.4314,0.1972
-0.0450,0.4194,0.1972
-0.0400,0.4077,0.1977
-0.0350,0.3958,0.1984
-0.0300,0.3896,0.1994
-0.0250,0.3809,0.2003
-0.0250,0.3718,0.2013
-0.0200,0.3660,0.2028
-0.0200,0.3569,0.2050
-0.0150,0.3481,0.2079
0.0000,0.3420,0.2096
0.0150,0.3362,0.2099
0.0400,0.3303,0.2084
0.0700,0.3213,0.2055
0.1100,0.3123,0.2025
0.1500,0.3064,0.1996
0.1600,0.2944,0.1967
0.0950,0.2886,0.1940
0.0250,0.2827,0.1923
-0.0300,0.2798,0.1915
-0.0550,0.2886,0.1925
-0.0650,0.3005,0.1945
-0.0650,0.3242,0.1964
-0.0600,0.3540,0.1984
-0.0600,0.3987,0.2011
-0.0600,0.4463,0.2047
-0.0450,0.4910,0.2089
-0.0450,0.5356,0.2133
-0.0650,0.5801,0.2179
-0.0700,0.6157,0.2228
-0.0700,0.6426,0.2287
-0.0700,0.6575,0.2355
-0.0650,0.6694,0.2441
-0.0600,0.6726,0.2543
-0.0550,0.6665,0.2666
-0.0450,0.6636,0.2805
-0.0500,0.6516,0.2956
-0.0650,0.6338,0.3118
-0.0550,0.6128,0.3274
-0.0600,0.5891,0.3430
0.0700,0.5652,0.3594
0.4500,0.5444,0.3760
-0.0500,0.5237,0.3924
-0.1400,0.5059,0.4085
-0.0500,0.4968,0.4249
-0.0450,0.4849,0.4417
-0.0400,0.4731,0.4569
-0.0450,0.4641,0.4706
-0.0300,0.4553,0.4830
-0.0200,0.4463,0.4947
0.0050,0.4373,0.5067
0.0100,0.4314,0.5189
-0.0050,0.4255,0.5316
-0.0100,0.4165,0.5443
0.0000,0.4077,0.5563
0.0050,0.4016,0.5673
0.0350,0.3958,0.5778
0.0600,0.3867,0.5876
0.0750,0.3779,0.5959
0.1200,0.3718,0.6032
0.1550,0.3630,0.6106
0.1200,0.3569,0.6184
0.0450,0.3481,0.6274
-0.0200,0.3452,0.6374
-0.0450,0.3452,0.6479
-0.0550,0.3511,0.6594
-0.0600,0.3660,0.6721
-0.0600,0.3896,0.6858
-0.0550,0.4253,0.6985
-0.0550,0.4641,0.7102
-0.0250,0.5117,0.7220
-0.0100,0.5593,0.7339
-0.0500,0.6069,0.7449
-0.0700,0.6516,0.7552
-0.0700,0.6873,0.7647
-0.0550,0.7200,0.7740
-0.0500,0.7410,0.7828
-0.0450,0.7559,0.7916
-0.0350,0.7617,0.8011
-0.0350,0.7588,0.8109
-0.0200,0.7527,0.8204
-0.0350,0.7349,0.8292
-0.0350,0.7200,0.8356
-0.0300,0.6963,0.8397
0.0050,0.6785,0.8412
0.4350,0.6575,0.8405
0.1850,0.6367,0.8373
-0.1400,0.6218,0.8319
-0.0500,0.6069,0.8238
-0.0350,0.5952,0.8136
-0.0400,0.5862,0.8019
-0.0400,0.5742,0.7889
-0.0350,0.5654,0.7750
-0.0250,0.5564,0.7606
-0.0200,0.5505,0.7454
-0.0250,0.5415,0.7300
-0.0250,0.5325,0.7144
-0.0150,0.5266,0.6985
-0.0150,0.5178,0.6814
-0.0050,0.5088,0.6631
0.0150,0.5000,0.6430
0.0350,0.4968,0.6215
0.0700,0.4849,0.5991
0.1150,0.4731,0.5761
0.1650,0.4670,0.5546
0.1450,0.4553,0.5346
0.0750,0.4463,0.5165
0.0000,0.4404,0.5001
-0.0450,0.4343,0.4852
-0.0600,0.4373,0.4713
-0.0650,0.4492,0.4591
-0.0700,0.4700,0.4486
-0.0650,0.4939,0.4390
-0.0600,0.5295,0.4305
-0.0600,0.5713,0.4217
-0.0200,0.6189,0.4127
-0.0450,0.6665,0.4053
-0.0700,0.7051,0.3995
-0.0700,0.7407,0.3929
-0.0600,0.7676,0.3853
-0.0550,0.7854,0.3782
-0.0550,0.7944,0.3714
-0.0500,0.7976,0.3650
-0.0450,0.7886,0.3589
-0.0350,0.7737,0.3530
-0.0450,0.7498,0.3472
-0.0450,0.7229,0.3406
-0.0400,0.6931,0.3330
-0.0450,0.6636,0.3249
0.2300,0.6338,0.3159
0.3200,0.6069,0.3059
-0.1700,0.5830,0.2946
-0.1000,0.5593,0.2837
-0.0300,0.5415,0.2729
-0.0350,0.5237,0.2626
-0.0300,0.5088,0.2529
-0.0300,0.5000,0.2433
-0.0300,0.4910,0.2343
-0.0250,0.4790,0.2275
-0.0200,0.4702,0.2223
-0.0200,0.4612,0.2179
-0.0100,0.4524,0.2138
-0.0050,0.4434,0.2099
0.0100,0.4343,0.2062
0.0300,0.4255,0.2028
0.0550,0.4136,0.1994
0.0850,0.4048,0.1952
0.1350,0.3958,0.1903
0.1800,0.3838,0.1849
0.1750,0.3718,0.1793
0.1100,0.3660,0.1754
0.0300,0.3540,0.1732
-0.0250,0.3481,0.1720
-0.0500,0.3452,0.1718
-0.0650,0.3481,0.1722
-0.0600,0.3628,0.1732
-0.0550,0.3867,0.1735
-0.0600,0.4194,0.1730
-0.0550,0.4551,0.1732
-0.0400,0.4968,0.1740
-0.0250,0.5325,0.1749
-0.0500,0.5742,0.1764
-0.0600,0.6040,0.1779
-0.0600,0.6277,0.1798
-0.0550,0.6458,0.1818
-0.0500,0.6516,0.1837
-0.0450,0.6516,0.1857
-0.0400,0.6458,0.1876
-0.0350,0.6428,0.1896
-0.0350,0.6396,0.1913
-0.0450,0.6218,0.1920
-0.0350,0.6011,0.1918
-0.0400,0.5801,0.1911
0.0400,0.5593,0.1898
0.4300,0.5354,0.1884
0.0050,0.5117,0.1864
-0.1650,0.4968,0.1845
-0.0400,0.4790,0.1825
-0.0300,0.4612,0.1806
-0.0300,0.4492,0.1786
-0.0350,0.4373,0.1774
-0.0250,0.4255,0.1771
-0.0200,0.4136,0.1774
-0.0200,0.4077,0.1784
-0.0100,0.3987,0.1806
-0.0050,0.3960,0.1837
0.0050,0.3877,0.1867
0.0100,0.3821,0.1891
0.0250,0.3735,0.1893
0.0450,0.3679,0.1876
0.0700,0.3596,0.1847
0.1100,0.3511,0.1808
0.1500,0.3455,0.1774
0.1900,0.3342,0.1744
0.1600,0.3286,0.1727
0.0750,0.3174,0.1720
0.0000,0.3118,0.1720
-0.0400,0.3035,0.1727
-0.0500,0.3005,0.1737
-0.0550,0.3005,0.1752
-0.0550,0.3118,0.1766
-0.0500,0.3259,0.1784
-0.0450,0.3511,0.1810
-0.0500,0.3848,0.1847
-0.0200,0.4270,0.1891
-0.0400,0.4690,0.1940
-0.0600,0.5083,0.1991
-0.0600,0.5417,0.2043
-0.0550,0.5754,0.2084
-0.0450,0.6008,0.2118
-0.0400,0.6147,0.2148
-0.0350,0.6233,0.2172
-0.0350,0.6260,0.2192
-0.0250,0.6204,0.2209
-0.0400,0.6064,0.2214
-0.0350,0.5896,0.2206
-0.0400,0.5728,0.2194
-0.0350,0.5503,0.2177
0.2850,0.5278,0.2155
0.2800,0.5054,0.2130
-0.1700,0.4944,0.2106
-0.0700,0.4775,0.2079
-0.0300,0.4634,0.2062
-0.0350,0.4521,0.2052
-0.0300,0.4409,0.2047
-0.0300,0.4297,0.2050
-0.0250,0.4241,0.2062
-0.0200,0.4158,0.2086
-0.0150,0.4102,0.2118
-0.0100,0.4016,0.2155
-0.0050,0.3960,0.2187
0.0050,0.3904,0.2211
0.0150,0.3821,0.2231
0.0300,0.3821,0.2245
0.0500,0.3735,0.2240
0.0750,0.3679,0.2218
0.1150,0.3596,0.2201
0.1600,0.3511,0.2192
0.1650,0.3455,0.2187
0.1000,0.3342,0.2189
0.0200,0.3286,0.2221
-0.0300,0.3203,0.2282
-0.0450,0.3147,0.2372
-0.0550,0.3118,0.2485
-0.0550,0.3147,0.2617
-0.0550,0.3230,0.2768
-0.0550,0.3428,0.2951
-0.0550,0.3735,0.3157
-0.0200,0.4102,0.3381
-0.0300,0.4551,0.3623
-0.0500,0.4971,0.3863
-0.0650,0.5391,0.4102
-0.0600,0.5784,0.4342
-0.0500,0.6147,0.4579
-0.0500,0.6401,0.4794
-0.0450,0.6597,0.4991
-0.0400,0.6709,0.5175
-0.0350,0.6738,0.5346
-0.0400,0.6709,0.5497
-0.0450,0.6597,0.5632
-0.0350,0.6458,0.5756
-0.0450,0.6260,0.5871
0.1250,0.6064,0.5976
0.4900,0.5840,0.6076
-0.0400,0.5642,0.6172
-0.1000,0.5474,0.6267
-0.0300,0.5305,0.6367
-0.0350,0.5193,0.6477
-0.0350,0.5081,0.6589
-0.0350,0.5000,0.6707
-0.0300,0.4915,0.6829
-0.0300,0.4858,0.6951
-0.0300,0.4775,0.7073
-0.0300,0.4719,0.7198
-0.0250,0.4634,0.7312
-0.0150,0.4578,0.7418
-0.0050,0.4521,0.7515
0.0050,0.4465,0.7606
0.0200,0.4409,0.7684
0.0450,0.4353,0.7750
0.0850,0.4270,0.7806
0.1300,0.4214,0.7860
0.1600,0.4128,0.7916
0.1200,0.4072,0.7975
0.0450,0.3989,0.8026
-0.0150,0.3933,0.8075
-0.0450,0.3877,0.8126
-0.0550,0.3877,0.8185
-0.0600,0.3904,0.8236
-0.0550,0.4045,0.8280
-0.0550,0.4270,0.8319
-0.0600,0.4607,0.8356
-0.0350,0.4971,0.8390
-0.0300,0.5417,0.8417
-0.0600,0.5896,0.8424
-0.0750,0.6401,0.8412
-0.0600,0.6821,0.8363
-0.0550,0.7214,0.8285
-0.0450,0.7495,0.8187
-0.0450,0.7720,0.8072
-0.0300,0.7888,0.7943
-0.0350,0.7917,0.7806
-0.0300,0.7917,0.7662
-0.0450,0.7832,0.7510
-0.0450,0.7693,0.7344
-0.0550,0.7524,0.7166
0.0200,0.7300,0.6983
0.4200,0.7200,0.6790
0.0050,0.7021,0.6592
-0.1800,0.6753,0.6391
-0.0650,0.6516,0.6198
-0.0500,0.6306,0.6015
-0.0500,0.6099,0.5837
-0.0550,0.5950,0.5666
-0.0500,0.5801,0.5519
-0.0450,0.5684,0.5392
-0.0350,0.5564,0.5282
-0.0350,0.5444,0.5182
-0.0250,0.5356,0.5092
-0.0250,0.5266,0.5009
-0.0150,0.5178,0.4921
-0.0050,0.5088,0.4828
0.0150,0.5000,0.4732
0.0500,0.4968,0.4632
0.0850,0.4849,0.4522
0.1350,0.4761,0.4400
0.1700,0.4670,0.4283
0.1400,0.4553,0.4168
0.0650,0.4434,0.4068
-0.0050,0.4314,0.3978
-0.0450,0.4255,0.3885
-0.0600,0.4194,0.3792
-0.0650,0.4194,0.3706
-0.0600,0.4255,0.3628
-0.0600,0.4434,0.3545
-0.0600,0.4700,0.3457
-0.0600,0.5027,0.3376
-0.0200,0.5415,0.3303
-0.0450,0.5891,0.3235
-0.0700,0.6309,0.3171
-0.0700,0.6724,0.3100
-0.0650,0.7051,0.3022
-0.0550,0.7319,0.2939
-0.0600,0.7468,0.2851
-0.0500,0.7588,0.2773
-0.0500,0.7559,0.2700
-0.0450,0.7468,0.2624
-0.0500,0.7349,0.2546
-0.0500,0.7141,0.2475
-0.0450,0.6902,0.2411
-0.0400,0.6636,0.2343
0.2450,0.6338,0.2272
0.3050,0.6069,0.2199
-0.1700,0.5801,0.2126
-0.0850,0.5535,0.2065
-0.0250,0.5354,0.2008
-0.0300,0.5176,0.1962
-0.0350,0.5029,0.1920
-0.0300,0.4968,0.1881
-0.0200,0.4849,0.1849
-0.0150,0.4731,0.1828
-0.0150,0.4670,0.1815
0.0000,0.4553,0.1803
0.0050,0.4463,0.1788
0.0150,0.4373,0.1781
0.0150,0.4285,0.1781
0.0300,0.4194,0.1779
0.0600,0.4106,0.1766
0.0900,0.4016,0.1744
0.1350,0.3960,0.1713
0.1800,0.3848,0.1683
0.1800,0.3735,0.1656
0.1100,0.3623,0.1644
0.0350,0.3511,0.1642
-0.0150,0.3455,0.1644
-0.0450,0.3372,0.1656
-0.0550,0.3372,0.1691
-0.0550,0.3398,0.1742
-0.0550,0.3540,0.1788
-0.0450,0.3765,0.1828
-0.0450,0.4072,0.1871
-0.0300,0.4438,0.1920
-0.0250,0.4832,0.1974
-0.0500,0.5193,0.2025
-0.0600,0.5586,0.2067
-0.0550,0.5923,0.2104
-0.0500,0.6177,0.2133
-0.0400,0.6345,0.2157
-0.0350,0.6428,0.2177
-0.0350,0.6458,0.2194
-0.0350,0.6401,0.2209
-0.0400,0.6260,0.2221
-0.0500,0.6121,0.2211
-0.0350,0.5952,0.2184
-0.0400,0.5728,0.2145
0.0550,0.5503,0.2096
0.4400,0.5334,0.2040
-0.0250,0.5110,0.1981
-0.1500,0.4971,0.1930
-0.0400,0.4858,0.1886
-0.0300,0.4746,0.1847
-0.0350,0.4578,0.1813
-0.0300,0.4495,0.1791
-0.0300,0.4409,0.1781
-0.0300,0.4297,0.1791
-0.0250,0.4241,0.1813
-0.0150,0.4128,0.1845
-0.0100,0.4072,0.1884
-0.0100,0.4016,0.1918
0.0000,0.3933,0.1947
0.0150,0.3848,0.1974
0.0350,0.3792,0.1996
0.0600,0.3708,0.2008
0.1000,0.3623,0.2008
0.1450,0.3540,0.2001
0.1750,0.3455,0.1989
0.1350,0.3372,0.1974
0.0550,0.3286,0.1957
-0.0050,0.3203,0.1945
-0.0400,0.3147,0.1942
-0.0550,0.3147,0.1955
-0.0600,0.3203,0.1977
-0.0550,0.3342,0.1999
-0.0550,0.3567,0.2021
-0.0450,0.3877,0.2050
-0.0450,0.4270,0.2086
-0.0200,0.4690,0.2126
-0.0500,0.5083,0.2167
-0.0650,0.5474,0.2204
-0.0650,0.5867,0.2231
-0.0650,0.6147,0.2243
-0.0550,0.6372,0.2248
-0.0450,0.6484,0.2260
-0.0400,0.6570,0.2280
-0.0450,0.6541,0.2297
-0.0350,0.6428,0.2309
-0.0500,0.6316,0.2311
-0.0450,0.6121,0.2304
-0.0400,0.5896,0.2299
-0.0350,0.5671,0.2297
0.3050,0.5447,0.2277
0.2300,0.5278,0.2243
-0.1800,0.5054,0.2216
-0.0750,0.4971,0.2199
-0.0350,0.4802,0.2189
-0.0400,0.4690,0.2187
-0.0350,0.4578,0.2206
-0.0300,0.4495,0.2245
-0.0250,0.4409,0.2309
-0.0200,0.4326,0.2392
-0.0150,0.4270,0.2502
-0.0150,0.4185,0.2631
-0.0100,0.4128,0.2763
-0.0050,0.4045,0.2903
0.0050,0.3989,0.3052
0.0200,0.3904,0.3208
0.0350,0.3848,0.3352
0.0700,0.3735,0.3489
0.1150,0.3679,0.3633
0.1600,0.3567,0.3792
0.1600,0.3511,0.3968
0.1000,0.3428,0.4156
0.0300,0.3372,0.4346
-0.0250,0.3315,0.4537
-0.0450,0.3315,0.4737
-0.0500,0.3342,0.4943
-0.0500,0.3484,0.5145
-0.0450,0.3735,0.5343
-0.0450,0.4045,0.5527
-0.0400,0.4438,0.5695
0.0050,0.4888,0.5834
-0.0250,0.5278,0.5952
-0.0450,0.5728,0.6059
-0.0600,0.6091,0.6162
-0.0500,0.6428,0.6259
-0.0400,0.6682,0.6355
-0.0400,0.6851,0.6455
-0.0400,0.6934,0.6562
-0.0300,0.6963,0.6665
-0.0200,0.6877,0.6763
-0.0300,0.6765,0.6856
-0.0350,0.6626,0.6948
-0.0300,0.6458,0.7046
-0.0350,0.6233,0.7149
0.1750,0.6064,0.7249
0.5000,0.5867,0.7344
-0.0500,0.5698,0.7432
-0.0800,0.5530,0.7518
-0.0250,0.5417,0.7591
-0.0350,0.5305,0.7655
-0.0350,0.5193,0.7720
-0.0400,0.5110,0.7789
-0.0300,0.5027,0.7857
-0.0250,0.5000,0.7931
-0.0200,0.4968,0.8004
-0.0150,0.4880,0.8077
-0.0100,0.4819,0.8151
0.0000,0.4761,0.8221
0.0050,0.4702,0.8270
0.0150,0.4641,0.8302
0.0300,0.4583,0.8300
0.0550,0.4492,0.8270
0.0950,0.4434,0.8216
0.1450,0.4343,0.8148
0.1700,0.4255,0.8055
0.1250,0.4165,0.7945
0.0450,0.4106,0.7833
-0.0100,0.4048,0.7718
-0.0400,0.4077,0.7593
-0.0500,0.4165,0.7457
-0.0500,0.4343,0.7303
-0.0500,0.4612,0.7134
-0.0450,0.4939,0.6968
-0.0400,0.5356,0.6802
-0.0200,0.5833,0.6636
-0.0150,0.6309,0.6470
-0.0400,0.6753,0.6303
-0.0550,0.7170,0.6140
-0.0450,0.7498,0.5986
-0.0450,0.7737,0.5844
-0.0350,0.7944,0.5722
-0.0400,0.8035,0.5612
-0.0350,0.8035,0.5505
-0.0350,0.7944,0.5397
-0.0350,0.7825,0.5290
-0.0450,0.7646,0.5182
-0.0400,0.7407,0.5075
-0.0400,0.7141,0.4967
0.0450,0.6814,0.4860
0.4350,0.6545,0.4750
-0.0050,0.6248,0.4630
-0.1600,0.6011,0.4500
-0.0450,0.5801,0.4366
-0.0300,0.5593,0.4227
-0.0350,0.5444,0.4095
-0.0350,0.5266,0.3970
-0.0250,0.5146,0.3863
-0.0250,0.5088,0.3767
-0.0250,0.5000,0.3682
-0.0200,0.4939,0.3604
-0.0100,0.4849,0.3521
-0.0050,0.4731,0.3433
0.0000,0.4670,0.3342
0.0150,0.4612,0.3249
0.0300,0.4524,0.3154
0.0600,0.4434,0.3056
0.1000,0.4343,0.2946
0.1450,0.4255,0.2829
0.1800,0.4136,0.2719
0.1400,0.4016,0.2614
0.0600,0.3958,0.2524
-0.0100,0.3838,0.2446
-0.0400,0.3750,0.2377
-0.0550,0.3689,0.2316
-0.0600,0.3689,0.2262
-0.0600,0.3809,0.2216
-0.0600,0.3987,0.2179
-0.0600,0.4314,0.2157
-0.0550,0.4670,0.2140
-0.0200,0.5059,0.2133
-0.0550,0.5444,0.2130
-0.0700,0.5862,0.2130
-0.0750,0.6189,0.2123
-0.0650,0.6426,0.2108
-0.0650,0.6636,0.2101
-0.0600,0.6726,0.2096
-0.0500,0.6726,0.2089
-0.0500,0.6694,0.2074
-0.0450,0.6575,0.2067
-0.0500,0.6367,0.2062
-0.0550,0.6189,0.2052
-0.0500,0.5950,0.2038
-0.0500,0.5681,0.2030
0.2450,0.5415,0.2025
0.2850,0.5176,0.2018
-0.1850,0.5029,0.2003
-0.0950,0.4849,0.1986
-0.0350,0.4700,0.1967
-0.0400,0.4553,0.1945
-0.0350,0.4434,0.1923
-0.0350,0.4314,0.1911
-0.0250,0.4194,0.1906
-0.0200,0.4077,0.1906
-0.0200,0.3958,0.1911
-0.0150,0.3896,0.1918
-0.0050,0.3779,0.1928
0.0000,0.3718,0.1930
0.0150,0.3630,0.1923
0.0300,0.3540,0.1901
0.0550,0.3452,0.1869
0.0900,0.3362,0.1828
0.1300,0.3242,0.1779
0.1750,0.3184,0.1725
0.1750,0.3064,0.1674
0.1050,0.2944,0.1639
0.0250,0.2886,0.1620
-0.0300,0.2798,0.1620
-0.0500,0.2737,0.1637
-0.0600,0.2766,0.1656
-0.0650,0.2886,0.1681
-0.0600,0.3035,0.1703
-0.0550,0.3333,0.1727
-0.0550,0.3689,0.1759
-0.0400,0.4136,0.1801
-0.0350,0.4583,0.1847
-0.0550,0.4939,0.1898
-0.0700,0.5266,0.1952
-0.0650,0.5535,0.2006
-0.0600,0.5771,0.2050
-0.0550,0.5891,0.2086
-0.0450,0.5952,0.2126
-0.0400,0.5891,0.2167
-0.0400,0.5801,0.2192
-0.0450,0.5652,0.2204
-0.0450,0.5444,0.2214
-0.0450,0.5237,0.2218
-0.0450,0.5029,0.2204
0.0650,0.4849,0.2177
0.4400,0.4641,0.2148
-0.0500,0.4463,0.2118
-0.1500,0.4285,0.2086
-0.0350,0.4136,0.2057
-0.0350,0.4016,0.2035
-0.0400,0.3896,0.2023
-0.0350,0.3779,0.2018
-0.0300,0.3660,0.2018
-0.0300,0.3599,0.2023
-0.0200,0.3511,0.2028
-0.0200,0.3420,0.2038
-0.0150,0.3362,0.2047
-0.0050,0.3303,0.2057
0.0050,0.3213,0.2067
0.0150,0.3154,0.2069
0.0350,0.3064,0.2062
0.0600,0.3005,0.2050
0.0950,0.2944,0.2033
0.1400,0.2856,0.2001
0.1700,0.2827,0.1962
0.1300,0.2798,0.1935
0.0550,0.2766,0.1918
-0.0050,0.2737,0.1911
-0.0400,0.2798,0.1908
-0.0550,0.2856,0.1911
-0.0600,0.3005,0.1918
-0.0650,0.3242,0.1940
-0.0600,0.3599,0.1972
-0.0600,0.3987,0.2008
-0.0600,0.4463,0.2050
-0.0350,0.4910,0.2094
-0.0550,0.5295,0.2143
-0.0750,0.5681,0.2192
-0.0750,0.6011,0.2240
-0.0700,0.6218,0.2289
-0.0600,0.6396,0.2341
-0.0650,0.6428,0.2402
-0.0550,0.6428,0.2473
-0.0600,0.6367,0.2560
-0.0450,0.6338,0.2661
-0.0600,0.6160,0.2771
-0.0600,0.5950,0.2890
-0.0550,0.5742,0.3015
-0.0450,0.5535,0.3144
0.3400,0.5295,0.3276
0.2200,0.5059,0.3413
-0.1700,0.4910,0.3550
-0.0700,0.4731,0.3687
-0.0350,0.4583,0.3824
-0.0450,0.4434,0.3968
-0.0400,0.4314,0.4141
-0.0400,0.4255,0.4342
-0.0300,0.4136,0.4549
-0.0300,0.4077,0.4767
-0.0300,0.4016,0.4987
-0.0250,0.3928,0.5209
-0.0200,0.3867,0.5421
-0.0150,0.3779,0.5627
-0.0100,0.3718,0.5805
0.0000,0.3660,0.5959
0.0250,0.3569,0.6086
0.0550,0.3481,0.6191
0.0950,0.3420,0.6279
0.1450,0.3333,0.6355
0.1400,0.3242,0.6430
0.0750,0.3184,0.6509
0.0050,0.3123,0.6587
-0.0400,0.3093,0.6665
-0.0600,0.3093,0.6743
-0.0700,0.3123,0.6824
-0.0700,0.3303,0.6914
-0.0650,0.3540,0.7012
-0.0650,0.3928,0.7107
-0.0600,0.4404,0.7200
-0.0050,0.4880,0.7288
-0.0500,0.5295,0.7374
-0.0750,0.5742,0.7457
-0.0850,0.6157,0.7540
-0.0750,0.6516,0.7623
-0.0600,0.6785,0.7701
-0.0600,0.6963,0.7779
-0.0500,0.7083,0.7857
-0.0500,0.7141,0.7935
-0.0400,0.7083,0.8014
-0.0500,0.6992,0.8092
-0.0500,0.6814,0.8168
-0.0400,0.6636,0.8231
-0.0450,0.6426,0.8285
0.2050,0.6248,0.8322
0.4550,0.6040,0.8344
-0.1000,0.5862,0.8356
-0.0950,0.5684,0.8356
-0.0450,0.5564,0.8329
-0.0450,0.5444,0.8280
-0.0450,0.5325,0.8216
-0.0450,0.5237,0.8136
-0.0350,0.5146,0.8038
-0.0300,0.5088,0.7923
-0.0300,0.5029,0.7806
-0.0300,0.5000,0.7686
-0.0200,0.4939,0.7557
-0.0150,0.4849,0.7418
-0.0100,0.4790,0.7261
0.0000,0.4702,0.7093
0.0200,0.4612,0.6914
0.0500,0.4524,0.6729
0.0900,0.4434,0.6545
0.1400,0.4373,0.6367
0.1650,0.4255,0.6203
0.1100,0.4165,0.6054
0.0250,0.4077,0.5925
-0.0300,0.4016,0.5810
-0.0600,0.3987,0.5698
-0.0650,0.4016,0.5585
-0.0700,0.4165,0.5473
-0.0700,0.4402,0.5363
-0.0650,0.4729,0.5263
-0.0600,0.5088,0.5172
-0.0350,0.5474,0.5079
-0.0300,0.5950,0.4982
-0.0600,0.6367,0.4884
-0.0800,0.6753,0.4781
-0.0700,0.7051,0.4667
-0.0550,0.7319,0.4544
-0.0550,0.7468,0.4425
-0.0500,0.7559,0.4307
-0.0450,0.7559,0.4183
-0.0400,0.7468,0.4051
-0.0450,0.7349,0.3926
-0.0500,0.7141,0.3806
-0.0500,0.6902,0.3689
-0.0450,0.6665,0.3577
0.0500,0.6426,0.3469
0.4250,0.6189,0.3362
-0.0400,0.5981,0.3254
-0.1650,0.5801,0.3149
-0.0450,0.5623,0.3059
-0.0350,0.5444,0.2976
-0.0350,0.5325,0.2900
-0.0350,0.5208,0.2832
-0.0250,0.5088,0.2768
-0.0250,0.5000,0.2707
-0.0200,0.4939,0.2648
-0.0150,0.4849,0.2590
-0.0100,0.4731,0.2526
0.0000,0.4641,0.2458
0.0050,0.4553,0.2397
0.0250,0.4434,0.2338
0.0400,0.4343,0.2277
0.0700,0.4255,0.2209
0.1100,0.4136,0.2140
0.1550,0.4016,0.2069
0.1850,0.3896,0.1999
0.1400,0.3779,0.1930
0.0500,0.3660,0.1881
-0.0100,0.3599,0.1849
-0.0450,0.3511,0.1820
-0.0550,0.3511,0.1793
-0.0600,0.3599,0.1776
-0.0600,0.3718,0.1769
-0.0550,0.3987,0.1771
-0.0550,0.4314,0.1779
-0.0550,0.4670,0.1788
-0.0250,0.5059,0.1803
-0.0450,0.5386,0.1828
-0.0650,0.5742,0.1862
-0.0650,0.6011,0.1891
-0.0650,0.6218,0.1918
-0.0550,0.6338,0.1942
-0.0500,0.6367,0.1967
-0.0450,0.6367,0.1986
-0.0500,0.6338,0.2006
-0.0400,0.6218,0.2025
-0.0550,0.6069,0.2043
-0.0500,0.5862,0.2047
-0.0450,0.5652,0.2045
-0.0400,0.5415,0.2035
0.2700,0.5176,0.2018
0.2650,0.4968,0.1989
-0.1900,0.4819,0.1950
-0.0900,0.4612,0.1913
-0.0300,0.4463,0.1879
-0.0350,0.4314,0.1849
-0.0350,0.4194,0.1823
-0.0300,0.4106,0.1806
-0.0200,0.4016,0.1798
-0.0150,0.3928,0.1796
-0.0100,0.3838,0.1801
-0.0100,0.3779,0.1810
-0.0050,0.3689,0.1823
0.0050,0.3599,0.1837
0.0150,0.3540,0.1852
0.0300,0.3452,0.1859
0.0500,0.3362,0.1857
0.0850,0.3303,0.1837
0.1300,0.3213,0.1808
0.1750,0.3123,0.1779
0.1700,0.3035,0.1752
0.0950,0.2944,0.1737
0.0200,0.2856,0.1732
-0.0300,0.2798,0.1735
-0.0500,0.2766,0.1742
-0.0550,0.2798,0.1752
-0.0550,0.2886,0.1766
-0.0550,0.3093,0.1781
-0.0500,0.3420,0.1801
-0.0500,0.3777,0.1820
-0.0350,0.4224,0.1840
-0.0350,0.4700,0.1867
-0.0550,0.5088,0.1901
-0.0700,0.5444,0.1933
-0.0600,0.5771,0.1962
-0.0600,0.5981,0.1999
-0.0550,0.6130,0.2038
-0.0500,0.6189,0.2072
-0.0400,0.6189,0.2101
-0.0450,0.6099,0.2126
-0.0450,0.5981,0.2145
-0.0500,0.5801,0.2165
-0.0500,0.5593,0.2179
-0.0550,0.5386,0.2182
0.0850,0.5176,0.2174
0.4300,0.4968,0.2150
-0.0800,0.4819,0.2113
-0.1500,0.4641,0.2079
-0.0450,0.4492,0.2045
-0.0400,0.4373,0.2011
-0.0400,0.4255,0.1981
-0.0350,0.4136,0.1972
-0.0350,0.4048,0.1979
-0.0250,0.3958,0.1989
-0.0150,0.3896,0.2001
-0.0150,0.3809,0.2016
-0.0100,0.3750,0.2030
-0.0050,0.3660,0.2043
0.0000,0.3599,0.2055
0.0150,0.3540,0.2057
0.0350,0.3452,0.2050
0.0600,0.3391,0.2038
0.0950,0.3303,0.2023
0.1450,0.3242,0.2003
0.1750,0.3154,0.1986
0.1300,0.3064,0.1984
0.0500,0.3005,0.1999
-0.0100,0.2915,0.2033
-0.0400,0.2886,0.2086
-0.0550,0.2944,0.2160
-0.0650,0.3064,0.2253
-0.0650,0.3271,0.2370
-0.0650,0.3599,0.2507
-0.0600,0.3987,0.2668
-0.0600,0.4404,0.2849
-0.0350,0.4880,0.3042
-0.0600,0.5295,0.3249
-0.0800,0.5713,0.3462
-0.0750,0.6040,0.3682
-0.0650,0.6306,0.3907
-0.0600,0.6458,0.4136
-0.0650,0.6575,0.4366
-0.0550,0.6606,0.4596
-0.0500,0.6575,0.4818
-0.0450,0.6458,0.5033
-0.0550,0.6306,0.5250
-0.0500,0.6128,0.5468
-0.0450,0.5920,0.5668
-0.0200,0.5713,0.5854
0.4000,0.5505,0.6027
0.2100,0.5295,0.6189
-0.1450,0.5117,0.6333
-0.0600,0.5000,0.6462
-0.0350,0.4910,0.6582
-0.0450,0.4790,0.6692
-0.0400,0.4670,0.6792
-0.0350,0.4612,0.6890
-0.0350,0.4524,0.6983
-0.0250,0.4463,0.7071
-0.0250,0.4404,0.7146
-0.0200,0.4314,0.7212
-0.0150,0.4255,0.7269
-0.0100,0.4226,0.7317
-0.0050,0.4165,0.7374
0.0100,0.4106,0.7432
0.0350,0.4048,0.7476
0.0650,0.3987,0.7505
0.1050,0.3896,0.7545
0.1500,0.3838,0.7591
0.1450,0.3779,0.7635
0.0750,0.3718,0.7677
-0.0050,0.3660,0.7735
-0.0400,0.3630,0.7808
-0.0650,0.3689,0.7884
-0.0700,0.3809,0.7960
-0.0700,0.3987,0.8036
-0.0600,0.4314,0.8111
-0.0550,0.4729,0.8187
-0.0500,0.5117,0.8260
0.0100,0.5623,0.8324
-0.0500,0.6128,0.8375
-0.0700,0.6545,0.8400
-0.0800,0.6931,0.8400
-0.0650,0.7261,0.8373
-0.0450,0.7468,0.8324
-0.0500,0.7646,0.8258
-0.0400,0.7678,0.8177
-0.0350,0.7678,0.8080
-0.0250,0.7588,0.7962
-0.0400,0.7468,0.7833
-0.0400,0.7319,0.7694
-0.0350,0.7112,0.7549
-0.0300,0.6902,0.7400
0.2600,0.6694,0.7247
0.3400,0.6487,0.7090
-0.1600,0.6306,0.6931
-0.0900,0.6160,0.6773
-0.0250,0.5981,0.6636
-0.0300,0.5862,0.6516
-0.0300,0.5742,0.6409
-0.0350,0.5623,0.6311
-0.0250,0.5535,0.6211
-0.0250,0.5444,0.6108
-0.0200,0.5356,0.6003
-0.0200,0.5266,0.5895
-0.0100,0.5208,0.5788
-0.0100,0.5088,0.5678
0.0000,0.5000,0.5558
0.0150,0.4968,0.5426
0.0350,0.4880,0.5268
0.0650,0.4790,0.5087
0.1150,0.4670,0.4886
0.1600,0.4583,0.4676
0.1650,0.4492,0.4478
0.1000,0.4373,0.4290
0.0250,0.4285,0.4119
-0.0250,0.4226,0.3968
-0.0550,0.4194,0.3836
-0.0650,0.4255,0.3721
-0.0650,0.4402,0.3613
-0.0650,0.4641,0.3508
-0.0600,0.4939,0.3413
-0.0600,0.5029,0.3328
-0.0450,0.5356,0.3252
-0.0400,0.5801,0.3181
-0.0600,0.6218,0.3127
-0.0800,0.6575,0.3083
-0.0650,0.6931,0.3039
-0.0600,0.7170,0.2993
-0.0550,0.7349,0.2944
-0.0550,0.7439,0.2895
-0.0450,0.7439,0.2834
-0.0450,0.7349,0.2766
-0.0450,0.7231,0.2690
-0.0500,0.7021,0.2612
-0.0500,0.6843,0.2541
-0.0500,0.6604,0.2475
0.0600,0.6367,0.2407
0.4250,0.6128,0.2333
-0.0500,0.5891,0.2260
-0.1650,0.5684,0.2182
-0.0450,0.5505,0.2108
-0.0350,0.5325,0.2033
-0.0350,0.5208,0.1972
-0.0300,0.5088,0.1918
-0.0200,0.5000,0.1881
-0.0200,0.4910,0.1859
-0.0150,0.4790,0.1847
-0.0100,0.4731,0.1845
-0.0050,0.4612,0.1847
0.0050,0.4553,0.1854
0.0150,0.4463,0.1864
0.0250,0.4373,0.1871
0.0450,0.4285,0.1864
0.0800,0.4241,0.1842
0.1200,0.4128,0.1818
0.1650,0.4072,0.1793
0.1900,0.3960,0.1769
0.1450,0.3848,0.1749
0.0600,0.3735,0.1730
-0.0050,0.3652,0.1710
-0.0450,0.3596,0.1698
-0.0550,0.3540,0.1696
-0.0600,0.3596,0.1700
-0.0600,0.3708,0.1713
-0.0600,0.3933,0.1735
-0.0550,0.4214,0.1769
-0.0550,0.4578,0.1801
-0.0300,0.4944,0.1830
-0.0550,0.5278,0.1867
-0.0700,0.5642,0.1908
-0.0700,0.5923,0.1955
-0.0650,0.6147,0.2003
-0.0550,0.6316,0.2045
-0.0600,0.6372,0.2079
-0.0450,0.6372,0.2108
-0.0450,0.6316,0.2130
-0.0350,0.6233,0.2140
-0.0500,0.6147,0.2138
-0.0500,0.6008,0.2130
-0.0500,0.5840,0.2113
-0.0400,0.5615,0.2084
0.2800,0.5391,0.2045
0.2450,0.5166,0.2006
-0.1950,0.5027,0.1972
-0.0900,0.4888,0.1937
-0.0400,0.4719,0.1906
-0.0400,0.4578,0.1889
-0.0400,0.4465,0.1881
-0.0250,0.4353,0.1889
-0.0250,0.4297,0.1908
-0.0250,0.4185,0.1928
-0.0150,0.4128,0.1950
-0.0100,0.4045,0.1977
-0.0100,0.3989,0.2011
-0.0100,0.3904,0.2043
0.0050,0.3848,0.2069
0.0200,0.3792,0.2082
0.0450,0.3708,0.2082
0.0800,0.3652,0.2062
0.1200,0.3567,0.2033
0.1650,0.3484,0.2011
0.1650,0.3398,0.1999
0.0950,0.3342,0.1984
0.0200,0.3230,0.1967
-0.0300,0.3174,0.1955
-0.0550,0.3147,0.1952
-0.0600,0.3147,0.1952
-0.0600,0.3203,0.1957
-0.0550,0.3342,0.1964
-0.0550,0.3596,0.1977
-0.0600,0.3904,0.1999
-0.0400,0.4297,0.2028
-0.0450,0.4719,0.2055
-0.0600,0.5083,0.2079
-0.0700,0.5474,0.2111
-0.0650,0.5811,0.2148
-0.0650,0.6064,0.2189
-0.0600,0.6260,0.2231
-0.0550,0.6372,0.2265
-0.0500,0.6401,0.2292
-0.0450,0.6372,0.2314
-0.0500,0.6316,0.2331
-0.0600,0.6147,0.2345
-0.0500,0.5952,0.2358
-0.0550,0.5728,0.2358
0.0900,0.5503,0.2345
0.4200,0.5278,0.2328
-0.0950,0.5110,0.2306
-0.1450,0.4971,0.2280
-0.0400,0.4858,0.2253
-0.0400,0.4746,0.2231
-0.0400,0.4690,0.2218
-0.0350,0.4607,0.2221
-0.0300,0.4521,0.2238
-0.0200,0.4465,0.2272
-0.0200,0.4409,0.2323
-0.0150,0.4326,0.2385
-0.0100,0.4241,0.2453
-0.0100,0.4128,0.2538
-0.0050,0.4045,0.2639
0.0050,0.3960,0.2749
0.0250,0.3848,0.2868
0.0500,0.3765,0.2993
0.0900,0.3679,0.3122
0.1350,0.3623,0.3254
0.1650,0.3540,0.3391
0.1250,0.3484,0.3550
0.0450,0.3428,0.3731
-0.0150,0.3372,0.3936
-0.0450,0.3372,0.4158
-0.0550,0.3372,0.4386
-0.0600,0.3455,0.4618
-0.0600,0.3596,0.4860
-0.0600,0.3821,0.5109
-0.0600,0.4128,0.5358
-0.0300,0.4551,0.5600
-0.0200,0.4915,0.5832
-0.0550,0.5334,0.6049
-0.0750,0.5754,0.6247
-0.0650,0.6147,0.6430
-0.0550,0.6428,0.6599
-0.0500,0.6682,0.6755
-0.0500,0.6821,0.6885
-0.0400,0.6877,0.6992
-0.0400,0.6877,0.7080
-0.0300,0.6821,0.7156
-0.0450,0.6682,0.7220
-0.0400,0.6541,0.7276
-0.0400,0.6345,0.7325
0.0050,0.6177,0.7369
0.4450,0.5979,0.7408
0.1900,0.5811,0.7447
-0.1300,0.5642,0.7481
-0.0500,0.5530,0.7515
-0.0400,0.5417,0.7559
-0.0450,0.5305,0.7611
-0.0400,0.5222,0.7667
-0.0350,0.5146,0.7730
-0.0300,0.5088,0.7796
-0.0300,0.5000,0.7865
-0.0250,0.5000,0.7933
-0.0200,0.4939,0.8004
-0.0100,0.4880,0.8065
0.0000,0.4819,0.8116
0.0100,0.4761,0.8163
0.0250,0.4702,0.8204
0.0350,0.4641,0.8231
0.0650,0.4583,0.8243
0.1100,0.4524,0.8238
0.1600,0.4434,0.8214
0.1450,0.4373,0.8158
0.0750,0.4314,0.8077
0.0000,0.4255,0.7987
-0.0400,0.4226,0.7889
-0.0600,0.4226,0.7786
-0.0600,0.4314,0.7677
-0.0600,0.4521,0.7557
-0.0600,0.4790,0.7425
-0.0550,0.5117,0.7298
-0.0550,0.5593,0.7173
-0.0150,0.6069,0.7063
-0.0550,0.6545,0.6963
-0.0700,0.6992,0.6870
-0.0700,0.7407,0.6782
-0.0550,0.7705,0.6689
-0.0500,0.7974,0.6592
-0.0450,0.8123,0.6489
-0.0400,0.8213,0.6384
-0.0400,0.8213,0.6277
-0.0300,0.8184,0.6167
-0.0450,0.8123,0.6047
-0.0400,0.7915,0.5917
-0.0300,0.7676,0.5783
-0.0300,0.7439,0.5639
0.2800,0.7141,0.5483
0.2850,0.6873,0.5314
-0.1800,0.6604,0.5136
-0.0850,0.6367,0.4952
-0.0300,0.6128,0.4786
-0.0300,0.5920,0.4632
-0.0350,0.5742,0.4481
-0.0300,0.5564,0.4329
-0.0250,0.5444,0.4197
-0.0200,0.5325,0.4085
-0.0150,0.5208,0.3985
-0.0100,0.5088,0.3894
-0.0050,0.5000,0.3814
0.0000,0.4968,0.3738
0.0100,0.4880,0.3645
0.0300,0.4790,0.3540
0.0500,0.4731,0.3438
0.0850,0.4641,0.3333
0.1300,0.4553,0.3218
0.1800,0.4463,0.3096
0.1750,0.4373,0.2978
0.1000,0.4255,0.2863
0.0200,0.4194,0.2753
-0.0300,0.4077,0.2648
-0.0550,0.3987,0.2558
-0.0600,0.3987,0.2477
-0.0650,0.4016,0.2407
-0.0600,0.4136,0.2345
-0.0550,0.4343,0.2289
-0.0600,0.4670,0.2243
-0.0350,0.5027,0.2206
-0.0300,0.5415,0.2182
-0.0600,0.5833,0.2157
-0.0700,0.6218,0.2128
-0.0650,0.6575,0.2099
-0.0550,0.6843,0.2072
-0.0500,0.6992,0.2055
-0.0450,0.7083,0.2043
-0.0450,0.7112,0.2028
-0.0400,0.7051,0.2011
-0.0450,0.6934,0.1999
-0.0500,0.6785,0.1994
-0.0500,0.6545,0.1984
-0.0450,0.6306,0.1967
0.0600,0.6069,0.1940
0.4250,0.5830,0.1901
-0.0500,0.5593,0.1867
-0.1600,0.5415,0.1832
-0.0450,0.5237,0.1791
-0.0400,0.5088,0.1747
-0.0350,0.4968,0.1718
-0.0350,0.4849,0.1700
-0.0300,0.4731,0.1693
-0.0250,0.4670,0.1696
-0.0200,0.4553,0.1703
-0.0150,0.4434,0.1715
-0.0100,0.4373,0.1730
-0.0050,0.4255,0.1744
0.0050,0.4194,0.1764
0.0200,0.4077,0.1781
0.0350,0.4016,0.1779
0.0650,0.3896,0.1762
0.1050,0.3838,0.1742
0.1550,0.3718,0.1722
0.1850,0.3660,0.1703
0.1350,0.3540,0.1683
0.0550,0.3452,0.1676
-0.0100,0.3362,0.1676
-0.0450,0.3303,0.1681
-0.0550,0.3274,0.1691
-0.0600,0.3274,0.1705
-0.0650,0.3362,0.1720
-0.0600,0.3569,0.1740
-0.0600,0.3867,0.1759
-0.0550,0.4224,0.1791
-0.0300,0.4641,0.1830
-0.0500,0.5027,0.1864
-0.0700,0.5415,0.1893
-0.0700,0.5771,0.1930
-0.0600,0.6069,0.1972
-0.0550,0.6277,0.2008
-0.0550,0.6396,0.2040
-0.0450,0.6487,0.2065
-0.0450,0.6458,0.2086
-0.0400,0.6396,0.2106
-0.0500,0.6248,0.2126
-0.0450,0.6069,0.2140
-0.0500,0.5862,0.2152
-0.0350,0.5652,0.2155
0.3050,0.5415,0.2148
0.2200,0.5176,0.2135
-0.1900,0.5000,0.2118
-0.0800,0.4849,0.2099
-0.0350,0.4700,0.2077
-0.0400,0.4553,0.2060
-0.0350,0.4434,0.2052
-0.0300,0.4373,0.2050
-0.0250,0.4255,0.2052
-0.0200,0.4194,0.2057
-0.0150,0.4136,0.2065
-0.0150,0.4048,0.2082
-0.0050,0.3958,0.2108
0.0000,0.3896,0.2133
0.0100,0.3838,0.2150
0.0300,0.3750,0.2145
0.0500,0.3660,0.2123
0.0800,0.3599,0.2099
0.1200,0.3481,0.2074
0.1750,0.3420,0.2047
0.1700,0.3333,0.2021
0.0900,0.3242,0.2003
0.0150,0.3184,0.1994
-0.0300,0.3123,0.1981
-0.0550,0.3093,0.1967
-0.0650,0.3123,0.1967
-0.0650,0.3242,0.1981
-0.0600,0.3450,0.1996
-0.0550,0.3718,0.2011
-0.0550,0.4136,0.2025
-0.0400,0.4583,0.2043
-0.0400,0.4968,0.2069
-0.0600,0.5415,0.2101
-0.0600,0.5801,0.2128
-0.0600,0.6128,0.2152
-0.0500,0.6367,0.2172
-0.0500,0.6516,0.2192
-0.0450,0.6606,0.2218
-0.0450,0.6606,0.2250
-0.0350,0.6545,0.2297
-0.0450,0.6426,0.2358
-0.0450,0.6248,0.2436
-0.0450,0.6069,0.2531
-0.0450,0.5830,0.2636
0.1350,0.5593,0.2751
0.4350,0.5415,0.2863
-0.1000,0.5208,0.2971
-0.1200,0.5029,0.3086
-0.0400,0.4968,0.3210
-0.0350,0.4790,0.3350
-0.0400,0.4702,0.3504
-0.0350,0.4612,0.3675
-0.0250,0.4524,0.3863
-0.0250,0.4434,0.4053
-0.0250,0.4373,0.4244
-0.0150,0.4314,0.4442
-0.0100,0.4226,0.4649
-0.0100,0.4165,0.4864
0.0000,0.4077,0.5084
0.0150,0.4016,0.5297
0.0250,0.3928,0.5500
0.0500,0.3838,0.5688
0.0850,0.3779,0.5866
0.1400,0.3689,0.6042
0.1650,0.3599,0.6218
0.1200,0.3540,0.6387
0.0450,0.3452,0.6545
-0.0100,0.3391,0.6697
-0.0400,0.3391,0.6843
-0.0500,0.3481,0.6985
-0.0550,0.3599,0.7122
-0.0550,0.3838,0.7234
-0.0550,0.4194,0.7330
-0.0500,0.4612,0.7418
-0.0150,0.5027,0.7501
-0.0200,0.5535,0.7564
-0.0550,0.5979,0.7608
-0.0700,0.6396,0.7647
-0.0600,0.6753,0.7681
-0.0550,0.7080,0.7716
-0.0400,0.7261,0.7750
-0.0400,0.7380,0.7791
-0.0350,0.7439,0.7840
-0.0350,0.7410,0.7884
-0.0300,0.7349,0.7926
-0.0350,0.7261,0.7965
-0.0300,0.7112,0.7999
-0.0300,0.6934,0.8033
0.0350,0.6724,0.8063
0.4900,0.6516,0.8092
0.1500,0.6338,0.8121
-0.1100,0.6160,0.8151
-0.0350,0.5981,0.8177
-0.0350,0.5862,0.8194
-0.0400,0.5742,0.8199
-0.0400,0.5623,0.8187
-0.0350,0.5535,0.8160
-0.0250,0.5444,0.8124
-0.0200,0.5356,0.8077
-0.0200,0.5266,0.8016
-0.0100,0.5208,0.7940
-0.0050,0.5146,0.7855
0.0050,0.5088,0.7760
0.0150,0.5000,0.7647
0.0300,0.4968,0.7525
0.0500,0.4910,0.7403
0.0800,0.4819,0.7281
0.1350,0.4731,0.7149
0.1750,0.4641,0.7012
0.1550,0.4553,0.6878
0.0700,0.4434,0.6748
0.0050,0.4373,0.6621
-0.0350,0.4285,0.6496
-0.0500,0.4285,0.6365
-0.0600,0.4314,0.6225
-0.0550,0.4463,0.6081
-0.0500,0.4729,0.5932
-0.0500,0.5027,0.5768
-0.0450,0.5415,0.5597
-0.0100,0.5891,0.5439
-0.0400,0.6367,0.5290
-0.0550,0.6814,0.5140
-0.0600,0.7229,0.4991
-0.0500,0.7556,0.4852
-0.0400,0.7795,0.4715
-0.0400,0.7944,0.4579
-0.0300,0.8035,0.4437
-0.0350,0.8035,0.4302
-0.0250,0.7976,0.4175
-0.0450,0.7825,0.4053
-0.0400,0.7588,0.3936
-0.0350,0.7319,0.3824
-0.0300,0.7021,0.3711
0.3000,0.6724,0.3604
0.2600,0.6426,0.3494
-0.1800,0.6128,0.3374
-0.0750,0.5891,0.3252
-0.0200,0.5684,0.3144
-0.0300,0.5505,0.3049
-0.0300,0.5325,0.2964
-0.0300,0.5208,0.2888
-0.0200,0.5088,0.2819
-0.0150,0.5000,0.2753
-0.0050,0.4939,0.2692
0.0000,0.4849,0.2634
0.0000,0.4790,0.2580
0.0100,0.4670,0.2529
0.0250,0.4612,0.2480
0.0400,0.4492,0.2429
0.0600,0.4434,0.2360
0.1000,0.4314,0.2280
0.1450,0.4194,0.2196
0.1900,0.4136,0.2116
0.1850,0.4016,0.2050
0.1050,0.3896,0.1994
0.0300,0.3779,0.1942
-0.0200,0.3689,0.1898
-0.0450,0.3630,0.1859
-0.0500,0.3630,0.1825
-0.0500,0.3718,0.1793
-0.0500,0.3867,0.1766
-0.0500,0.4136,0.1749
-0.0450,0.4492,0.1744
-0.0250,0.4880,0.1754
-0.0300,0.5237,0.1779
-0.0450,0.5623,0.1803
-0.0550,0.5979,0.1828
-0.0500,0.6248,0.1847
-0.0450,0.6458,0.1867
-0.0400,0.6575,0.1886
-0.0400,0.6665,0.1906
-0.0350,0.6606,0.1925
-0.0300,0.6516,0.1945
-0.0350,0.6367,0.1964
-0.0400,0.6189,0.1981
-0.0350,0.5950,0.1989
-0.0350,0.5713,0.1984
0.0800,0.5474,0.1964
0.4350,0.5237,0.1933
-0.0650,0.5059,0.1891
-0.1450,0.4939,0.1845
-0.0350,0.4761,0.1810
-0.0250,0.4612,0.1791
-0.0250,0.4492,0.1771
-0.0250,0.4373,0.1752
-0.0200,0.4285,0.1744
-0.0200,0.4194,0.1742
-0.0150,0.4106,0.1747
-0.0100,0.4016,0.1759
-0.0050,0.3928,0.1781
-0.0050,0.3838,0.1813
0.0100,0.3779,0.1842
0.0250,0.3689,0.1869
0.0450,0.3599,0.1884
0.0700,0.3540,0.1886
0.1100,0.3420,0.1871
0.1600,0.3362,0.1847
0.1800,0.3242,0.1830
0.1350,0.3184,0.1823
0.0500,0.3064,0.1823
-0.0100,0.3005,0.1828
-0.0400,0.2976,0.1837
-0.0500,0.2976,0.1847
-0.0600,0.3064,0.1862
-0.0600,0.3213,0.1876
-0.0550,0.3479,0.1891
-0.0550,0.3838,0.1908
-0.0500,0.4224,0.1935
-0.0250,0.4670,0.1972
-0.0450,0.5088,0.2013
-0.0650,0.5444,0.2057
-0.0600,0.5771,0.2094
-0.0550,0.6040,0.2123
-0.0500,0.6218,0.2148
-0.0550,0.6309,0.2170
-0.0450,0.6309,0.2189
-0.0500,0.6277,0.2204
-0.0350,0.6189,0.2218
-0.0550,0.6128,0.2231
-0.0500,0.5950,0.2231
-0.0500,0.5771,0.2223
-0.0300,0.5535,0.2206
0.3350,0.5325,0.2187
0.2000,0.5117,0.2174
-0.1800,0.4968,0.2167
-0.0650,0.4790,0.2165
-0.0300,0.4670,0.2165
-0.0300,0.4492,0.2167
-0.0350,0.4404,0.2172
-0.0300,0.4314,0.2177
-0.0250,0.4194,0.2184
-0.0200,0.4136,0.2194
-0.0150,0.4016,0.2201
-0.0050,0.3958,0.2209
0.0000,0.3867,0.2218
0.0000,0.3779,0.2226
0.0150,0.3718,0.2233
0.0300,0.3660,0.2231
0.0550,0.3569,0.2218
0.0850,0.3481,0.2201
0.1250,0.3420,0.2182
0.1650,0.3333,0.2157
0.1600,0.3242,0.2133
0.0800,0.3184,0.2104
0.0100,0.3093,0.2077
-0.0350,0.3035,0.2067
-0.0550,0.3091,0.2077
-0.0600,0.3118,0.2108
-0.0550,0.3230,0.2157
-0.0600,0.3372,0.2231
-0.0550,0.3679,0.2321
-0.0550,0.4045,0.2433
-0.0300,0.4495,0.2568
-0.0450,0.4915,0.2727
-0.0650,0.5278,0.2905
-0.0750,0.5698,0.3086
-0.0650,0.6035,0.3274
-0.0550,0.6289,0.3472
-0.0550,0.6484,0.3677
-0.0500,0.6597,0.3880
-0.0450,0.6626,0.4083
-0.0400,0.6570,0.4290
-0.0500,0.6484,0.4505
-0.0550,0.6345,0.4715
-0.0450,0.6177,0.4918
-0.0500,0.6008,0.5118
0.1650,0.5811,0.5314
0.4500,0.5615,0.5507
-0.0950,0.5447,0.5698
-0.0950,0.5278,0.5888
-0.0350,0.5137,0.6074
-0.0350,0.5027,0.6259
-0.0350,0.4971,0.6445
-0.0350,0.4858,0.6626
-0.0300,0.4775,0.6809
-0.0250,0.4690,0.6978
-0.0200,0.4634,0.7137
-0.0150,0.4578,0.7278
-0.0150,0.4495,0.7403
-0.0100,0.4438,0.7518
-0.0050,0.4382,0.7620
0.0050,0.4297,0.7696
0.0250,0.4241,0.7750
0.0550,0.4185,0.7796
0.0900,0.4128,0.7838
0.1400,0.4045,0.7865
0.1650,0.3989,0.7882
0.1150,0.3904,0.7901
0.0350,0.3848,0.7921
-0.0150,0.3792,0.7933
-0.0450,0.3765,0.7938
-0.0550,0.3821,0.7957
-0.0550,0.3933,0.7989
-0.0500,0.4158,0.8019
-0.0500,0.4465,0.8048
-0.0450,0.4832,0.8077
-0.0100,0.5222,0.8107
-0.0200,0.5728,0.8146
-0.0500,0.6177,0.8190
-0.0700,0.6597,0.8221
-0.0650,0.6990,0.8238
-0.0500,0.7271,0.8248
-0.0450,0.7495,0.8248
-0.0450,0.7664,0.8221
-0.0350,0.7720,0.8172
-0.0350,0.7720,0.8107
-0.0300,0.7693,0.8028
-0.0400,0.7607,0.7950
-0.0350,0.7617,0.7874
-0.0400,0.7439,0.7789
0.0600,0.7261,0.7696
0.4700,0.7021,0.7598
0.0050,0.6814,0.7496
-0.1450,0.6604,0.7388
-0.0450,0.6426,0.7281
-0.0350,0.6218,0.7168
-0.0400,0.6040,0.7054
-0.0300,0.5862,0.6929
-0.0300,0.5742,0.6795
-0.0250,0.5623,0.6655
-0.0250,0.5505,0.6509
-0.0200,0.5386,0.6360
-0.0150,0.5325,0.6206
-0.0100,0.5208,0.6040
-0.0050,0.5146,0.5861
0.0100,0.5059,0.5678
0.0300,0.5000,0.5487
0.0500,0.4939,0.5294
0.0850,0.4849,0.5097
0.1350,0.4761,0.4896
0.1650,0.4670,0.4696
0.1350,0.4553,0.4508
0.0500,0.4434,0.4327
-0.0150,0.4343,0.4163
-0.0500,0.4255,0.4014
-0.0650,0.4226,0.3875
-0.0700,0.4226,0.3745
-0.0700,0.4314,0.3621
-0.0650,0.4492,0.3504
-0.0600,0.4790,0.3401
-0.0600,0.5088,0.3308
-0.0250,0.5474,0.3215
-0.0550,0.5950,0.3122
-0.0800,0.6367,0.3049
-0.0800,0.6753,0.2988
-0.0700,0.7112,0.2922
-0.0650,0.7349,0.2849
-0.0600,0.7527,0.2780
-0.0550,0.7617,0.2714
-0.0500,0.7617,0.2653
-0.0450,0.7559,0.2592
-0.0550,0.7410,0.2516
-0.0600,0.7261,0.2429
-0.0550,0.6992,0.2341
-0.0400,0.6694,0.2253
0.2900,0.6396,0.2170
0.2150,0.6128,0.2086
-0.2000,0.5830,0.2008
-0.0850,0.5593,0.1933
-0.0400,0.5415,0.1869
-0.0400,0.5208,0.1815
-0.0400,0.5088,0.1769
-0.0350,0.5000,0.1732
-0.0300,0.4910,0.1708
-0.0250,0.4790,0.1696
-0.0250,0.4670,0.1693
-0.0150,0.4583,0.1698
-0.0100,0.4492,0.1696
-0.0050,0.4373,0.1691
0.0050,0.4314,0.1681
0.0250,0.4241,0.1669
0.0500,0.4185,0.1644
0.0900,0.4072,0.1610
0.1350,0.3960,0.1571
0.1800,0.3904,0.1527
0.1600,0.3792,0.1490
0.0850,0.3679,0.1459
0.0100,0.3567,0.1444
-0.0400,0.3511,0.1441
-0.0650,0.3428,0.1446
-0.0700,0.3428,0.1459
-0.0700,0.3484,0.1476
-0.0700,0.3623,0.1495
-0.0700,0.3821,0.1517
-0.0700,0.4128,0.1542
-0.0500,0.4521,0.1566
-0.0450,0.4915,0.1593
-0.0700,0.5249,0.1630
-0.0750,0.5586,0.1671
-0.0750,0.5923,0.1700
-0.0700,0.6177,0.1718
-0.0600,0.6316,0.1735
-0.0600,0.6401,0.1754
-0.0550,0.6401,0.1774
-0.0500,0.6345,0.1793
-0.0500,0.6233,0.1813
-0.0550,0.6064,0.1832
-0.0550,0.5896,0.1840
-0.0600,0.5671,0.1842
0.0800,0.5447,0.1837
0.4100,0.5249,0.1828
-0.0950,0.5054,0.1815
-0.1550,0.4944,0.1801
-0.0400,0.4802,0.1793
-0.0400,0.4690,0.1793
-0.0400,0.4578,0.1798
-0.0350,0.4465,0.1808
-0.0300,0.4353,0.1820
-0.0300,0.4270,0.1835
-0.0200,0.4185,0.1862
-0.0100,0.4102,0.1896
-0.0100,0.4016,0.1925
-0.0050,0.3960,0.1952
0.0000,0.3877,0.1964
0.0200,0.3821,0.1967
0.0350,0.3735,0.1962
0.0700,0.3679,0.1952
0.1050,0.3596,0.1937
0.1550,0.3511,0.1918
0.1800,0.3455,0.1898
0.1300,0.3372,0.1879
0.0500,0.3286,0.1867
-0.0100,0.3230,0.1864
-0.0500,0.3174,0.1867
-0.0550,0.3174,0.1874
-0.0600,0.3230,0.1884
-0.0550,0.3372,0.1896
-0.0550,0.3623,0.1920
-0.0550,0.3933,0.1952
-0.0500,0.4326,0.1981
-0.0200,0.4719,0.2008
-0.0450,0.5110,0.2040
-0.0600,0.5535,0.2079
-0.0550,0.5920,0.2123
-0.0500,0.6189,0.2167
-0.0450,0.6396,0.2204
-0.0500,0.6545,0.2231
-0.0400,0.6606,0.2245
-0.0400,0.6575,0.2248
-0.0300,0.6487,0.2250
-0.0450,0.6458,0.2253
-0.0450,0.6306,0.2245
-0.0400,0.6128,0.2233
-0.0150,0.5891,0.2214
0.3700,0.5652,0.2192
0.1650,0.5444,0.2167
-0.1800,0.5237,0.2138
-0.0650,0.5059,0.2108
-0.0300,0.4968,0.2082
-0.0300,0.4790,0.2072
-0.0300,0.4670,0.2079
-0.0250,0.4583,0.2089
-0.0250,0.4492,0.2101
-0.0150,0.4373,0.2123
-0.0150,0.4314,0.2155
-0.0100,0.4226,0.2201
-0.0050,0.4136,0.2262
0.0000,0.4077,0.2341
0.0100,0.3987,0.2429
0.0250,0.3896,0.2509
0.0400,0.3838,0.2585
0.0750,0.3718,0.2663
0.1200,0.3660,0.2751
0.1700,0.3540,0.2861
0.1550,0.3481,0.2993
0.0850,0.3362,0.3147
0.0100,0.3303,0.3323
-0.0300,0.3213,0.3513
-0.0450,0.3154,0.3719
-0.0550,0.3184,0.3943
-0.0600,0.3242,0.4180
-0.0600,0.3450,0.4420
-0.0500,0.3718,0.4659
-0.0500,0.4075,0.4906
-0.0100,0.4521,0.5160
-0.0350,0.4968,0.5412
-0.0600,0.5415,0.5658
-0.0650,0.5833,0.5891
-0.0550,0.6218,0.6110
-0.0400,0.6545,0.6311
-0.0450,0.6785,0.6494
-0.0350,0.6934,0.6675
-0.0350,0.7021,0.6856
-0.0300,0.7021,0.7024
-0.0400,0.6934,0.7183
-0.0450,0.6785,0.7337
-0.0400,0.6604,0.7481
-0.0450,0.6426,0.7611
0.2100,0.6189,0.7728
0.4550,0.6011,0.7835
-0.0900,0.5801,0.7935
-0.0800,0.5623,0.8031
-0.0300,0.5474,0.8121
-0.0350,0.5325,0.8207
-0.0350,0.5208,0.8287
-0.0350,0.5146,0.8358
-0.0300,0.5059,0.8419
-0.0250,0.5000,0.8471
-0.0250,0.4968,0.8512
-0.0250,0.4910,0.8541
-0.0200,0.4849,0.8559
-0.0100,0.4761,0.8578
-0.0100,0.4702,0.8595
0.0100,0.4641,0.8602
0.0300,0.4583,0.8605
0.0650,0.4492,0.8600
0.1000,0.4434,0.8590
0.1550,0.4373,0.8578
0.1750,0.4314,0.8563
0.1100,0.4226,0.8544
0.0300,0.4165,0.8524
-0.0150,0.4106,0.8493
-0.0450,0.4106,0.8451
-0.0550,0.4106,0.8405
-0.0550,0.4224,0.8351
-0.0500,0.4434,0.8292
-0.0450,0.4729,0.8234
-0.0350,0.5117,0.8182
0.0000,0.5593,0.8133
-0.0150,0.6099,0.8072
-0.0450,0.6606,0.7994
-0.0650,0.7083,0.7896
-0.0550,0.7468,0.7779
-0.0450,0.7795,0.7642
-0.0400,0.8035,0.7486
-0.0350,0.8184,0.7315
-0.0350,0.8271,0.7134
-0.0300,0.8271,0.6958
-0.0350,0.8184,0.6782
-0.0400,0.8035,0.6599
-0.0400,0.7795,0.6409
-0.0350,0.7556,0.6213
0.0950,0.7261,0.6015
0.4450,0.6992,0.5827
-0.0650,0.6724,0.5641
-0.1450,0.6455,0.5453
-0.0350,0.6248,0.5263
-0.0300,0.6011,0.5079
-0.0300,0.5830,0.4901
-0.0300,0.5652,0.4740
-0.0250,0.5505,0.4591
-0.0150,0.5386,0.4452
-0.0100,0.5208,0.4322
-0.0050,0.5088,0.4210
0.0000,0.5029,0.4109
0.0050,0.4968,0.4009
0.0200,0.4910,0.3907
0.0300,0.4790,0.3792
0.0450,0.4702,0.3670
0.0750,0.4612,0.3540
0.1150,0.4492,0.3406
0.1600,0.4404,0.3269
0.1900,0.4314,0.3130
0.1400,0.4194,0.3010
0.0600,0.4077,0.2907
-0.0100,0.3987,0.2817
-0.0450,0.3928,0.2739
-0.0550,0.3867,0.2678
-0.0650,0.3928,0.2629
-0.0600,0.4045,0.2573
-0.0550,0.4285,0.2509
-0.0500,0.4612,0.2460
-0.0450,0.4998,0.2424
-0.0100,0.5415,0.2387
-0.0400,0.5833,0.2350
-0.0650,0.6218,0.2323
-0.0600,0.6575,0.2304
-0.0550,0.6843,0.2282
-0.0450,0.7051,0.2258
-0.0400,0.7170,0.2240
-0.0300,0.7202,0.2226
-0.0350,0.7112,0.2209
-0.0300,0.6992,0.2187
-0.0450,0.6843,0.2162
-0.0450,0.6604,0.2138
-0.0350,0.6367,0.2108
-0.0200,0.6128,0.2079
0.3200,0.5891,0.2050
0.2100,0.5652,0.2021
-0.1950,0.5415,0.1981
-0.0750,0.5237,0.1937
-0.0300,0.5088,0.1896
-0.0350,0.4968,0.1857
-0.0350,0.4849,0.1823
-0.0300,0.4731,0.1791
-0.0250,0.4612,0.1762
-0.0200,0.4492,0.1737
-0.0150,0.4373,0.1732
-0.0100,0.4285,0.1744
-0.0050,0.4194,0.1759
0.0000,0.4106,0.1776
0.0100,0.4016,0.1784
0.0350,0.3928,0.1784
0.0600,0.3838,0.1779
0.0950,0.3718,0.1766
0.1400,0.3660,0.1744
0.1850,0.3540,0.1715
0.1700,0.3420,0.1696
0.0950,0.3303,0.1686
0.0200,0.3242,0.1676
-0.0300,0.3154,0.1664
-0.0500,0.3093,0.1661
-0.0600,0.3123,0.1664
-0.0650,0.3242,0.1661
-0.0650,0.3450,0.1659
-0.0550,0.3718,0.1671
-0.0550,0.4106,0.1698
-0.0350,0.4521,0.1735
-0.0450,0.4939,0.1779
-0.0700,0.5325,0.1815
-0.0800,0.5681,0.1849
-0.0750,0.6011,0.1879
-0.0650,0.6189,0.1908
-0.0650,0.6338,0.1942
-0.0550,0.6367,0.1984
-0.0550,0.6367,0.2028
-0.0450,0.6277,0.2074
-0.0550,0.6248,0.2113
-0.0600,0.6147,0.2145
-0.0550,0.5979,0.2160
-0.0600,0.5784,0.2162
0.0950,0.5559,0.2148
0.4100,0.5334,0.2116
-0.1150,0.5137,0.2082
-0.1500,0.4971,0.2052
-0.0450,0.4832,0.2023
-0.0450,0.4663,0.1994
-0.0500,0.4521,0.1977
-0.0400,0.4409,0.1964
-0.0300,0.4297,0.1962
-0.0300,0.4185,0.1962
-0.0250,0.4102,0.1967
-0.0200,0.4016,0.1977
-0.0200,0.3933,0.1986
-0.0100,0.3848,0.1996
0.0000,0.3792,0.1999
0.0150,0.3708,0.1991
0.0300,0.3623,0.1979
0.0600,0.3567,0.1964
0.1000,0.3484,0.1945
0.1500,0.3398,0.1925
0.1750,0.3315,0.1906
0.1250,0.3230,0.1884
0.0400,0.3174,0.1871
-0.0200,0.3062,0.1869
-0.0550,0.3005,0.1881
-0.0650,0.2949,0.1903
-0.0650,0.2949,0.1928
-0.0650,0.3005,0.1950
-0.0650,0.3147,0.1981
-0.0600,0.3398,0.2016
-0.0550,0.3735,0.2047
-0.0300,0.4158,0.2077
-0.0600,0.4634,0.2108
-0.0750,0.5027,0.2145
-0.0750,0.5447,0.2177
-0.0700,0.5811,0.2204
-0.0600,0.6091,0.2223
-0.0550,0.6316,0.2243
-0.0500,0.6428,0.2258
-0.0550,0.6458,0.2272
-0.0450,0.6458,0.2294
-0.0650,0.6372,0.2323
-0.0650,0.6233,0.2355
-0.0600,0.6064,0.2392
-0.0250,0.5840,0.2443
0.3850,0.5671,0.2504
0.1300,0.5447,0.2575
-0.1850,0.5222,0.2653
-0.0750,0.5054,0.2746
-0.0450,0.4944,0.2851
-0.0500,0.4802,0.2966
-0.0500,0.4690,0.3088
-0.0450,0.4578,0.3225
-0.0300,0.4495,0.3376
-0.0250,0.4409,0.3548
-0.0200,0.4353,0.3736
-0.0200,0.4297,0.3936
-0.0200,0.4241,0.4144
-0.0150,0.4185,0.4361
-0.0050,0.4128,0.4579
0.0100,0.4072,0.4779
0.0350,0.4045,0.4967
0.0700,0.4016,0.5153
0.1150,0.3933,0.5336
0.1600,0.3848,0.5509
0.1450,0.3792,0.5676
0.0800,0.3708,0.5844
0.0050,0.3623,0.6018
-0.0350,0.3567,0.6203
-0.0500,0.3511,0.6399
-0.0600,0.3484,0.6589
-0.0600,0.3484,0.6780
-0.0500,0.3567,0.6966
-0.0500,0.3735,0.7149
-0.0450,0.4016,0.7320
0.0000,0.4382,0.7479
-0.0500,0.4775,0.7633
-0.0750,0.5193,0.7777
-0.0750,0.5671,0.7906
-0.0600,0.6091,0.8023
-0.0450,0.6484,0.8131
-0.0400,0.6794,0.8231
-0.0400,0.7019,0.8324
-0.0400,0.7158,0.8409
-0.0300,0.7244,0.8473
-0.0400,0.7244,0.8515
-0.0400,0.7188,0.8551
-0.0350,0.7046,0.8585
-0.0350,0.6907,0.8617
0.2550,0.6738,0.8644
0.4300,0.6514,0.8661
-0.1050,0.6316,0.8671
-0.0700,0.6121,0.8681
-0.0350,0.5952,0.8693
-0.0400,0.5811,0.8698
-0.0450,0.5698,0.8695
-0.0450,0.5586,0.8688
-0.0400,0.5474,0.8678
-0.0300,0.5361,0.8664
-0.0300,0.5305,0.8646
-0.0300,0.5222,0.8615
-0.0250,0.5137,0.8573
-0.0200,0.5081,0.8515
-0.0100,0.5000,0.8441
0.0050,0.5000,0.8344
0.0250,0.4915,0.8229
0.0600,0.4858,0.8102
0.1000,0.4746,0.7962
0.1500,0.4690,0.7806
0.1600,0.4607,0.7637
0.1000,0.4521,0.7469
0.0200,0.4409,0.7303
-0.0300,0.4353,0.7137
-0.0600,0.4270,0.6968
-0.0650,0.4214,0.6790
-0.0700,0.4214,0.6604
-0.0650,0.4297,0.6423
-0.0600,0.4438,0.6245
-0.0600,0.4690,0.6062
-0.0300,0.5027,0.5873
-0.0400,0.5474,0.5702
-0.0650,0.5950,0.5544
-0.0750,0.6426,0.5387
-0.0650,0.6843,0.5228
-0.0600,0.7229,0.5060
-0.0600,0.7556,0.4884
-0.0600,0.7766,0.4710
-0.0550,0.7886,0.4542
-0.0500,0.7976,0.4388
-0.0450,0.7915,0.4244
-0.0500,0.7825,0.4109
-0.0500,0.7646,0.3982
-0.0500,0.7439,0.3850
0.0850,0.7141,0.3714
0.4200,0.6843,0.3584
-0.0900,0.6545,0.3462
-0.1600,0.6248,0.3333
-0.0350,0.6011,0.3201
-0.0350,0.5771,0.3076
-0.0350,0.5535,0.2956
-0.0300,0.5354,0.2854
-0.0300,0.5208,0.2763
-0.0300,0.5088,0.2683
-0.0250,0.5000,0.2609
-0.0200,0.4910,0.2534
-0.0200,0.4790,0.2455
-0.0100,0.4670,0.2387
0.0050,0.4539,0.2323
0.0150,0.4431,0.2258
0.0350,0.4285,0.2187
0.0650,0.4106,0.2106
0.1100,0.3972,0.2018
0.1600,0.3867,0.1933
0.1850,0.3660,0.1852
0.1300,0.3569,0.1786
0.0450,0.3481,0.1732
-0.0150,0.3391,0.1696
-0.0550,0.3333,0.1674
-0.0650,0.3362,0.1664
-0.0650,0.3481,0.1664
-0.0650,0.3689,0.1659
-0.0650,0.3958,0.1652
-0.0600,0.4314,0.1649
-0.0550,0.4761,0.1656
-0.0200,0.5117,0.1669
-0.0550,0.5503,0.1683
-0.0750,0.5830,0.1691
-0.0750,0.6128,0.1691
-0.0700,0.6277,0.1696
-0.0600,0.6367,0.1705
-0.0600,0.6396,0.1708
-0.0550,0.6338,0.1708
-0.0550,0.6218,0.1710
-0.0400,0.6069,0.1715
-0.0500,0.5830,0.1718
-0.0550,0.5652,0.1713
-0.0450,0.5415,0.1705
-0.0350,0.5176,0.1696
0.3150,0.4968,0.1681
0.1950,0.4790,0.1666
-0.1950,0.4612,0.1652
-0.0750,0.4434,0.1637
-0.0350,0.4314,0.1630
-0.0350,0.4194,0.1632
-0.0300,0.4077,0.1639
-0.0300,0.3958,0.1654
-0.0200,0.3838,0.1669
-0.0200,0.3779,0.1688
-0.0100,0.3660,0.1720
-0.0100,0.3599,0.1759
-0.0050,0.3481,0.1793
0.0050,0.3420,0.1825
0.0150,0.3362,0.1842
0.0300,0.3242,0.1847
0.0550,0.3184,0.1835
0.0900,0.3093,0.1810
0.1400,0.3005,0.1786
0.1850,0.2944,0.1762
0.1700,0.2827,0.1749
0.0900,0.2766,0.1744
0.0150,0.2678,0.1747
-0.0350,0.2678,0.1754
-0.0550,0.2708,0.1764
-0.0650,0.2827,0.1779
-0.0650,0.3064,0.1793
-0.0550,0.3362,0.1813
-0.0500,0.3748,0.1832
-0.0400,0.4194,0.1852
-0.0200,0.4641,0.1879
-0.0250,0.5088,0.1915
-0.0450,0.5503,0.1957
-0.0600,0.5830,0.2003
-0.0550,0.6128,0.2052
-0.0500,0.6277,0.2099
-0.0500,0.6396,0.2128
-0.0500,0.6396,0.2145
-0.0450,0.6306,0.2160
-0.0350,0.6128,0.2172
-0.0450,0.5891,0.2174
-0.0400,0.5623,0.2167
-0.0350,0.5325,0.2152
-0.0400,0.5059,0.2133
0.1300,0.4819,0.2111
0.4000,0.4612,0.2086
-0.1250,0.4434,0.2062
-0.1400,0.4314,0.2033
-0.0400,0.4194,0.2006
-0.0350,0.4106,0.1981
-0.0300,0.4048,0.1977
-0.0200,0.3987,0.1986
-0.0150,0.3987,0.2008
-0.0100,0.3928,0.2038
-0.0100,0.3928,0.2065
-0.0050,0.3867,0.2089
-0.0050,0.3809,0.2108
-0.0050,0.3718,0.2123
0.0050,0.3599,0.2118
0.0200,0.3481,0.2096
0.0500,0.3362,0.2072
0.0750,0.3213,0.2047
0.1150,0.3064,0.2030
0.1600,0.3062,0.2021
0.1750,0.2949,0.2018
0.1200,0.2837,0.2018
0.0400,0.2781,0.2023
-0.0150,0.2810,0.2030
-0.0450,0.2893,0.2040
-0.0500,0.3091,0.2050
-0.0550,0.3342,0.2060
-0.0550,0.3735,0.2074
-0.0550,0.4158,0.2118
-0.0500,0.4607,0.2189
-0.0400,0.5027,0.2287
-0.0250,0.5417,0.2404
-0.0500,0.5754,0.2541
-0.0700,0.6008,0.2690
-0.0700,0.6204,0.2849
-0.0700,0.6345,0.3017
-0.0550,0.6401,0.3191
-0.0600,0.6401,0.3372
-0.0450,0.6372,0.3552
-0.0500,0.6260,0.3738
-0.0350,0.6121,0.3924
-0.0550,0.5952,0.4109
-0.0450,0.5784,0.4283
-0.0450,0.5586,0.4452
0.0050,0.5391,0.4623
0.4300,0.5222,0.4796
0.1100,0.5054,0.4962
-0.1550,0.4971,0.5123
-0.0450,0.4802,0.5299
-0.0300,0.4690,0.5487
-0.0350,0.4578,0.5685
-0.0350,0.4465,0.5891
-0.0300,0.4409,0.6093
-0.0200,0.4326,0.6294
-0.0200,0.4241,0.6496
-0.0200,0.4185,0.6704
-0.0150,0.4128,0.6895
-0.0100,0.4102,0.7073
-0.0050,0.4045,0.7237
0.0000,0.3989,0.7391
0.0150,0.3933,0.7527
0.0400,0.3877,0.7650
0.0750,0.3821,0.7752
0.1250,0.3765,0.7838
0.1700,0.3679,0.7918
0.1550,0.3623,0.7999
0.0750,0.3596,0.8089
0.0050,0.3596,0.8187
-0.0350,0.3623,0.8292
-0.0600,0.3735,0.8400
-0.0550,0.3960,0.8500
-0.0550,0.4270,0.8593
-0.0450,0.4663,0.8671
-0.0400,0.5083,0.8737
-0.0350,0.5503,0.8803
0.0200,0.5952,0.8869
-0.0350,0.6372,0.8925
-0.0600,0.6709,0.8976
-0.0550,0.7019,0.9018
-0.0500,0.7214,0.9054
-0.0300,0.7327,0.9076
-0.0350,0.7412,0.9089
-0.0300,0.7383,0.9091
-0.0300,0.7327,0.9084
-0.0200,0.7188,0.9064
-0.0350,0.7019,0.9030
-0.0350,0.6851,0.8976
-0.0350,0.6653,0.8903
-0.0250,0.6458,0.8810
0.3100,0.6260,0.8698
0.3250,0.6091,0.8571
-0.1450,0.5923,0.8434
-0.0650,0.5784,0.8290
-0.0250,0.5642,0.8138
-0.0300,0.5530,0.7984
-0.0350,0.5417,0.7828
-0.0350,0.5305,0.7667
-0.0300,0.5222,0.7505
-0.0250,0.5137,0.7344
-0.0300,0.5054,0.7178
-0.0150,0.5000,0.7002
-0.0050,0.5000,0.6819
0.0000,0.4971,0.6626
0.0100,0.4915,0.6430
0.0300,0.4832,0.6242
0.0450,0.4746,0.6057
0.0750,0.4663,0.5856
0.1200,0.4578,0.5644
0.1650,0.4465,0.5434
0.1650,0.4382,0.5224
0.1000,0.4297,0.5026
0.0250,0.4241,0.4838
-0.0300,0.4185,0.4669
-0.0500,0.4158,0.4513
-0.0550,0.4214,0.4359
-0.0600,0.4326,0.4205
-0.0650,0.4521,0.4063
-0.0600,0.4802,0.3929
-0.0600,0.5083,0.3804
-0.0250,0.5503,0.3684
-0.0300,0.5896,0.3579
-0.0600,0.6260,0.3489
-0.0650,0.6597,0.3406
-0.0600,0.6851,0.3330
-0.0500,0.7046,0.3262
-0.0500,0.7158,0.3196
-0.0450,0.7188,0.3132
-0.0450,0.7188,0.3071
-0.0400,0.7102,0.3003
-0.0450,0.6963,0.2929
-0.0550,0.6794,0.2859
-0.0500,0.6570,0.2793
-0.0500,0.6345,0.2731
0.1100,0.6177,0.2673
0.4150,0.5952,0.2607
-0.0950,0.5728,0.2536
-0.1300,0.5559,0.2470
-0.0150,0.5391,0.2411
-0.0250,0.5249,0.2348
-0.0350,0.5081,0.2280
-0.0300,0.5000,0.2218
-0.0250,0.4944,0.2165
-0.0200,0.4858,0.2106
-0.0150,0.4761,0.2043
-0.0100,0.4702,0.1986
0.0000,0.4641,0.1937
0.0050,0.4583,0.1886
0.0100,0.4524,0.1830
0.0150,0.4463,0.1771
0.0300,0.4373,0.1710
0.0650,0.4255,0.1639
0.1200,0.4194,0.1561
0.1850,0.4077,0.1498
0.2000,0.3958,0.1449
0.1350,0.3838,0.1419
0.0550,0.3718,0.1402
-0.0150,0.3599,0.1388
-0.0550,0.3511,0.1376
-0.0700,0.3481,0.1366
-0.0700,0.3511,0.1356
-0.0650,0.3599,0.1354
-0.0600,0.3809,0.1363
-0.0550,0.4136,0.1388
-0.0500,0.4492,0.1424
-0.0200,0.4880,0.1471
-0.0500,0.5205,0.1525
-0.0650,0.5564,0.1583
-0.0650,0.5830,0.1642
-0.0600,0.6040,0.1693
-0.0500,0.6160,0.1740
-0.0500,0.6189,0.1779
-0.0450,0.6189,0.1813
-0.0500,0.6099,0.1842
-0.0350,0.5950,0.1869
-0.0500,0.5771,0.1884
-0.0500,0.5535,0.1886
-0.0400,0.5295,0.1884
-0.0150,0.5059,0.1874
0.3600,0.4910,0.1862
0.1650,0.4700,0.1847
-0.1850,0.4521,0.1830
-0.0550,0.4373,0.1810
-0.0200,0.4255,0.1791
-0.0300,0.4136,0.1771
-0.0250,0.4016,0.1752
-0.0200,0.3958,0.1730
-0.0150,0.3838,0.1698
-0.0100,0.3779,0.1659
-0.0100,0.3689,0.1615
-0.0050,0.3630,0.1566
-0.0050,0.3569,0.1515
-0.0100,0.3481,0.1461
0.0050,0.3420,0.1407
0.0300,0.3362,0.1358
0.0500,0.3303,0.1336
0.0900,0.3213,0.1344
0.1300,0.3154,0.1376
0.1700,0.3064,0.1429
0.1500,0.2976,0.1488
0.0750,0.2886,0.1554
-0.0050,0.2827,0.1630
-0.0450,0.2798,0.1713
-0.0550,0.2798,0.1791
-0.0650,0.2915,0.1867
-0.0600,0.3123,0.1928
-0.0600,0.3420,0.1979
-0.0550,0.3809,0.2030
-0.0550,0.4285,0.2084
-0.0300,0.4700,0.2138
-0.0450,0.5117,0.2189
-0.0650,0.5503,0.2231
-0.0750,0.5862,0.2262
-0.0650,0.6128,0.2289
-0.0550,0.6277,0.2311
-0.0500,0.6396,0.2326
-0.0450,0.6396,0.2338
-0.0550,0.6338,0.2341
-0.0500,0.6218,0.2333
-0.0450,0.6040,0.2316
-0.0450,0.5862,0.2297
-0.0400,0.5652,0.2292
-0.0550,0.5444,0.2299
0.1450,0.5237,0.2309
0.3900,0.5059,0.2316
-0.1400,0.4910,0.2314
-0.1250,0.4761,0.2301
-0.0400,0.4612,0.2284
-0.0400,0.4492,0.2262
-0.0400,0.4373,0.2248
-0.0350,0.4314,0.2238
-0.0300,0.4194,0.2233
-0.0200,0.4136,0.2233
-0.0150,0.4048,0.2245
-0.0100,0.3958,0.2267
-0.0100,0.3896,0.2294
-0.0050,0.3779,0.2328
0.0100,0.3718,0.2355
0.0150,0.3630,0.2375
0.0250,0.3540,0.2380
0.0550,0.3481,0.2375
0.0950,0.3420,0.2370
0.1400,0.3333,0.2375
0.1600,0.3242,0.2407
0.1100,0.3184,0.2470
0.0350,0.3154,0.2585
-0.0300,0.3093,0.2741
-0.0550,0.3123,0.2929
-0.0650,0.3242,0.3140
-0.0700,0.3391,0.3369
-0.0650,0.3689,0.3616
-0.0700,0.4045,0.3872
-0.0700,0.4463,0.4134
-0.0450,0.4910,0.4403
-0.0400,0.5295,0.4674
-0.0650,0.5681,0.4938
-0.0800,0.6040,0.5194
-0.0700,0.6306,0.5446
-0.0600,0.6487,0.5693
-0.0500,0.6606,0.5925
-0.0450,0.6665,0.6142
-0.0400,0.6636,0.6343
-0.0400,0.6575,0.6526
-0.0400,0.6458,0.6694
-0.0450,0.6277,0.6853
-0.0450,0.6099,0.6995
-0.0450,0.5891,0.7124
0.0250,0.5713,0.7251
0.4650,0.5576,0.7378
0.0900,0.5383,0.7505
-0.1350,0.5222,0.7633
-0.0450,0.5095,0.7760
-0.0400,0.5000,0.7884
-0.0400,0.4902,0.7999
-0.0350,0.4839,0.8107
-0.0400,0.4741,0.8214
-0.0300,0.4678,0.8326
-0.0250,0.4614,0.8441
-0.0250,0.4548,0.8556
-0.0200,0.4485,0.8649
-0.0150,0.4421,0.8730
-0.0050,0.4355,0.8808
0.0050,0.4292,0.8881
0.0200,0.4229,0.8932
0.0400,0.4131,0.8967
0.0700,0.4067,0.8986
0.1200,0.4001,0.8996
0.1650,0.3906,0.9006
0.1400,0.3843,0.9020
0.0600,0.3809,0.9035
-0.0100,0.3777,0.9052
-0.0500,0.3843,0.9059
-0.0700,0.3970,0.9054
-0.0750,0.4226,0.9025
-0.0650,0.4517,0.8974
-0.0650,0.4902,0.8918
-0.0600,0.5383,0.8857
-0.0550,0.5898,0.8781
-0.0100,0.6411,0.8693
-0.0500,0.6895,0.8585
-0.0650,0.7280,0.8466
-0.0700,0.7634,0.8331
-0.0600,0.7891,0.8190
-0.0450,0.8020,0.8043
-0.0500,0.8083,0.7889
-0.0400,0.8052,0.7720
-0.0450,0.7988,0.7542
-0.0350,0.7795,0.7354
-0.0550,0.7603,0.7159
-0.0450,0.7375,0.6961
-0.0400,0.7119,0.6758
-0.0200,0.6863,0.6553
0.3400,0.6604,0.6347
0.1950,0.6348,0.6137
-0.1900,0.6123,0.5930
-0.0700,0.5930,0.5732
-0.0300,0.5737,0.5546
-0.0350,0.5544,0.5377
-0.0400,0.5415,0.5224
-0.0300,0.5352,0.5079
-0.0300,0.5222,0.4943
-0.0250,0.5159,0.4803
-0.0200,0.5032,0.4662
-0.0150,0.5000,0.4527
-0.0100,0.4902,0.4395
0.0000,0.4807,0.4261
0.0100,0.4709,0.4122
0.0300,0.4614,0.3980
0.0550,0.4517,0.3836
0.0850,0.4387,0.3689
0.1300,0.4343,0.3545
0.1700,0.4255,0.3408
0.1600,0.4136,0.3279
0.0850,0.4048,0.3157
0.0050,0.3987,0.3042
-0.0400,0.3958,0.2942
-0.0600,0.4016,0.2851
-0.0650,0.4136,0.2771
-0.0650,0.4343,0.2700
-0.0600,0.4670,0.2634
-0.0600,0.5027,0.2573
-0.0600,0.5415,0.2526
-0.0300,0.5801,0.2495
-0.0450,0.6157,0.2468
-0.0650,0.6487,0.2448
-0.0800,0.6724,0.2426
-0.0700,0.6873,0.2399
-0.0650,0.6963,0.2377
-0.0600,0.6934,0.2363
-0.0500,0.6873,0.2343
-0.0500,0.6724,0.2316
-0.0450,0.6545,0.2277
-0.0500,0.6306,0.2228
-0.0550,0.6069,0.2172
-0.0500,0.5830,0.2113
-0.0500,0.5593,0.2060
0.1150,0.5354,0.2011
0.3950,0.5146,0.1969
-0.1250,0.5000,0.1930
-0.1450,0.4878,0.1884
-0.0400,0.4731,0.1835
-0.0400,0.4612,0.1801
-0.0450,0.4492,0.1779
-0.0450,0.4434,0.1759
-0.0350,0.4314,0.1740
-0.0300,0.4194,0.1732
-0.0250,0.4136,0.1730
-0.0200,0.4016,0.1735
-0.0150,0.3958,0.1744
-0.0100,0.3838,0.1757
0.0000,0.3779,0.1769
0.0150,0.3660,0.1764
0.0350,0.3599,0.1747
0.0600,0.3481,0.1727
0.1050,0.3391,0.1708
0.1600,0.3303,0.1688
0.1750,0.3213,0.1669
0.1100,0.3123,0.1649
0.0300,0.3064,0.1630
-0.0250,0.3035,0.1610
-0.0550,0.3064,0.1593
-0.0650,0.3184,0.1586
-0.0700,0.3391,0.1588
-0.0650,0.3660,0.1595
-0.0650,0.4016,0.1610
-0.0600,0.4434,0.1637
-0.0650,0.4819,0.1674
-0.0350,0.5146,0.1720
-0.0600,0.5444,0.1769
-0.0750,0.5713,0.1810
-0.0750,0.5862,0.1849
-0.0650,0.5952,0.1891
-0.0600,0.5952,0.1937
-0.0550,0.5896,0.1977
-0.0450,0.5811,0.2011
-0.0450,0.5642,0.2040
-0.0450,0.5474,0.2062
-0.0550,0.5278,0.2074
-0.0500,0.5054,0.2074
-0.0500,0.4944,0.2067
-0.0200,0.4719,0.2052
0.3750,0.4551,0.2035
0.1300,0.4409,0.2016
-0.1850,0.4270,0.1994
-0.0650,0.4128,0.1972
-0.0350,0.4072,0.1959
-0.0400,0.3960,0.1952
-0.0350,0.3904,0.1950
-0.0300,0.3877,0.1952
-0.0250,0.3792,0.1950
-0.0150,0.3735,0.1940
-0.0150,0.3679,0.1937
-0.0150,0.3623,0.1940
-0.0150,0.3540,0.1957
-0.0050,0.3484,0.1981
0.0100,0.3428,0.1996
0.0300,0.3372,0.1999
0.0550,0.3286,0.1994
0.0900,0.3230,0.1984
0.1400,0.3174,0.1969
0.1750,0.3091,0.1952
0.1600,0.3035,0.1942
0.0800,0.2979,0.1940
0.0100,0.2922,0.1942
-0.0350,0.2979,0.1947
-0.0550,0.3062,0.1957
-0.0550,0.3259,0.1967
-0.0550,0.3511,0.1979
-0.0550,0.3848,0.1994
-0.0550,0.4241,0.2016
-0.0500,0.4663,0.2047
-0.0250,0.5083,0.2086
-0.0300,0.5417,0.2130
-0.0500,0.5754,0.2174
-0.0600,0.6008,0.2221
-0.0500,0.6204,0.2258
-0.0450,0.6289,0.2287
-0.0450,0.6316,0.2321
-0.0400,0.6260,0.2358
-0.0400,0.6177,0.2377
-0.0300,0.6147,0.2382
-0.0350,0.6008,0.2387
-0.0400,0.5811,0.2392
-0.0350,0.5615,0.2394
-0.0400,0.5391,0.2399
0.1950,0.5166,0.2402
0.3850,0.5027,0.2407
-0.1400,0.4888,0.2419
-0.1000,0.4746,0.2443
-0.0200,0.4607,0.2495
-0.0300,0.4495,0.2568
-0.0300,0.4409,0.2658
-0.0250,0.4297,0.2761
-0.0150,0.4241,0.2873
-0.0150,0.4128,0.2995
-0.0150,0.4072,0.3144
-0.0050,0.4016,0.3315
0.0000,0.3933,0.3504
0.0000,0.3877,0.3701
0.0100,0.3821,0.3897
0.0250,0.3765,0.4092
0.0400,0.3679,0.4288
0.0700,0.3623,0.4481
0.1100,0.3540,0.4671
0.1550,0.3484,0.4864
0.1650,0.3398,0.5065
0.1150,0.3342,0.5272
0.0400,0.3259,0.5485
-0.0150,0.3230,0.5702
-0.0400,0.3230,0.5913
-0.0450,0.3286,0.6118
-0.0450,0.3484,0.6328
-0.0450,0.3735,0.6540
-0.0400,0.4045,0.6748
-0.0350,0.4438,0.6946
0.0050,0.4858,0.7129
-0.0100,0.5222,0.7298
-0.0400,0.5615,0.7457
-0.0600,0.5952,0.7606
-0.0550,0.6233,0.7740
-0.0400,0.6428,0.7857
-0.0300,0.6541,0.7955
-0.0300,0.6626,0.8041
-0.0250,0.6597,0.8119
-0.0250,0.6541,0.8197
-0.0200,0.6428,0.8275
-0.0300,0.6260,0.8353
-0.0300,0.6091,0.8429
-0.0300,0.5923,0.8505
0.0750,0.5728,0.8590
0.5200,0.5559,0.8683
0.0650,0.5417,0.8774
-0.1050,0.5305,0.8859
-0.0300,0.5137,0.8930
-0.0250,0.5081,0.8991
-0.0200,0.5000,0.9054
-0.0150,0.4971,0.9118
-0.0200,0.4915,0.9184
-0.0200,0.4858,0.9247
-0.0250,0.4802,0.9291
-0.0250,0.4746,0.9316
-0.0200,0.4690,0.9309
-0.0100,0.4634,0.9272
0.0000,0.4607,0.9206
0.0100,0.4521,0.9111
0.0300,0.4465,0.8986
0.0500,0.4409,0.8839
0.0850,0.4326,0.8676
0.1400,0.4270,0.8500
0.1750,0.4185,0.8324
0.1450,0.4128,0.8151
0.0650,0.4072,0.7979
-0.0050,0.4045,0.7808
-0.0450,0.4072,0.7637
-0.0550,0.4158,0.7466
-0.0600,0.4326,0.7286
-0.0550,0.4517,0.7100
-0.0550,0.4902,0.6917
-0.0450,0.5286,0.6738
-0.0400,0.5769,0.6562
-0.0100,0.6250,0.6391
-0.0350,0.6702,0.6220
-0.0550,0.7087,0.6052
-0.0600,0.7375,0.5873
-0.0550,0.7603,0.5690
-0.0400,0.7729,0.5512
-0.0500,0.7827,0.5338
-0.0350,0.7795,0.5167
-0.0400,0.7666,0.5001
-0.0300,0.7537,0.4835
-0.0400,0.7312,0.4674
-0.0400,0.7119,0.4525
-0.0350,0.6863,0.4383
-0.0100,0.6604,0.4229
0.3650,0.6379,0.4065
0.1600,0.6155,0.3914
-0.1850,0.5994,0.3775
-0.0550,0.5801,0.3643
-0.0200,0.5674,0.3518
-0.0300,0.5544,0.3401
-0.0300,0.5415,0.3286
-0.0300,0.5288,0.3186
-0.0200,0.5159,0.3096
-0.0200,0.5095,0.3015
-0.0150,0.5000,0.2944
-0.0100,0.4966,0.2876
0.0000,0.4839,0.2812
0.0100,0.4773,0.2753
0.0200,0.4678,0.2695
0.0350,0.4580,0.2629
0.0600,0.4453,0.2553
0.1000,0.4324,0.2465
0.1500,0.4229,0.2365
0.1900,0.4131,0.2260
0.1700,0.4001,0.2155
0.0850,0.3875,0.2065
0.0050,0.3777,0.1991
-0.0350,0.3713,0.1937
-0.0550,0.3745,0.1901
-0.0600,0.3875,0.1871
-0.0600,0.4033,0.1842
-0.0600,0.4324,0.1815
-0.0550,0.4709,0.1791
-0.0550,0.5095,0.1776
-0.0300,0.5479,0.1771
-0.0400,0.5864,0.1784
-0.0600,0.6218,0.1808
-0.0700,0.6445,0.1832
-0.0650,0.6638,0.1854
-0.0650,0.6702,0.1867
-0.0600,0.6733,0.1871
-0.0550,0.6638,0.1876
-0.0550,0.6509,0.1884
-0.0500,0.6348,0.1886
-0.0500,0.6155,0.1879
-0.0550,0.5898,0.1869
-0.0450,0.5640,0.1852
-0.0500,0.5383,0.1825
0.1250,0.5146,0.1791
0.3950,0.5000,0.1757
-0.1250,0.4849,0.1725
-0.1350,0.4670,0.1688
-0.0350,0.4553,0.1647
-0.0400,0.4434,0.1617
-0.0350,0.4314,0.1605
-0.0350,0.4255,0.1603
-0.0300,0.4165,0.1605
-0.0300,0.4077,0.1615
-0.0250,0.4016,0.1630
-0.0150,0.3928,0.1647
-0.0100,0.3838,0.1666
-0.0100,0.3779,0.1686
0.0050,0.3689,0.1705
0.0200,0.3599,0.1718
0.0450,0.3540,0.1720
0.0700,0.3452,0.1718
0.1150,0.3362,0.1710
0.1600,0.3303,0.1700
0.1800,0.3184,0.1686
0.1250,0.3123,0.1671
0.0400,0.3064,0.1656
-0.0200,0.3035,0.1649
-0.0500,0.3064,0.1652
-0.0550,0.3123,0.1659
-0.0650,0.3333,0.1674
-0.0650,0.3599,0.1688
-0.0650,0.3958,0.1708
-0.0650,0.4314,0.1740
-0.0650,0.4729,0.1776
-0.0400,0.5059,0.1820
-0.0750,0.5386,0.1869
-0.0900,0.5652,0.1911
-0.0800,0.5830,0.1945
-0.0700,0.5981,0.1974
-0.0650,0.6011,0.2001
-0.0600,0.5981,0.2025
-0.0600,0.5920,0.2045
-0.0650,0.5771,0.2065
-0.0600,0.5593,0.2082
-0.0650,0.5415,0.2096
-0.0600,0.5176,0.2108
-0.0500,0.5029,0.2101
-0.0150,0.4849,0.2079
0.3800,0.4670,0.2052
0.0900,0.4492,0.2023
-0.1950,0.4373,0.1996
-0.0700,0.4255,0.1969
-0.0400,0.4136,0.1952
-0.0450,0.4048,0.1945
-0.0400,0.3958,0.1955
-0.0350,0.3867,0.1977
-0.0300,0.3809,0.2008
-0.0250,0.3718,0.2043
-0.0200,0.3660,0.2074
-0.0050,0.3599,0.2104
0.0050,0.3540,0.2135
0.0050,0.3481,0.2172
0.0150,0.3391,0.2192
0.0300,0.3333,0.2196
0.0500,0.3242,0.2182
0.0850,0.3184,0.2152
0.1300,0.3123,0.2123
0.1700,0.3035,0.2094
0.1500,0.2976,0.2072
0.0750,0.2915,0.2060
0.0050,0.2915,0.2055
-0.0350,0.3005,0.2055
-0.0500,0.3152,0.2057
-0.0600,0.3391,0.2065
-0.0600,0.3718,0.2082
-0.0550,0.4106,0.2108
-0.0600,0.4583,0.2143
-0.0600,0.4968,0.2184
-0.0250,0.5386,0.2248
-0.0500,0.5742,0.2331
-0.0650,0.6069,0.2429
-0.0750,0.6277,0.2538
-0.0700,0.6396,0.2666
-0.0550,0.6487,0.2810
-0.0650,0.6487,0.2966
-0.0550,0.6396,0.3130
-0.0550,0.6367,0.3291
-0.0400,0.6277,0.3447
-0.0550,0.6099,0.3599
-0.0550,0.5891,0.3750
-0.0500,0.5713,0.3909
-0.0550,0.5474,0.4075
0.2300,0.5295,0.4246
0.3650,0.5117,0.4422
-0.1500,0.5000,0.4601
-0.0950,0.4849,0.4784
-0.0400,0.4731,0.4977
-0.0400,0.4641,0.5177
-0.0450,0.4553,0.5365
-0.0350,0.4463,0.5541
-0.0300,0.4404,0.5717
-0.0250,0.4343,0.5895
-0.0250,0.4285,0.6086
-0.0250,0.4226,0.6286
-0.0200,0.4165,0.6482
-0.0150,0.4106,0.6672
0.0000,0.4048,0.6860
0.0100,0.3958,0.7044
0.0300,0.3896,0.7205
0.0550,0.3838,0.7347
0.0950,0.3779,0.7471
0.1500,0.3718,0.7589
0.1600,0.3660,0.7706
0.1050,0.3599,0.7823
0.0250,0.3569,0.7933
-0.0250,0.3569,0.8036
-0.0500,0.3660,0.8141
-0.0600,0.3809,0.8251
-0.0600,0.4045,0.8353
-0.0600,0.4404,0.8449
-0.0550,0.4819,0.8539
-0.0500,0.5237,0.8624
0.0050,0.5713,0.8708
-0.0300,0.6157,0.8788
-0.0600,0.6545,0.8866
-0.0750,0.6873,0.8942
-0.0650,0.7141,0.9008
-0.0450,0.7319,0.9064
-0.0400,0.7410,0.9123
-0.0300,0.7439,0.9182
-0.0250,0.7439,0.9233
-0.0300,0.7410,0.9274
-0.0350,0.7290,0.9304
-0.0500,0.7141,0.9313
-0.0450,0.6963,0.9296
-0.0450,0.6785,0.9250
0.0850,0.6604,0.9177
0.4800,0.6426,0.9079
-0.0300,0.6248,0.8964
-0.1200,0.6099,0.8837
-0.0300,0.5981,0.8710
-0.0250,0.5862,0.8583
-0.0300,0.5742,0.8446
-0.0350,0.5623,0.8304
-0.0350,0.5535,0.8165
-0.0250,0.5444,0.8028
-0.0200,0.5356,0.7887
-0.0200,0.5266,0.7738
-0.0150,0.5208,0.7574
-0.0150,0.5117,0.7396
-0.0050,0.5029,0.7210
0.0100,0.5000,0.7014
0.0250,0.4939,0.6795
0.0500,0.4849,0.6553
0.0850,0.4761,0.6306
0.1350,0.4670,0.6059
0.1600,0.4612,0.5820
0.1200,0.4492,0.5590
0.0400,0.4434,0.5387
-0.0200,0.4373,0.5206
-0.0550,0.4343,0.5043
-0.0700,0.4373,0.4889
-0.0750,0.4492,0.4737
-0.0750,0.4700,0.4586
-0.0700,0.4998,0.4442
-0.0650,0.5325,0.4310
-0.0500,0.5771,0.4195
-0.0100,0.6189,0.4092
-0.0500,0.6575,0.3990
-0.0750,0.6931,0.3887
-0.0700,0.7229,0.3785
-0.0650,0.7439,0.3682
-0.0600,0.7559,0.3579
-0.0650,0.7617,0.3477
-0.0550,0.7588,0.3362
-0.0500,0.7468,0.3242
-0.0400,0.7349,0.3137
-0.0500,0.7141,0.3044
-0.0500,0.6902,0.2951
-0.0500,0.6604,0.2854
-0.0150,0.6367,0.2756
0.3600,0.6069,0.2661
0.1200,0.5830,0.2568
-0.2000,0.5652,0.2475
-0.0650,0.5444,0.2387
-0.0350,0.5266,0.2301
-0.0400,0.5146,0.2226
-0.0350,0.5029,0.2160
-0.0300,0.4968,0.2104
-0.0200,0.4880,0.2055
-0.0150,0.4790,0.2021
-0.0100,0.4702,0.1999
-0.0100,0.4612,0.1986
0.0000,0.4524,0.1981
0.0100,0.4434,0.1981
0.0200,0.4373,0.1984
0.0350,0.4285,0.1969
0.0600,0.4194,0.1942
0.1000,0.4106,0.1903
0.1500,0.4016,0.1859
0.1900,0.3896,0.1818
0.1650,0.3809,0.1781
0.0750,0.3718,0.1749
0.0050,0.3630,0.1722
-0.0400,0.3569,0.1705
-0.0600,0.3569,0.1698
-0.0650,0.3660,0.1688
-0.0650,0.3809,0.1678
-0.0650,0.4045,0.1676
-0.0650,0.4373,0.1683
-0.0600,0.4729,0.1703
-0.0400,0.5088,0.1735
-0.0450,0.5444,0.1774
-0.0650,0.5771,0.1818
-0.0750,0.6040,0.1857
-0.0700,0.6218,0.1891
-0.0650,0.6338,0.1920
-0.0650,0.6367,0.1947
-0.0600,0.6367,0.1959
-0.0550,0.6277,0.1964
-0.0400,0.6128,0.1969
-0.0500,0.5950,0.1979
-0.0550,0.5771,0.1989
-0.0450,0.5535,0.1999
-0.0500,0.5325,0.2001
0.1350,0.5117,0.1994
0.3950,0.4968,0.1981
-0.1400,0.4849,0.1967
-0.1400,0.4670,0.1947
-0.0400,0.4553,0.1928
-0.0400,0.4434,0.1915
-0.0400,0.4314,0.1913
-0.0300,0.4255,0.1915
-0.0200,0.4136,0.1920
-0.0200,0.4077,0.1928
-0.0150,0.3958,0.1937
-0.0100,0.3896,0.1950
-0.0050,0.3809,0.1964
0.0000,0.3718,0.1989
0.0150,0.3660,0.2018
0.0300,0.3599,0.2035
0.0500,0.3511,0.2040
0.0850,0.3452,0.2025
0.1250,0.3362,0.1999
0.1700,0.3303,0.1969
0.1800,0.3213,0.1942
0.1200,0.3123,0.1925
0.0400,0.3064,0.1918
-0.0150,0.3035,0.1915
-0.0450,0.3035,0.1918
-0.0550,0.3064,0.1925
-0.0550,0.3242,0.1937
-0.0500,0.3511,0.1959
-0.0550,0.3838,0.1991
-0.0500,0.4224,0.2028
-0.0450,0.4670,0.2069
-0.0250,0.5059,0.2113
-0.0500,0.5386,0.2162
-0.0700,0.5713,0.2211
-0.0550,0.5950,0.2260
-0.0500,0.6099,0.2309
-0.0400,0.6218,0.2355
-0.0400,0.6248,0.2392
-0.0350,0.6160,0.2419
-0.0400,0.6040,0.2441
-0.0400,0.5920,0.2458
-0.0500,0.5742,0.2470
-0.0500,0.5535,0.2477
-0.0450,0.5325,0.2475
0.0050,0.5117,0.2460
0.4000,0.4968,0.2438
0.0700,0.4819,0.2411
-0.1850,0.4670,0.2382
-0.0550,0.4553,0.2353
-0.0300,0.4434,0.2331
-0.0350,0.4314,0.2314
-0.0300,0.4255,0.2304
-0.0250,0.4165,0.2299
-0.0250,0.4077,0.2294
-0.0250,0.4016,0.2297
-0.0250,0.3928,0.2309
-0.0150,0.3867,0.2328
-0.0100,0.3779,0.2336
0.0000,0.3718,0.2328
0.0150,0.3630,0.2316
0.0350,0.3540,0.2297
0.0500,0.3481,0.2284
0.0850,0.3391,0.2277
0.1350,0.3303,0.2284
0.1750,0.3242,0.2304
0.1500,0.3154,0.2350
0.0750,0.3093,0.2421
0.0000,0.3035,0.2531
-0.0350,0.3035,0.2673
-0.0450,0.3123,0.2839
-0.0500,0.3333,0.3022
-0.0550,0.3599,0.3220
-0.0550,0.3987,0.3430
-0.0550,0.4463,0.3657
-0.0500,0.4910,0.3899
-0.0150,0.5295,0.4151
-0.0400,0.5713,0.4410
-0.0650,0.6040,0.4667
-0.0700,0.6338,0.4916
-0.0600,0.6516,0.5150
-0.0450,0.6636,0.5373
-0.0500,0.6665,0.5585
-0.0400,0.6636,0.5793
-0.0400,0.6575,0.5993
-0.0350,0.6396,0.6189
-0.0450,0.6248,0.6382
-0.0400,0.6040,0.6570
-0.0350,0.5830,0.6746
-0.0400,0.5623,0.6909
0.2700,0.5444,0.7066
0.3950,0.5266,0.7215
-0.1250,0.5146,0.7359
-0.0700,0.5029,0.7501
-0.0200,0.4968,0.7637
-0.0250,0.4910,0.7772
-0.0300,0.4790,0.7904
-0.0300,0.4731,0.8033
-0.0300,0.4670,0.8151
-0.0300,0.4612,0.8258
-0.0200,0.4553,0.8358
-0.0200,0.4492,0.8451
-0.0150,0.4434,0.8539
-0.0050,0.4373,0.8624
0.0000,0.4314,0.8695
0.0200,0.4255,0.8754
0.0300,0.4194,0.8793
0.0650,0.4106,0.8820
0.1100,0.4016,0.8844
0.1600,0.3958,0.8869
0.1650,0.3867,0.8903
0.1000,0.3838,0.8947
0.0250,0.3809,0.8996
-0.0300,0.3838,0.9050
-0.0500,0.3958,0.9096
-0.0600,0.4165,0.9138
-0.0600,0.4492,0.9164
-0.0600,0.4880,0.9177
-0.0550,0.5237,0.9169
-0.0500,0.5713,0.9145
-0.0150,0.6189,0.9096
-0.0350,0.6636,0.9030
-0.0600,0.7021,0.8952
-0.0750,0.7319,0.8861
-0.0650,0.7527,0.8754
-0.0600,0.7559,0.8629
-0.0500,0.7646,0.8495
-0.0450,0.7678,0.8351
-0.0450,0.7678,0.8190
-0.0400,0.7588,0.8016
-0.0450,0.7468,0.7833
-0.0550,0.7290,0.7640
-0.0500,0.7080,0.7430
-0.0500,0.6873,0.7207
0.1250,0.6665,0.6975
0.4250,0.6426,0.6736
-0.1100,0.6248,0.6504
-0.1350,0.6069,0.6277
-0.0350,0.5920,0.6052
-0.0350,0.5801,0.5834
-0.0350,0.5684,0.5627
-0.0350,0.5564,0.5436
-0.0300,0.5444,0.5272
-0.0250,0.5386,0.5133
-0.0200,0.5266,0.5013
-0.0150,0.5208,0.4906
-0.0100,0.5088,0.4798
-0.0050,0.5029,0.4691
0.0050,0.4968,0.4586
0.0250,0.4910,0.4476
0.0450,0.4790,0.4337
0.0700,0.4670,0.4171
0.1100,0.4612,0.3997
0.1600,0.4492,0.3819
0.1800,0.4373,0.3655
0.1200,0.4285,0.3506
0.0400,0.4194,0.3367
-0.0200,0.4165,0.3240
-0.0550,0.4136,0.3130
-0.0650,0.4194,0.3034
-0.0700,0.4373,0.2949
-0.0650,0.4612,0.2871
-0.0650,0.4939,0.2800
-0.0650,0.5266,0.2734
-0.0500,0.5681,0.2683
-0.0250,0.6099,0.2641
-0.0550,0.6455,0.2602
-0.0750,0.6724,0.2558
-0.0700,0.6963,0.2514
-0.0700,0.7112,0.2470
-0.0600,0.7170,0.2429
-0.0600,0.7170,0.2387
-0.0500,0.7112,0.2336
-0.0550,0.6963,0.2277
-0.0450,0.6785,0.2223
-0.0500,0.6604,0.2174
-0.0550,0.6367,0.2130
-0.0500,0.6128,0.2086
-0.0250,0.5891,0.2038
0.3500,0.5713,0.1984
0.1200,0.5505,0.1935
-0.2000,0.5325,0.1893
-0.0700,0.5208,0.1857
-0.0350,0.5088,0.1823
-0.0400,0.5000,0.1793
-0.0400,0.4910,0.1766
-0.0350,0.4819,0.1749
-0.0300,0.4731,0.1742
-0.0200,0.4641,0.1742
-0.0200,0.4553,0.1749
-0.0150,0.4463,0.1759
-0.0100,0.4373,0.1771
-0.0050,0.4314,0.1776
0.0100,0.4226,0.1774
0.0350,0.4136,0.1766
0.0550,0.4048,0.1754
0.0900,0.3958,0.1730
0.1400,0.3838,0.1698
0.1800,0.3718,0.1678
0.1550,0.3660,0.1669
0.0750,0.3540,0.1659
0.0000,0.3481,0.1647
-0.0450,0.3452,0.1644
-0.0600,0.3511,0.1649
-0.0650,0.3628,0.1647
-0.0700,0.3867,0.1644
-0.0700,0.4165,0.1656
-0.0650,0.4521,0.1681
-0.0600,0.4910,0.1705
-0.0400,0.5266,0.1732
-0.0500,0.5623,0.1769
-0.0700,0.5950,0.1808
-0.0800,0.6189,0.1845
-0.0750,0.6338,0.1876
-0.0700,0.6396,0.1906
-0.0700,0.6367,0.1930
-0.0600,0.6309,0.1942
-0.0550,0.6277,0.1945
-0.0500,0.6160,0.1942
-0.0550,0.5981,0.1933
-0.0650,0.5771,0.1930
-0.0550,0.5564,0.1930
-0.0650,0.5354,0.1925
0.1350,0.5146,0.1915
0.3800,0.4968,0.1901
-0.1500,0.4849,0.1881
-0.1400,0.4670,0.1862
-0.0450,0.4553,0.1842
-0.0450,0.4434,0.1830
-0.0400,0.4314,0.1828
-0.0400,0.4255,0.1832
-0.0350,0.4136,0.1840
-0.0300,0.4077,0.1862
-0.0200,0.3987,0.1893
-0.0100,0.3896,0.1933
-0.0100,0.3838,0.1977
-0.0050,0.3750,0.2013
0.0050,0.3660,0.2043
0.0200,0.3599,0.2057
0.0350,0.3511,0.2060
0.0650,0.3420,0.2045
0.1050,0.3333,0.2016
0.1550,0.3242,0.1986
0.1700,0.3184,0.1959
0.1100,0.3093,0.1942
0.0300,0.3005,0.1933
-0.0250,0.2976,0.1930
-0.0550,0.2976,0.1933
-0.0650,0.3064,0.1950
-0.0650,0.3213,0.1977
-0.0600,0.3450,0.2011
-0.0600,0.3777,0.2050
-0.0600,0.4165,0.2084
-0.0550,0.4583,0.2113
-0.0350,0.4998,0.2148
-0.0600,0.5325,0.2187
-0.0700,0.5681,0.2228
-0.0650,0.5950,0.2272
-0.0600,0.6128,0.2306
-0.0550,0.6248,0.2333
-0.0500,0.6309,0.2355
-0.0500,0.6248,0.2372
-0.0450,0.6160,0.2387
-0.0400,0.6011,0.2394
-0.0500,0.5830,0.2392
-0.0500,0.5652,0.2380
-0.0500,0.5415,0.2363
0.0050,0.5237,0.2341
0.4050,0.5059,0.2323
0.0500,0.4939,0.2314
-0.1850,0.4790,0.2306
-0.0550,0.4612,0.2306
-0.0350,0.4492,0.2326
-0.0400,0.4434,0.2365
-0.0350,0.4314,0.2429
-0.0250,0.4255,0.2512
-0.0250,0.4165,0.2612
-0.0300,0.4106,0.2722
-0.0200,0.4016,0.2849
-0.0150,0.3958,0.2995
-0.0100,0.3896,0.3161
-0.0100,0.3838,0.3345
0.0000,0.3750,0.3521
0.0150,0.3689,0.3692
0.0400,0.3630,0.3865
0.0800,0.3540,0.4041
0.1250,0.3481,0.4222
0.1650,0.3420,0.4405
0.1400,0.3362,0.4598
0.0650,0.3303,0.4803
-0.0050,0.3274,0.5026
-0.0450,0.3274,0.5263
-0.0600,0.3333,0.5497
-0.0650,0.3481,0.5732
-0.0600,0.3748,0.5966
-0.0600,0.4075,0.6198
-0.0550,0.4492,0.6421
-0.0500,0.4910,0.6633
0.0000,0.5325,0.6836
-0.0400,0.5742,0.7034
-0.0650,0.6128,0.7215
-0.0650,0.6426,0.7381
-0.0550,0.6665,0.7527
-0.0400,0.6814,0.7659
-0.0450,0.6904,0.7777
-0.0300,0.6904,0.7887
-0.0350,0.6843,0.7999
-0.0250,0.6755,0.8111
-0.0400,0.6575,0.8216
-0.0350,0.6426,0.8314
-0.0350,0.6218,0.8407
-0.0350,0.6040,0.8495
0.3000,0.5862,0.8578
0.3800,0.5684,0.8659
-0.1150,0.5564,0.8727
-0.0650,0.5444,0.8786
-0.0300,0.5325,0.8847
-0.0400,0.5237,0.8910
-0.0400,0.5146,0.8964
-0.0300,0.5088,0.9013
-0.0250,0.5029,0.9064
-0.0200,0.5000,0.9120
-0.0200,0.4968,0.9169
-0.0250,0.4910,0.9211
-0.0150,0.4849,0.9247
-0.0100,0.4819,0.9274
-0.0050,0.4761,0.9260
0.0100,0.4702,0.9208
0.0300,0.4641,0.9128
0.0600,0.4583,0.9023
0.1050,0.4524,0.8893
0.1600,0.4463,0.8742
0.1600,0.4404,0.8585
0.0950,0.4343,0.8424
0.0150,0.4314,0.8263
-0.0300,0.4343,0.8097
-0.0600,0.4434,0.7931
-0.0600,0.4548,0.7764
-0.0650,0.4836,0.7598
-0.0650,0.5190,0.7430
-0.0500,0.5640,0.7251
-0.0550,0.6155,0.7066
-0.0200,0.6636,0.6885
-0.0400,0.7087,0.6709
-0.0650,0.7505,0.6536
-0.0750,0.7827,0.6365
-0.0650,0.8083,0.6186
-0.0550,0.8245,0.6000
-0.0600,0.8342,0.5820
-0.0500,0.8342,0.5644
-0.0500,0.8308,0.5473
-0.0400,0.8245,0.5302
-0.0500,0.8020,0.5136
-0.0550,0.7761,0.4969
-0.0500,0.7505,0.4808
-0.0500,0.7183,0.4647
0.1350,0.6895,0.4486
0.4050,0.6604,0.4327
-0.1250,0.6348,0.4171
-0.1400,0.6091,0.4017
-0.0300,0.5898,0.3872
-0.0300,0.5706,0.3738
-0.0300,0.5544,0.3611
-0.0250,0.5415,0.3491
-0.0200,0.5288,0.3386
-0.0250,0.5159,0.3296
-0.0200,0.5032,0.3213
-0.0150,0.5000,0.3137
-0.0050,0.4902,0.3069
0.0000,0.4839,0.3000
0.0100,0.4741,0.2929
0.0250,0.4646,0.2849
0.0450,0.4580,0.2753
0.0750,0.4453,0.2646
0.1200,0.4387,0.2531
0.1700,0.4260,0.2416
0.1850,0.4194,0.2319
0.1200,0.4067,0.2233
0.0450,0.4001,0.2155
-0.0200,0.3906,0.2079
-0.0500,0.3906,0.2023
-0.0650,0.3906,0.1981
-0.0600,0.4033,0.1947
-0.0650,0.4258,0.1915
-0.0600,0.4580,0.1896
-0.0600,0.4934,0.1886
-0.0500,0.5320,0.1884
-0.0200,0.5769,0.1886
-0.0600,0.6187,0.1893
-0.0750,0.6509,0.1903
-0.0650,0.6797,0.1913
-0.0600,0.6990,0.1928
-0.0500,0.7087,0.1942
-0.0550,0.7119,0.1955
-0.0450,0.7087,0.1957
-0.0450,0.6958,0.1955
-0.0400,0.6797,0.1955
-0.0500,0.6604,0.1957
-0.0500,0.6348,0.1942
-0.0450,0.6011,0.1915
-0.0150,0.5771,0.1889
0.3600,0.5564,0.1862
0.1250,0.5354,0.1825
-0.1950,0.5208,0.1784
-0.0700,0.5029,0.1754
-0.0350,0.4968,0.1740
-0.0350,0.4849,0.1732
-0.0300,0.4731,0.1735
-0.0200,0.4612,0.1742
-0.0150,0.4492,0.1752
-0.0150,0.4434,0.1766
-0.0100,0.4314,0.1781
-0.0050,0.4255,0.1798
0.0050,0.4194,0.1818
0.0150,0.4106,0.1837
0.0250,0.4016,0.1852
0.0400,0.3928,0.1847
0.0650,0.3838,0.1830
0.1000,0.3750,0.1810
0.1450,0.3660,0.1791
0.1900,0.3540,0.1769
0.1650,0.3481,0.1749
0.0850,0.3362,0.1737
0.0100,0.3303,0.1735
-0.0350,0.3274,0.1740
-0.0500,0.3303,0.1749
-0.0500,0.3420,0.1762
-0.0500,0.3628,0.1776
-0.0400,0.3896,0.1791
-0.0450,0.4253,0.1810
-0.0400,0.4670,0.1837
-0.0250,0.5059,0.1871
-0.0300,0.5386,0.1906
-0.0550,0.5742,0.1935
-0.0650,0.6040,0.1959
-0.0500,0.6248,0.1984
-0.0400,0.6396,0.2003
-0.0400,0.6428,0.2023
-0.0350,0.6428,0.2050
-0.0350,0.6338,0.2084
-0.0250,0.6218,0.2113
-0.0350,0.6069,0.2138
-0.0400,0.5862,0.2157
-0.0300,0.5652,0.2174
-0.0350,0.5415,0.2170
0.1750,0.5237,0.2145
0.3900,0.5029,0.2108
-0.1400,0.4910,0.2065
-0.1100,0.4790,0.2023
-0.0250,0.4670,0.1986
-0.0300,0.4553,0.1959
-0.0250,0.4434,0.1945
-0.0200,0.4373,0.1928
-0.0150,0.4285,0.1911
-0.0100,0.4194,0.1898
-0.0050,0.4136,0.1896
0.0000,0.4077,0.1908
0.0000,0.3987,0.1933
0.0100,0.3928,0.1957
0.0200,0.3838,0.1977
0.0300,0.3779,0.1984
0.0500,0.3689,0.1981
0.0800,0.3599,0.1964
0.1200,0.3540,0.1933
0.1700,0.3452,0.1903
0.1800,0.3362,0.1876
0.1200,0.3303,0.1859
0.0450,0.3242,0.1852
-0.0150,0.3213,0.1862
-0.0450,0.3242,0.1884
-0.0500,0.3362,0.1903
-0.0550,0.3569,0.1925
-0.0550,0.3867,0.1957
-0.0550,0.4224,0.1996
-0.0550,0.4670,0.2038
-0.0400,0.5088,0.2084
-0.0250,0.5503,0.2133
-0.0500,0.5862,0.2184
-0.0650,0.6189,0.2255
-0.0600,0.6458,0.2341
-0.0550,0.6636,0.2431
-0.0500,0.6694,0.2524
-0.0450,0.6726,0.2629
-0.0450,0.6636,0.2744
-0.0400,0.6516,0.2863
-0.0400,0.6367,0.2990
-0.0500,0.6189,0.3122
-0.0450,0.5981,0.3257
-0.0500,0.5771,0.3394
0.0150,0.5564,0.3530
0.4450,0.5386,0.3667
0.0600,0.5237,0.3809
-0.1550,0.5088,0.3960
-0.0550,0.5000,0.4119
-0.0350,0.4968,0.4288
-0.0400,0.4849,0.4461
-0.0350,0.4790,0.4649
-0.0300,0.4731,0.4847
-0.0300,0.4641,0.5055
-0.0250,0.4583,0.5265
-0.0250,0.4492,0.5473
-0.0200,0.4434,0.5673
-0.0200,0.4373,0.5869
-0.0150,0.4314,0.6062
0.0000,0.4255,0.6240
0.0150,0.4165,0.6406
0.0400,0.4106,0.6553
0.0700,0.4016,0.6685
0.1200,0.3958,0.6804
0.1600,0.3867,0.6917
0.1350,0.3809,0.7032
0.0550,0.3779,0.7149
-0.0050,0.3750,0.7269
-0.0450,0.3809,0.7391
-0.0600,0.3867,0.7513
-0.0650,0.4045,0.7635
-0.0600,0.4285,0.7760
-0.0550,0.4670,0.7884
-0.0550,0.5088,0.8009
-0.0450,0.5535,0.8133
0.0000,0.6040,0.8258
-0.0500,0.6545,0.8380
-0.0700,0.6931,0.8493
-0.0750,0.7319,0.8595
-0.0600,0.7617,0.8678
-0.0500,0.7825,0.8749
-0.0500,0.7944,0.8820
-0.0350,0.7976,0.8891
-0.0350,0.7976,0.8952
-0.0200,0.7886,0.9003
-0.0350,0.7766,0.9047
-0.0400,0.7588,0.9081
-0.0450,0.7410,0.9094
-0.0300,0.7200,0.9084
0.3400,0.7021,0.9050
0.2950,0.6785,0.8993
-0.1450,0.6575,0.8923
-0.0650,0.6396,0.8837
-0.0350,0.6218,0.8732
-0.0350,0.6099,0.8612
-0.0350,0.5981,0.8478
-0.0350,0.5862,0.8336
-0.0300,0.5742,0.8199
-0.0250,0.5623,0.8065
-0.0250,0.5505,0.7914
-0.0200,0.5415,0.7745
-0.0150,0.5325,0.7567
-0.0100,0.5266,0.7378
0.0050,0.5178,0.7185
0.0150,0.5088,0.6983
0.0350,0.5029,0.6770
0.0650,0.4968,0.6543
0.1150,0.4910,0.6311
0.1650,0.4790,0.6074
0.1550,0.4731,0.5851
0.0850,0.4641,0.5644
0.0100,0.4583,0.5448
-0.0400,0.4553,0.5260
-0.0600,0.4612,0.5082
-0.0700,0.4731,0.4908
-0.0750,0.4939,0.4750
-0.0700,0.5205,0.4603
-0.0600,0.5593,0.4456
-0.0600,0.6069,0.4307
-0.0200,0.6487,0.4168
-0.0450,0.6963,0.4039
-0.0750,0.7349,0.3914
-0.0850,0.7705,0.3794
-0.0700,0.7974,0.3679
-0.0600,0.8123,0.3567
-0.0600,0.8213,0.3460
-0.0550,0.8184,0.3352
-0.0500,0.8064,0.3245
-0.0450,0.7974,0.3140
-0.0500,0.7795,0.3049
-0.0550,0.7527,0.2966
-0.0500,0.7261,0.2878
-0.0550,0.6963,0.2788
0.1450,0.6665,0.2695
0.3800,0.6367,0.2602
-0.1450,0.6128,0.2509
-0.1350,0.5891,0.2419
-0.0400,0.5652,0.2331
-0.0400,0.5444,0.2245
-0.0450,0.5266,0.2162
-0.0400,0.5146,0.2082
-0.0300,0.5000,0.2013
-0.0250,0.4910,0.1957
-0.0200,0.4849,0.1918
-0.0150,0.4731,0.1893
-0.0100,0.4670,0.1881
-0.0050,0.4583,0.1874
0.0100,0.4492,0.1864
0.0250,0.4404,0.1847
0.0500,0.4314,0.1820
0.0800,0.4255,0.1784
0.1200,0.4136,0.1740
0.1700,0.4048,0.1691
0.1850,0.3958,0.1649
0.1200,0.3838,0.1615
0.0350,0.3779,0.1595
-0.0250,0.3689,0.1588
-0.0550,0.3630,0.1591
-0.0600,0.3660,0.1595
-0.0650,0.3718,0.1598
-0.0650,0.3926,0.1595
-0.0600,0.4194,0.1600
-0.0600,0.4551,0.1610
-0.0500,0.4910,0.1625
-0.0300,0.5325,0.1639
-0.0550,0.5742,0.1647
-0.0750,0.6099,0.1652
-0.0750,0.6426,0.1659
-0.0700,0.6636,0.1671
-0.0550,0.6755,0.1686
-0.0600,0.6843,0.1703
-0.0500,0.6814,0.1722
-0.0500,0.6755,0.1742
-0.0400,0.6604,0.1762
-0.0550,0.6426,0.1781
-0.0500,0.6189,0.1801
-0.0450,0.5950,0.1820
-0.0150,0.5713,0.1830
0.3750,0.5535,0.1832
0.1050,0.5325,0.1828
-0.2000,0.5146,0.1818
-0.0700,0.5000,0.1806
-0.0450,0.4910,0.1791
-0.0500,0.4790,0.1784
-0.0400,0.4670,0.1786
-0.0350,0.4612,0.1791
-0.0300,0.4492,0.1801
-0.0200,0.4404,0.1813
-0.0150,0.4314,0.1828
-0.0150,0.4226,0.1842
-0.0150,0.4136,0.1857
0.0000,0.4077,0.1874
0.0100,0.3987,0.1889
0.0250,0.3896,0.1884
0.0500,0.3838,0.1867
0.0900,0.3750,0.1847
0.1350,0.3660,0.1825
0.1750,0.3599,0.1803
0.1500,0.3511,0.1781
0.0700,0.3420,0.1769
-0.0050,0.3455,0.1766
-0.0500,0.3398,0.1781
-0.0650,0.3398,0.1808
-0.0700,0.3511,0.1832
-0.0700,0.3652,0.1857
-0.0600,0.3904,0.1889
-0.0600,0.4241,0.1928
-0.0550,0.4663,0.1962
-0.0350,0.5054,0.1994
-0.0450,0.5447,0.2043
-0.0700,0.5840,0.2101
-0.0750,0.6177,0.2148
-0.0700,0.6458,0.2187
-0.0650,0.6597,0.2218
-0.0600,0.6709,0.2240
-0.0550,0.6738,0.2250
-0.0550,0.6682,0.2250
-0.0400,0.6597,0.2250
-0.0500,0.6428,0.2253
-0.0550,0.6233,0.2245
-0.0500,0.6035,0.2233
-0.0500,0.5840,0.2226
0.1900,0.5615,0.2221
0.3600,0.5447,0.2209
-0.1600,0.5278,0.2192
-0.1150,0.5137,0.2170
-0.0350,0.5000,0.2145
-0.0400,0.4915,0.2128
-0.0350,0.4802,0.2121
-0.0300,0.4746,0.2116
-0.0250,0.4634,0.2118
-0.0200,0.4551,0.2130
-0.0150,0.4465,0.2155
-0.0100,0.4409,0.2174
-0.0050,0.4326,0.2192
-0.0050,0.4241,0.2206
0.0050,0.4185,0.2218
0.0200,0.4102,0.2221
0.0400,0.4016,0.2214
0.0650,0.3960,0.2199
0.1150,0.3848,0.2182
0.1650,0.3792,0.2182
0.1750,0.3679,0.2196
0.1150,0.3623,0.2231
0.0350,0.3540,0.2282
-0.0200,0.3511,0.2363
-0.0450,0.3540,0.2470
-0.0600,0.3623,0.2597
-0.0600,0.3765,0.2744
-0.0600,0.4072,0.2910
-0.0550,0.4409,0.3093
-0.0550,0.4832,0.3291
-0.0300,0.5222,0.3499
-0.0350,0.5671,0.3716
-0.0600,0.6121,0.3938
-0.0750,0.6484,0.4163
-0.0650,0.6794,0.4390
-0.0550,0.6990,0.4608
-0.0500,0.7102,0.4823
-0.0500,0.7188,0.5040
-0.0400,0.7158,0.5260
-0.0400,0.7102,0.5473
-0.0400,0.6934,0.5678
-0.0450,0.6765,0.5888
-0.0400,0.6570,0.6103
-0.0400,0.6372,0.6311
0.0500,0.6177,0.6511
0.4850,0.5979,0.6685
0.0450,0.5811,0.6836
-0.1300,0.5642,0.6980
-0.0350,0.5530,0.7122
-0.0300,0.5417,0.7259
-0.0350,0.5305,0.7396
-0.0350,0.5249,0.7527
-0.0300,0.5137,0.7659
-0.0250,0.5081,0.7801
-0.0200,0.5000,0.7948
-0.0200,0.5000,0.8092
-0.0150,0.4915,0.8231
-0.0050,0.4858,0.8356
0.0000,0.4775,0.8466
0.0050,0.4690,0.8571
0.0250,0.4634,0.8664
0.0500,0.4551,0.8732
0.0800,0.4465,0.8778
0.1250,0.4409,0.8817
0.1650,0.4326,0.8854
0.1350,0.4241,0.8888
0.0550,0.4185,0.8920
-0.0100,0.4158,0.8962
-0.0450,0.4214,0.9006
-0.0600,0.4326,0.9047
-0.0550,0.4551,0.9086
-0.0500,0.4858,0.9133
-0.0450,0.5222,0.9182
-0.0450,0.5671,0.9226
-0.0400,0.6177,0.9260
0.0000,0.6682,0.9272
-0.0450,0.7102,0.9262
-0.0700,0.7495,0.9228
-0.0700,0.7805,0.9172
-0.0550,0.8030,0.9098
-0.0450,0.8169,0.9013
-0.0500,0.8254,0.8908
-0.0350,0.8254,0.8786
-0.0400,0.8169,0.8651
-0.0300,0.8030,0.8510
-0.0450,0.7805,0.8361
-0.0400,0.7581,0.8209
-0.0400,0.7300,0.8053
-0.0050,0.7075,0.7892
0.3800,0.6794,0.7718
0.1550,0.6570,0.7535
-0.1750,0.6401,0.7344
-0.0550,0.6177,0.7149
-0.0250,0.6008,0.6948
-0.0350,0.5867,0.6746
-0.0350,0.5698,0.6553
-0.0250,0.5586,0.6365
-0.0250,0.5447,0.6184
-0.0250,0.5305,0.6010
-0.0150,0.5193,0.5849
-0.0150,0.5081,0.5698
-0.0100,0.5027,0.5534
-0.0050,0.4968,0.5363
0.0050,0.4910,0.5192
0.0250,0.4790,0.5023
0.0500,0.4731,0.4838
0.0900,0.4670,0.4635
0.1400,0.4583,0.4430
0.1850,0.4492,0.4229
0.1600,0.4373,0.4048
0.0800,0.4255,0.3887
0.0050,0.4194,0.3738
-0.0400,0.4106,0.3604
-0.0600,0.4106,0.3499
-0.0650,0.4194,0.3416
-0.0650,0.4402,0.3340
-0.0550,0.4670,0.3269
-0.0550,0.4998,0.3205
-0.0550,0.5415,0.3142
-0.0250,0.5891,0.3083
-0.0450,0.6309,0.3025
-0.0650,0.6753,0.2971
-0.0750,0.7112,0.2915
-0.0650,0.7378,0.2849
-0.0600,0.7527,0.2775
-0.0550,0.7646,0.2710
-0.0500,0.7646,0.2646
-0.0500,0.7588,0.2578
-0.0450,0.7439,0.2507
-0.0500,0.7261,0.2451
-0.0550,0.7021,0.2409
-0.0500,0.6724,0.2370
-0.0500,0.6455,0.2328
0.1550,0.6189,0.2277
0.3750,0.5891,0.2218
-0.1550,0.5652,0.2155
-0.1350,0.5415,0.2091
-0.0400,0.5237,0.2035
-0.0350,0.5088,0.1984
-0.0400,0.5000,0.1940
-0.0350,0.4910,0.1903
-0.0300,0.4790,0.1879
-0.0200,0.4670,0.1867
-0.0150,0.4553,0.1859
-0.0100,0.4463,0.1859
-0.0050,0.4373,0.1854
0.0000,0.4255,0.1845
0.0150,0.4194,0.1830
0.0300,0.4077,0.1813
0.0500,0.4016,0.1786
0.0800,0.3896,0.1749
0.1250,0.3809,0.1715
0.1750,0.3718,0.1686
0.1900,0.3599,0.1659
0.1200,0.3481,0.1637
0.0350,0.3420,0.1625
-0.0200,0.3333,0.1622
-0.0450,0.3333,0.1625
-0.0550,0.3362,0.1634
-0.0600,0.3511,0.1649
-0.0600,0.3748,0.1664
-0.0550,0.4075,0.1683
-0.0550,0.4463,0.1705
-0.0450,0.4880,0.1737
-0.0300,0.5278,0.1776
-0.0550,0.5642,0.1810
-0.0700,0.5979,0.1840
-0.0650,0.6233,0.1867
-0.0600,0.6428,0.1891
-0.0550,0.6514,0.1915
-0.0500,0.6514,0.1940
-0.0450,0.6484,0.1972
-0.0450,0.6372,0.2006
-0.0400,0.6204,0.2028
-0.0500,0.6008,0.2038
-0.0400,0.5784,0.2047
-0.0400,0.5559,0.2057
0.0000,0.5334,0.2057
0.3950,0.5166,0.2050
0.0700,0.5000,0.2038
-0.1900,0.4858,0.2023
-0.0600,0.4746,0.2011
-0.0350,0.4578,0.2008
-0.0400,0.4495,0.2008
-0.0350,0.4409,0.2013
-0.0300,0.4297,0.2021
-0.0250,0.4214,0.2030
-0.0200,0.4128,0.2040
-0.0200,0.4016,0.2047
-0.0200,0.3960,0.2038
-0.0150,0.3848,0.2011
0.0000,0.3792,0.1974
0.0150,0.3708,0.1928
0.0300,0.3623,0.1864
0.0600,0.3567,0.1791
0.0950,0.3455,0.1718
0.1400,0.3398,0.1649
0.1800,0.3286,0.1603
0.1550,0.3230,0.1576
0.0700,0.3147,0.1564
0.0050,0.3091,0.1561
-0.0300,0.3091,0.1576
-0.0500,0.3118,0.1603
-0.0600,0.3259,0.1632
-0.0500,0.3511,0.1661
-0.0450,0.3821,0.1698
-0.0450,0.4214,0.1744
-0.0450,0.4663,0.1793
-0.0250,0.5083,0.1847
-0.0350,0.5474,0.1901
-0.0600,0.5840,0.1959
-0.0650,0.6147,0.2025
-0.0550,0.6372,0.2099
-0.0400,0.6484,0.2170
-0.0500,0.6570,0.2236
-0.0450,0.6541,0.2297
-0.0550,0.6514,0.2353
-0.0450,0.6428,0.2387
-0.0450,0.6289,0.2402
-0.0400,0.6121,0.2402
-0.0350,0.5896,0.2392
-0.0450,0.5671,0.2375
0.2150,0.5447,0.2353
0.3450,0.5222,0.2326
-0.1750,0.5054,0.2297
-0.1050,0.4915,0.2275
-0.0300,0.4775,0.2262
-0.0300,0.4634,0.2265
-0.0300,0.4521,0.2282
-0.0250,0.4409,0.2316
-0.0150,0.4297,0.2367
-0.0150,0.4241,0.2451
-0.0150,0.4128,0.2558
-0.0100,0.4045,0.2678
-0.0050,0.3960,0.2802
0.0050,0.3877,0.2944
0.0150,0.3792,0.3096
0.0350,0.3735,0.3235
0.0500,0.3623,0.3367
0.0650,0.3567,0.3508
0.1050,0.3484,0.3665
0.1550,0.3398,0.3841
0.1600,0.3342,0.4029
0.0900,0.3259,0.4232
0.0150,0.3203,0.4444
-0.0300,0.3203,0.4671
-0.0600,0.3230,0.4911
-0.0800,0.3342,0.5150
-0.0850,0.3484,0.5385
-0.0600,0.3735,0.5600
-0.0350,0.4102,0.5798
-0.0300,0.4495,0.5988
0.0050,0.4915,0.6179
-0.0150,0.5334,0.6365
-0.0350,0.5784,0.6548
-0.0500,0.6147,0.6721
-0.0500,0.6458,0.6885
-0.0400,0.6653,0.7051
-0.0300,0.6794,0.7217
-0.0300,0.6851,0.7376
-0.0250,0.6851,0.7525
-0.0200,0.6794,0.7659
-0.0200,0.6682,0.7782
-0.0250,0.6541,0.7904
-0.0250,0.6345,0.8023
-0.0300,0.6177,0.8133
0.0900,0.6008,0.8234
0.5150,0.5840,0.8317
0.0350,0.5671,0.8387
-0.1000,0.5530,0.8461
-0.0250,0.5417,0.8532
-0.0250,0.5305,0.8593
-0.0300,0.5193,0.8646
-0.0300,0.5081,0.8703
-0.0250,0.5027,0.8761
-0.0200,0.5000,0.8825
-0.0200,0.4915,0.8888
-0.0200,0.4858,0.8945
-0.0150,0.4802,0.8991
-0.0050,0.4746,0.9020
-0.0050,0.4690,0.9035
0.0050,0.4663,0.9030
0.0250,0.4578,0.9003
0.0400,0.4521,0.8935
0.0700,0.4465,0.8832
0.1250,0.4382,0.8712
0.1650,0.4297,0.8581
0.1250,0.4241,0.8453
0.0450,0.4136,0.8326
-0.0150,0.4106,0.8199
-0.0500,0.4106,0.8075
-0.0650,0.4194,0.7965
-0.0650,0.4402,0.7862
-0.0700,0.4700,0.7757
-0.0650,0.5059,0.7650
-0.0650,0.5474,0.7537
-0.0550,0.5950,0.7422
-0.0300,0.6487,0.7298
-0.0550,0.6902,0.7161
-0.0750,0.7290,0.7010
-0.0650,0.7617,0.6841
-0.0600,0.7854,0.6663
-0.0500,0.8005,0.6477
-0.0600,0.8093,0.6296
-0.0500,0.8064,0.6120
-0.0500,0.8005,0.5949
-0.0450,0.7825,0.5781
-0.0550,0.7617,0.5614
-0.0500,0.7378,0.5448
-0.0500,0.7080,0.5275
-0.0050,0.6785,0.5094
0.3800,0.6516,0.4916
0.1000,0.6248,0.4745
-0.1950,0.6011,0.4576
-0.0700,0.5771,0.4412
-0.0400,0.5593,0.4261
-0.0400,0.5415,0.4122
-0.0450,0.5266,0.3990
-0.0350,0.5146,0.3865
-0.0300,0.5029,0.3758
-0.0250,0.5000,0.3660
-0.0200,0.4910,0.3562
-0.0150,0.4819,0.3464
-0.0100,0.4731,0.3367
0.0050,0.4612,0.3267
0.0150,0.4524,0.3157
0.0300,0.4434,0.3039
0.0500,0.4314,0.2925
0.0900,0.4194,0.2812
0.1400,0.4106,0.2695
0.1800,0.4016,0.2575
0.1550,0.3896,0.2473
0.0700,0.3809,0.2385
-0.0050,0.3718,0.2309
-0.0500,0.3689,0.2245
-0.0650,0.3718,0.2199
-0.0750,0.3809,0.2167
-0.0750,0.3987,0.2138
-0.0700,0.4314,0.2106
-0.0650,0.4670,0.2084
-0.0600,0.5059,0.2072
-0.0350,0.5444,0.2067
-0.0450,0.5833,0.2067
-0.0700,0.6157,0.2069
-0.0750,0.6426,0.2074
-0.0700,0.6575,0.2072
-0.0700,0.6694,0.2062
-0.0650,0.6726,0.2057
-0.0600,0.6636,0.2055
-0.0550,0.6516,0.2047
-0.0500,0.6367,0.2033
-0.0600,0.6128,0.2016
-0.0600,0.5891,0.1996
-0.0550,0.5652,0.1974
-0.0600,0.5415,0.1950
0.1600,0.5176,0.1913
0.3650,0.4968,0.1869
-0.1700,0.4819,0.1830
-0.1350,0.4641,0.1796
-0.0500,0.4492,0.1766
-0.0400,0.4343,0.1737
-0.0400,0.4226,0.1713
-0.0350,0.4194,0.1688
-0.0300,0.4077,0.1676
-0.0250,0.3987,0.1674
-0.0250,0.3896,0.1676
-0.0150,0.3809,0.1686
-0.0100,0.3718,0.1698
-0.0050,0.3630,0.1713
0.0050,0.3540,0.1720
0.0300,0.3452,0.1720
0.0500,0.3362,0.1715
0.0800,0.3242,0.1703
0.1250,0.3184,0.1681
0.1750,0.3064,0.1649
0.1800,0.2976,0.1620
0.1200,0.2886,0.1595
0.0350,0.2798,0.1583
-0.0200,0.2737,0.1581
-0.0500,0.2678,0.1586
-0.0650,0.2766,0.1595
-0.0700,0.2886,0.1610
-0.0650,0.3123,0.1627
-0.0550,0.3450,0.1659
-0.0600,0.3867,0.1698
-0.0500,0.4343,0.1732
-0.0300,0.4819,0.1766
-0.0550,0.5146,0.1806
-0.0700,0.5503,0.1849
-0.0650,0.5771,0.1889
-0.0600,0.5981,0.1923
-0.0600,0.6069,0.1962
-0.0550,0.6069,0.2006
-0.0500,0.6040,0.2043
-0.0500,0.5920,0.2074
-0.0500,0.5771,0.2101
-0.0600,0.5593,0.2123
-0.0600,0.5354,0.2130
-0.0550,0.5117,0.2128
-0.0050,0.4939,0.2118
0.4000,0.4731,0.2104
0.0400,0.4521,0.2084
-0.1900,0.4343,0.2062
-0.0600,0.4165,0.2038
-0.0450,0.4016,0.2013
-0.0450,0.3896,0.1996
-0.0400,0.3779,0.1989
-0.0300,0.3718,0.1986
-0.0250,0.3630,0.1991
-0.0200,0.3569,0.2008
-0.0250,0.3481,0.2033
-0.0150,0.3420,0.2057
0.0000,0.3362,0.2079
0.0050,0.3303,0.2086
0.0150,0.3213,0.2084
0.0350,0.3123,0.2077
0.0600,0.3035,0.2060
0.0950,0.2944,0.2030
0.1500,0.2856,0.1994
0.1800,0.2798,0.1967
0.1450,0.2737,0.1950
0.0650,0.2708,0.1942
0.0000,0.2678,0.1940
-0.0400,0.2737,0.1942
-0.0500,0.2827,0.1950
-0.0550,0.3035,0.1959
-0.0550,0.3301,0.1972
-0.0500,0.3660,0.1994
-0.0450,0.4106,0.2023
-0.0500,0.4583,0.2050
-0.0250,0.5027,0.2074
-0.0450,0.5474,0.2106
-0.0700,0.5862,0.2145
-0.0700,0.6157,0.2196
-0.0600,0.6367,0.2260
-0.0550,0.6516,0.2319
-0.0550,0.6545,0.2377
-0.0450,0.6516,0.2443
-0.0450,0.6458,0.2519
-0.0400,0.6277,0.2609
-0.0500,0.6099,0.2714
-0.0450,0.5891,0.2827
-0.0500,0.5652,0.2946
-0.0500,0.5444,0.3071
0.2600,0.5237,0.3203
0.3200,0.5059,0.3335
-0.1650,0.4939,0.3472
-0.0800,0.4790,0.3609
-0.0300,0.4670,0.3748
-0.0350,0.4553,0.3897
-0.0350,0.4434,0.4058
-0.0350,0.4314,0.4237
-0.0300,0.4226,0.4430
-0.0250,0.4136,0.4632
-0.0200,0.4077,0.4842
-0.0150,0.3958,0.5060
-0.0100,0.3896,0.5280
0.0000,0.3838,0.5502
0.0100,0.3750,0.5724
0.0200,0.3660,0.5930
0.0350,0.3599,0.6118
0.0700,0.3511,0.6291
0.1100,0.3452,0.6455
0.1650,0.3362,0.6611
0.1700,0.3303,0.6763
0.1050,0.3242,0.6919
0.0300,0.3184,0.7080
-0.0200,0.3184,0.7234
-0.0450,0.3242,0.7381
-0.0500,0.3391,0.7535
-0.0550,0.3660,0.7691
-0.0500,0.4016,0.7843
-0.0450,0.4463,0.7987
-0.0350,0.4910,0.8116
0.0100,0.5386,0.8231
-0.0200,0.5862,0.8336
-0.0500,0.6277,0.8434
-0.0650,0.6636,0.8527
-0.0600,0.6902,0.8612
-0.0450,0.7112,0.8686
-0.0350,0.7202,0.8749
-0.0350,0.7261,0.8813
-0.0300,0.7231,0.8879
-0.0250,0.7170,0.8947
-0.0300,0.7021,0.9015
-0.0350,0.6843,0.9084
-0.0300,0.6665,0.9150
-0.0350,0.6426,0.9199
0.1300,0.6248,0.9230
0.5100,0.6011,0.9255
-0.0300,0.5830,0.9274
-0.1000,0.5684,0.9267
-0.0300,0.5505,0.9230
-0.0350,0.5386,0.9172
-0.0350,0.5356,0.9098
-0.0300,0.5266,0.9013
-0.0250,0.5146,0.8918
-0.0200,0.5088,0.8805
-0.0200,0.5000,0.8681
-0.0150,0.4968,0.8544
-0.0100,0.4910,0.8397
-0.0050,0.4819,0.8236
0.0000,0.4731,0.8060
0.0100,0.4670,0.7877
0.0300,0.4583,0.7681
0.0600,0.4492,0.7471
0.1000,0.4404,0.7249
0.1500,0.4314,0.7029
0.1750,0.4194,0.6812
0.1300,0.4136,0.6604
0.0450,0.4016,0.6406
-0.0200,0.3958,0.6218
-0.0550,0.3928,0.6040
-0.0650,0.3928,0.5876
-0.0700,0.3987,0.5722
-0.0700,0.4165,0.5568
-0.0650,0.4434,0.5412
-0.0600,0.4790,0.5255
-0.0550,0.5176,0.5101
-0.0250,0.5593,0.4957
-0.0600,0.6069,0.4820
-0.0800,0.6455,0.4679
-0.0750,0.6843,0.4535
-0.0650,0.7141,0.4376
-0.0550,0.7349,0.4210
-0.0550,0.7468,0.4043
-0.0450,0.7559,0.3882
-0.0450,0.7498,0.3721
-0.0400,0.7410,0.3565
-0.0500,0.7231,0.3420
-0.0450,0.7021,0.3289
-0.0500,0.6785,0.3174
0.0050,0.6545,0.3074
0.4000,0.6306,0.2973
0.0650,0.6069,0.2873
-0.1900,0.5830,0.2788
-0.0550,0.5652,0.2707
-0.0350,0.5474,0.2636
-0.0350,0.5325,0.2573
-0.0300,0.5146,0.2514
-0.0300,0.5029,0.2460
-0.0300,0.4968,0.2409
-0.0300,0.4849,0.2360
-0.0250,0.4731,0.2316
-0.0200,0.4670,0.2272
-0.0050,0.4553,0.2231
0.0050,0.4434,0.2189
0.0150,0.4373,0.2140
0.0350,0.4255,0.2084
0.0650,0.4165,0.2023
0.1050,0.4077,0.1959
0.1550,0.3958,0.1896
0.1900,0.3838,0.1830
0.1500,0.3718,0.1774
0.0700,0.3599,0.1727
-0.0050,0.3481,0.1688
-0.0450,0.3420,0.1654
-0.0600,0.3362,0.1625
-0.0700,0.3391,0.1598
-0.0700,0.3481,0.1586
-0.0700,0.3689,0.1583
-0.0650,0.3958,0.1588
-0.0650,0.4285,0.1598
-0.0450,0.4670,0.1613
-0.0550,0.5027,0.1630
-0.0750,0.5386,0.1649
-0.0800,0.5681,0.1669
-0.0700,0.5950,0.1688
-0.0650,0.6099,0.1713
-0.0650,0.6189,0.1735
-0.0600,0.6218,0.1757
-0.0550,0.6160,0.1776
-0.0500,0.6040,0.1798
-0.0600,0.5862,0.1810
-0.0650,0.5652,0.1813
-0.0600,0.5474,0.1808
-0.0650,0.5237,0.1798
0.1650,0.5029,0.1786
0.3550,0.4849,0.1771
-0.1750,0.4670,0.1757
-0.1250,0.4492,0.1740
-0.0450,0.4343,0.1732
-0.0500,0.4194,0.1732
-0.0450,0.4077,0.1737
-0.0400,0.3958,0.1747
-0.0350,0.3896,0.1759
-0.0300,0.3779,0.1774
-0.0250,0.3689,0.1791
-0.0200,0.3599,0.1810
-0.0100,0.3511,0.1830
0.0000,0.3452,0.1847
0.0050,0.3362,0.1854
0.0250,0.3274,0.1854
0.0400,0.3184,0.1847
0.0750,0.3123,0.1837
0.1200,0.3035,0.1823
0.1650,0.2944,0.1808
0.1700,0.2886,0.1788
0.1050,0.2922,0.1771
0.0250,0.2837,0.1764
-0.0300,0.2781,0.1762
-0.0600,0.2754,0.1766
-0.0700,0.2837,0.1776
-0.0700,0.2979,0.1788
-0.0650,0.3203,0.1803
-0.0650,0.3511,0.1830
-0.0650,0.3877,0.1864
-0.0600,0.4326,0.1893
-0.0350,0.4719,0.1920
-0.0650,0.5083,0.1945
-0.0800,0.5447,0.1969
-0.0750,0.5728,0.2001
-0.0700,0.5896,0.2038
-0.0650,0.6035,0.2069
-0.0600,0.6064,0.2096
-0.0550,0.6035,0.2121
-0.0550,0.5979,0.2138
-0.0450,0.5840,0.2145
-0.0650,0.5671,0.2143
-0.0600,0.5474,0.2143
-0.0600,0.5278,0.2145
0.0150,0.5081,0.2138
0.4150,0.4944,0.2126
0.0050,0.4746,0.2108
-0.1850,0.4578,0.2089
-0.0600,0.4465,0.2065
-0.0450,0.4353,0.2040
-0.0450,0.4241,0.2023
-0.0450,0.4128,0.2016
-0.0350,0.4045,0.2013
-0.0300,0.3960,0.2016
-0.0300,0.3904,0.2021
-0.0250,0.3821,0.2028
-0.0200,0.3735,0.2050
-0.0150,0.3679,0.2077
-0.0100,0.3596,0.2091
0.0050,0.3540,0.2094
0.0250,0.3455,0.2086
0.0500,0.3398,0.2074
0.0850,0.3315,0.2047
0.1400,0.3230,0.2011
0.1750,0.3147,0.1984
0.1350,0.3062,0.1972
0.0550,0.2949,0.1984
-0.0100,0.2893,0.2021
-0.0500,0.2893,0.2074
-0.0650,0.2949,0.2143
-0.0700,0.3091,0.2236
-0.0700,0.3342,0.2353
-0.0650,0.3679,0.2487
-0.0650,0.4045,0.2639
-0.0650,0.4495,0.2810
-0.0350,0.4915,0.2998
-0.0600,0.5334,0.3198
-0.0850,0.5698,0.3408
-0.0850,0.6008,0.3626
-0.0750,0.6260,0.3848
-0.0650,0.6428,0.4075
-0.0700,0.6484,0.4302
-0.0550,0.6514,0.4522
-0.0600,0.6428,0.4737
-0.0450,0.6345,0.4955
-0.0600,0.6204,0.5172
-0.0600,0.6008,0.5373
-0.0550,0.5840,0.5558
-0.0500,0.5615,0.5732
0.3000,0.5417,0.5895
0.3150,0.5222,0.6052
-0.1550,0.5054,0.6203
-0.0750,0.4944,0.6362
-0.0450,0.4802,0.6526
-0.0500,0.4690,0.6692
-0.0500,0.4607,0.6860
-0.0450,0.4521,0.7019
-0.0400,0.4465,0.7176
-0.0350,0.4409,0.7334
-0.0300,0.4353,0.7496
-0.0250,0.4297,0.7650
-0.0250,0.4241,0.7796
-0.0200,0.4214,0.7926
-0.0100,0.4158,0.8043
0.0050,0.4102,0.8141
0.0250,0.4045,0.8219
0.0550,0.3989,0.8285
0.1000,0.3933,0.8344
0.1500,0.3877,0.8405
0.1550,0.3821,0.8466
0.0900,0.3765,0.8519
0.0100,0.3708,0.8571
-0.0400,0.3708,0.8634
-0.0650,0.3735,0.8708
-0.0700,0.3877,0.8774
-0.0650,0.4072,0.8832
-0.0600,0.4409,0.8891
-0.0600,0.4775,0.8954
-0.0550,0.5166,0.9018
-0.0050,0.5615,0.9084
-0.0450,0.6064,0.9140
-0.0600,0.6458,0.9184
-0.0800,0.6821,0.9204
-0.0700,0.7075,0.9199
-0.0550,0.7271,0.9167
-0.0600,0.7383,0.9111
-0.0550,0.7439,0.9030
-0.0500,0.7412,0.8927
-0.0450,0.7383,0.8808
-0.0500,0.7271,0.8676
-0.0500,0.7158,0.8537
-0.0400,0.6990,0.8387
-0.0450,0.6794,0.8234
0.1700,0.6570,0.8075
0.4100,0.6401,0.7904
-0.1350,0.6204,0.7720
-0.1150,0.6008,0.7520
-0.0300,0.5867,0.7305
-0.0300,0.5698,0.7090
-0.0350,0.5586,0.6875
-0.0350,0.5474,0.6672
-0.0300,0.5391,0.6479
-0.0250,0.5305,0.6291
-0.0150,0.5222,0.6110
-0.0100,0.5137,0.5935
-0.0050,0.5059,0.5761
0.0000,0.5000,0.5583
0.0100,0.4968,0.5395
0.0200,0.4880,0.5204
0.0400,0.4790,0.5009
0.0750,0.4670,0.4811
0.1200,0.4612,0.4613
0.1700,0.4492,0.4425
0.1800,0.4373,0.4244
0.1150,0.4255,0.4080
0.0350,0.4165,0.3934
-0.0250,0.4077,0.3806
-0.0500,0.4048,0.3697
-0.0600,0.4048,0.3601
-0.0650,0.4136,0.3516
-0.0600,0.4343,0.3438
-0.0600,0.4612,0.3364
-0.0550,0.4939,0.3286
-0.0400,0.5295,0.3203
-0.0250,0.5742,0.3127
-0.0550,0.6157,0.3056
-0.0800,0.6516,0.2990
-0.0700,0.6785,0.2927
-0.0650,0.7021,0.2856
-0.0550,0.7141,0.2778
-0.0500,0.7202,0.2707
-0.0400,0.7202,0.2639
-0.0400,0.7112,0.2568
-0.0350,0.6934,0.2495
-0.0450,0.6724,0.2429
-0.0400,0.6545,0.2367
-0.0400,0.6277,0.2301
0.0200,0.6011,0.2233
0.4100,0.5771,0.2162
0.0500,0.5593,0.2091
-0.1850,0.5354,0.2030
-0.0500,0.5208,0.1977
-0.0300,0.5029,0.1930
-0.0350,0.4968,0.1889
-0.0300,0.4849,0.1852
-0.0300,0.4731,0.1818
-0.0300,0.4612,0.1788
-0.0200,0.4553,0.1762
-0.0150,0.4434,0.1744
-0.0050,0.4343,0.1737
0.0050,0.4255,0.1727
0.0100,0.4165,0.1718
0.0200,0.4077,0.1715
0.0450,0.3958,0.1715
0.0700,0.3896,0.1703
0.1100,0.3779,0.1678
0.1650,0.3689,0.1654
0.1950,0.3599,0.1632
0.1550,0.3481,0.1613
0.0700,0.3420,0.1595
-0.0050,0.3333,0.1588
-0.0450,0.3274,0.1588
-0.0600,0.3274,0.1583
-0.0650,0.3303,0.1578
-0.0650,0.3450,0.1581
-0.0600,0.3689,0.1586
-0.0550,0.4016,0.1588
-0.0500,0.4373,0.1588
-0.0350,0.4790,0.1593
-0.0550,0.5146,0.1603
-0.0650,0.5474,0.1617
-0.0750,0.5771,0.1634
-0.0700,0.5981,0.1654
-0.0600,0.6130,0.1674
-0.0550,0.6189,0.1693
-0.0500,0.6160,0.1718
-0.0500,0.6099,0.1749
-0.0450,0.5981,0.1788
-0.0550,0.5771,0.1825
-0.0500,0.5593,0.1857
-0.0450,0.5354,0.1874
-0.0500,0.5176,0.1879
0.2050,0.4968,0.1867
0.3450,0.4819,0.1842
-0.1700,0.4641,0.1818
-0.1050,0.4492,0.1793
-0.0300,0.4373,0.1781
-0.0350,0.4255,0.1776
-0.0350,0.4136,0.1779
-0.0250,0.4048,0.1786
-0.0250,0.3958,0.1796
-0.0250,0.3896,0.1810
-0.0150,0.3809,0.1835
-0.0150,0.3718,0.1869
-0.0100,0.3660,0.1898
-0.0050,0.3569,0.1925
0.0050,0.3481,0.1950
0.0200,0.3420,0.1969
0.0450,0.3333,0.1969
0.0750,0.3274,0.1952
0.1200,0.3184,0.1933
0.1750,0.3123,0.1908
0.1800,0.3035,0.1884
0.1100,0.2944,0.1862
0.0250,0.2886,0.1849
-0.0300,0.2856,0.1847
-0.0500,0.2856,0.1859
-0.0600,0.2974,0.1884
-0.0600,0.3184,0.1908
-0.0650,0.3479,0.1933
-0.0500,0.3867,0.1974
-0.0500,0.4314,0.2030
-0.0450,0.4761,0.2089
-0.0300,0.5176,0.2143
-0.0550,0.5564,0.2189
-0.0700,0.5920,0.2226
-0.0650,0.6189,0.2265
-0.0650,0.6338,0.2304
-0.0550,0.6458,0.2336
-0.0500,0.6487,0.2363
-0.0450,0.6428,0.2382
-0.0400,0.6396,0.2394
-0.0400,0.6277,0.2397
-0.0500,0.6128,0.2389
-0.0450,0.5950,0.2372
-0.0500,0.5713,0.2350
0.0450,0.5505,0.2323
0.4350,0.5295,0.2294
-0.0150,0.5088,0.2265
-0.1700,0.4971,0.2233
-0.0450,0.4802,0.2211
-0.0300,0.4690,0.2196
-0.0300,0.4578,0.2189
-0.0300,0.4465,0.2189
-0.0250,0.4409,0.2209
-0.0250,0.4297,0.2248
-0.0200,0.4241,0.2299
-0.0200,0.4128,0.2365
-0.0100,0.4072,0.2448
-0.0100,0.3989,0.2546
0.0000,0.3933,0.2656
0.0100,0.3848,0.2773
0.0250,0.3792,0.2885
0.0500,0.3735,0.2993
0.0900,0.3652,0.3108
0.1400,0.3567,0.3230
0.1750,0.3511,0.3357
0.1400,0.3428,0.3491
0.0600,0.3342,0.3648
0.0000,0.3286,0.3826
-0.0400,0.3259,0.4029
-0.0550,0.3286,0.4251
-0.0550,0.3342,0.4488
-0.0550,0.3540,0.4740
-0.0500,0.3792,0.4996
-0.0500,0.4128,0.5260
-0.0400,0.4521,0.5517
0.0050,0.4915,0.5768
-0.0450,0.5305,0.6013
-0.0600,0.5698,0.6255
-0.0600,0.6035,0.6482
-0.0550,0.6289,0.6697
-0.0450,0.6514,0.6880
-0.0450,0.6653,0.7041
-0.0350,0.6682,0.7193
-0.0350,0.6682,0.7337
-0.0300,0.6597,0.7466
-0.0400,0.6484,0.7586
-0.0400,0.6316,0.7706
-0.0300,0.6147,0.7826
-0.0250,0.5952,0.7935
0.3550,0.5784,0.8036
0.3150,0.5615,0.8119
-0.1300,0.5474,0.8190
-0.0500,0.5305,0.8263
-0.0300,0.5193,0.8334
-0.0350,0.5081,0.8395
-0.0350,0.5027,0.8446
-0.0300,0.5000,0.8493
-0.0300,0.4915,0.8537
-0.0250,0.4858,0.8583
-0.0250,0.4802,0.8637
-0.0250,0.4746,0.8695
-0.0150,0.4690,0.8756
-0.0100,0.4634,0.8808
0.0050,0.4578,0.8854
0.0200,0.4521,0.8893
0.0400,0.4465,0.8927
0.0700,0.4409,0.8937
0.1150,0.4353,0.8927
0.1650,0.4297,0.8903
0.1600,0.4194,0.8864
0.0900,0.4136,0.8808
0.0150,0.4077,0.8734
-0.0300,0.4048,0.8639
-0.0550,0.4077,0.8529
-0.0600,0.4194,0.8424
-0.0650,0.4402,0.8326
-0.0600,0.4729,0.8214
-0.0550,0.5088,0.8089
-0.0500,0.5474,0.7955
-0.0150,0.5950,0.7811
-0.0400,0.6426,0.7662
-0.0650,0.6873,0.7508
-0.0750,0.7229,0.7339
-0.0600,0.7498,0.7161
-0.0500,0.7737,0.6973
-0.0500,0.7856,0.6777
-0.0450,0.7915,0.6580
-0.0350,0.7886,0.6377
-0.0350,0.7825,0.6172
-0.0400,0.7766,0.5966
-0.0400,0.7617,0.5761
-0.0350,0.7439,0.5556
-0.0350,0.7200,0.5358
0.2050,0.6931,0.5172
0.3650,0.6665,0.5004
-0.1600,0.6426,0.4850
-0.1100,0.6189,0.4693
-0.0300,0.5950,0.4542
-0.0300,0.5771,0.4410
-0.0350,0.5623,0.4295
-0.0300,0.5444,0.4183
-0.0300,0.5325,0.4075
-0.0250,0.5208,0.3980
-0.0200,0.5146,0.3892
-0.0150,0.5029,0.3802
-0.0050,0.5000,0.3709
0.0050,0.4910,0.3613
0.0150,0.4849,0.3516
0.0200,0.4761,0.3418
0.0500,0.4670,0.3318
0.0800,0.4583,0.3208
0.1300,0.4492,0.3088
0.1800,0.4404,0.2961
0.1850,0.4314,0.2832
0.1100,0.4226,0.2722
0.0250,0.4136,0.2626
-0.0300,0.4048,0.2546
-0.0550,0.3987,0.2475
-0.0700,0.3987,0.2409
-0.0700,0.4048,0.2350
-0.0600,0.4194,0.2297
-0.0650,0.4402,0.2248
-0.0600,0.4729,0.2204
-0.0450,0.5088,0.2162
-0.0200,0.5444,0.2133
-0.0550,0.5862,0.2116
-0.0700,0.6218,0.2104
-0.0700,0.6487,0.2099
-0.0650,0.6724,0.2086
-0.0550,0.6873,0.2069
-0.0500,0.6963,0.2050
-0.0450,0.6934,0.2030
-0.0500,0.6873,0.2018
-0.0450,0.6724,0.2008
-0.0550,0.6545,0.1996
-0.0550,0.6306,0.1981
-0.0500,0.6069,0.1962
0.0050,0.5862,0.1940
0.4050,0.5652,0.1908
0.0450,0.5415,0.1869
-0.1900,0.5208,0.1830
-0.0600,0.5029,0.1796
-0.0400,0.4939,0.1766
-0.0400,0.4790,0.1740
-0.0350,0.4670,0.1722
-0.0300,0.4553,0.1715
-0.0300,0.4434,0.1705
-0.0300,0.4373,0.1698
-0.0250,0.4255,0.1703
-0.0200,0.4165,0.1722
-0.0100,0.4077,0.1735
0.0000,0.4016,0.1740
0.0100,0.3896,0.1737
0.0300,0.3838,0.1730
0.0600,0.3718,0.1708
0.1000,0.3660,0.1678
0.1550,0.3540,0.1649
0.1850,0.3481,0.1622
0.1450,0.3362,0.1610
0.0650,0.3274,0.1608
-0.0100,0.3184,0.1610
-0.0500,0.3123,0.1622
-0.0600,0.3093,0.1647
-0.0650,0.3123,0.1681
-0.0650,0.3271,0.1715
-0.0650,0.3511,0.1747
-0.0600,0.3777,0.1784
-0.0500,0.4165,0.1828
-0.0250,0.4583,0.1867
-0.0500,0.4968,0.1901
-0.0700,0.5325,0.1940
-0.0750,0.5652,0.1984
-0.0650,0.5891,0.2021
-0.0550,0.6099,0.2052
-0.0600,0.6189,0.2069
-0.0500,0.6189,0.2074
-0.0500,0.6160,0.2079
-0.0400,0.6099,0.2089
-0.0500,0.5920,0.2099
-0.0550,0.5742,0.2106
-0.0450,0.5535,0.2104
-0.0550,0.5354,0.2094
0.2200,0.5117,0.2069
0.3250,0.4968,0.2033
-0.1800,0.4819,0.1999
-0.1050,0.4670,0.1967
-0.0350,0.4492,0.1945
-0.0400,0.4373,0.1933
-0.0400,0.4285,0.1918
-0.0300,0.4194,0.1901
-0.0250,0.4077,0.1893
-0.0200,0.4016,0.1891
-0.0200,0.3928,0.1893
-0.0150,0.3838,0.1901
-0.0050,0.3779,0.1923
0.0000,0.3718,0.1952
0.0050,0.3630,0.1979
0.0200,0.3569,0.2001
0.0450,0.3481,0.2001
0.0750,0.3420,0.1984
0.1200,0.3362,0.1964
0.1700,0.3303,0.1942
0.1650,0.3213,0.1930
0.0950,0.3123,0.1923
0.0200,0.3064,0.1923
-0.0350,0.3005,0.1928
-0.0550,0.2976,0.1935
-0.0650,0.3064,0.1945
-0.0700,0.3213,0.1955
-0.0650,0.3450,0.1969
-0.0650,0.3809,0.1984
-0.0650,0.4224,0.1999
-0.0450,0.4700,0.2013
-0.0450,0.5088,0.2028
-0.0750,0.5503,0.2043
-0.0850,0.5862,0.2057
-0.0750,0.6128,0.2079
-0.0700,0.6367,0.2111
-0.0650,0.6487,0.2148
-0.0600,0.6545,0.2189
-0.0600,0.6516,0.2245
-0.0550,0.6458,0.2311
-0.0600,0.6428,0.2382
-0.0650,0.6396,0.2460
-0.0600,0.6218,0.2543
-0.0650,0.6040,0.2629
0.0400,0.5830,0.2717
0.4350,0.5593,0.2807
-0.0300,0.5415,0.2910
-0.1600,0.5208,0.3025
-0.0500,0.5029,0.3144
-0.0450,0.4910,0.3274
-0.0500,0.4790,0.3416
-0.0450,0.4670,0.3572
-0.0400,0.4553,0.3755
-0.0350,0.4434,0.3963
-0.0300,0.4373,0.4180
-0.0250,0.4285,0.4403
-0.0250,0.4194,0.4640
-0.0200,0.4136,0.4882
-0.0050,0.4077,0.5104
0.0050,0.4016,0.5304
0.0200,0.3958,0.5490
0.0450,0.3867,0.5661
0.0850,0.3809,0.5812
0.1350,0.3718,0.5952
0.1650,0.3660,0.6101
0.1250,0.3599,0.6255
0.0450,0.3511,0.6416
-0.0150,0.3452,0.6582
-0.0500,0.3420,0.6751
-0.0600,0.3391,0.6922
-0.0600,0.3420,0.7093
-0.0650,0.3540,0.7266
-0.0750,0.3748,0.7430
-0.0700,0.4016,0.7584
-0.0700,0.4404,0.7730
-0.0500,0.4819,0.7870
-0.0950,0.5237,0.7984
-0.1250,0.5713,0.8080
-0.1000,0.6157,0.8168
-0.0300,0.6516,0.8251
-0.0250,0.6843,0.8309
-0.0150,0.7080,0.8348
-0.0150,0.7231,0.8375
-0.0500,0.7290,0.8390
0.0300,0.7261,0.8405
0.0950,0.7202,0.8424
-0.0200,0.7080,0.8444
-0.0150,0.6902,0.8463
-0.0050,0.6724,0.8485
0.3950,0.6545,0.8510
0.2450,0.6338,0.8544
-0.1700,0.6160,0.8585
-0.0750,0.6011,0.8637
-0.0450,0.5862,0.8690
-0.0450,0.5742,0.8739
-0.0200,0.5623,0.8778
0.0150,0.5564,0.8793
-0.0900,0.5444,0.8786
-0.0950,0.5386,0.8754
-0.0650,0.5325,0.8695
-0.0200,0.5266,0.8590
-0.0200,0.5178,0.8444
-0.0100,0.5117,0.8260
0.0200,0.5088,0.8045
0.0500,0.5029,0.7818
0.0550,0.5000,0.7589
0.0850,0.4910,0.7391
0.1000,0.4819,0.7225
0.1400,0.4731,0.7095
0.1450,0.4670,0.6988
0.0850,0.4583,0.6892
0.0150,0.4492,0.6804
-0.0450,0.4434,0.6721
-0.1350,0.4343,0.6643
-0.1200,0.4343,0.6567
-0.0750,0.4343,0.6492
-0.0350,0.4463,0.6399
-0.0300,0.4670,0.6289
-0.0350,0.4939,0.6164
-0.0100,0.5266,0.6030
-0.0350,0.5713,0.5881
-0.0600,0.6157,0.5720
-0.0700,0.6606,0.5570
-0.0600,0.6992,0.5429
-0.0600,0.7349,0.5282
-0.0550,0.7617,0.5136
-0.0450,0.7766,0.4996
-0.0300,0.7886,0.4864
-0.0200,0.7915,0.4740
-0.0350,0.7886,0.4618
-0.0400,0.7766,0.4500
-0.0350,0.7617,0.4386
-0.0400,0.7378,0.4285
0.2050,0.7080,0.4193
0.3500,0.6814,0.4087
-0.1650,0.6545,0.3973
-0.1050,0.6306,0.3848
-0.0300,0.6069,0.3719
-0.0450,0.5830,0.3606
-0.0400,0.5652,0.3506
-0.0350,0.5474,0.3408
-0.0300,0.5325,0.3311
-0.0200,0.5176,0.3210
-0.0200,0.5029,0.3113
-0.0150,0.5000,0.3034
0.0800,0.4910,0.2971
-0.0600,0.4849,0.2905
-0.0350,0.4731,0.2832
0.0100,0.4670,0.2761
-0.0050,0.4583,0.2692
0.0400,0.4492,0.2612
0.1000,0.4373,0.2519
0.1650,0.4314,0.2426
0.1900,0.4194,0.2336
0.1150,0.4077,0.2260
0.0100,0.3987,0.2194
0.0050,0.3896,0.2145
-0.0550,0.3779,0.2113
-0.0300,0.3718,0.2091
-0.0400,0.3689,0.2079
-0.0650,0.3718,0.2074
-0.0500,0.3838,0.2074
-0.0450,0.4045,0.2077
-0.1450,0.4373,0.2082
-0.1800,0.4729,0.2086
-0.1150,0.5088,0.2096
-0.0850,0.5444,0.2106
-0.0550,0.5801,0.2116
0.0000,0.6128,0.2126
0.0550,0.6338,0.2135
0.0400,0.6458,0.2145
-0.1600,0.6516,0.2155
-0.1500,0.6487,0.2165
-0.1700,0.6396,0.2174
-0.0300,0.6277,0.2184
0.3450,0.6099,0.2194
0.2800,0.5891,0.2192
0.2500,0.5652,0.2182
0.5700,0.5444,0.2157
0.1350,0.5237,0.2118
-0.1400,0.5059,0.2072
-0.0650,0.4968,0.2018
-0.0950,0.4790,0.1969
-0.1100,0.4670,0.1925
-0.1000,0.4553,0.1876
-0.0850,0.4434,0.1820
-0.0700,0.4373,0.1754
-0.0600,0.4255,0.1678
-0.0450,0.4136,0.1627
-0.0950,0.4077,0.1598
-0.1600,0.3958,0.1603
-0.1600,0.3867,0.1637
0.0200,0.3779,0.1710
0.0150,0.3718,0.1813
0.0400,0.3630,0.1928
0.0950,0.3540,0.2050
0.1550,0.3481,0.2170
0.1750,0.3362,0.2275
0.1300,0.3303,0.2338
0.0450,0.3184,0.2365
-0.0350,0.3123,0.2375
-0.0700,0.3035,0.2372
-0.0750,0.3005,0.2372
-0.0800,0.2976,0.2372
-0.0950,0.3035,0.2372
-0.1100,0.3152,0.2375
-0.1250,0.3333,0.2387
-0.1400,0.3628,0.2407
-0.0550,0.3987,0.2424
-0.0550,0.4373,0.2438
-0.0900,0.4819,0.2460
-0.0700,0.5146,0.2487
-0.0350,0.5503,0.2519
-0.0450,0.5830,0.2551
-0.0650,0.6040,0.2565
-0.0450,0.6160,0.2563
-0.0100,0.6189,0.2529
0.0200,0.6189,0.2463
0.0400,0.6099,0.2331
0.1300,0.5981,0.2145
0.1050,0.5801,0.1920
-0.0650,0.5623,0.1678
0.1700,0.5415,0.1473
0.2450,0.5208,0.1314
-0.2350,0.5029,0.1244
-0.1200,0.4910,0.1248
-0.0650,0.4731,0.1324
-0.1350,0.4612,0.1456
-0.0950,0.4492,0.1617
-0.0200,0.4373,0.1796
-0.0100,0.4255,0.1969
-0.0050,0.4136,0.2133
0.0050,0.4048,0.2282
-0.0050,0.3958,0.2419
0.0050,0.3896,0.2536
0.0050,0.3809,0.2634
0.0150,0.3750,0.2712
0.0850,0.3689,0.2768
0.1550,0.3630,0.2800
0.2050,0.3599,0.2812
0.2750,0.3540,0.2822
0.3050,0.3452,0.2827
0.3050,0.3391,0.2832
0.2050,0.3303,0.2837
0.1050,0.3242,0.2849
0.0350,0.3123,0.2871
-0.0150,0.3064,0.2898
-0.0400,0.3035,0.2929
-0.0550,0.3035,0.2976
-0.0600,0.3184,0.3037
-0.0650,0.3391,0.3127
-0.0650,0.3718,0.3245
-0.0300,0.4106,0.3401
-0.0450,0.4583,0.3589
-0.0700,0.4998,0.3799
-0.0800,0.5386,0.4029
-0.0700,0.5742,0.4283
-0.0550,0.6069,0.4554
-0.0500,0.6306,0.4820
-0.0450,0.6458,0.5077
-0.0300,0.6545,0.5329
-0.0200,0.6545,0.5575
-0.0200,0.6487,0.5820
-0.0300,0.6367,0.6059
-0.0200,0.6218,0.6286
-0.0350,0.6011,0.6501
0.0950,0.5830,0.6697
0.4750,0.5593,0.6878
-0.0450,0.5386,0.7056
-0.1600,0.5208,0.7234
-0.0900,0.5029,0.7400
-0.0800,0.4968,0.7559
-0.0600,0.4849,0.7708
-0.0500,0.4731,0.7850
-0.0400,0.4641,0.7977
-0.0300,0.4583,0.8094
-0.0300,0.4492,0.8224
-0.0350,0.4434,0.8361
-0.0300,0.4373,0.8497
-0.0200,0.4314,0.8627
-0.0100,0.4255,0.8747
-0.0050,0.4194,0.8854
0.0150,0.4136,0.8942
0.0350,0.4106,0.9015
0.0700,0.4048,0.9089
0.1200,0.3987,0.9160
0.1500,0.3928,0.9230
0.1050,0.3896,0.9301
0.0200,0.3867,0.9370
-0.0350,0.3867,0.9441
-0.0700,0.3896,0.9509
-0.0800,0.3958,0.9580
-0.0850,0.4106,0.9648
-0.0800,0.4285,0.9717
-0.0800,0.4612,0.9773
-0.0750,0.4968,0.9824
-0.0500,0.5356,0.9878
-0.0250,0.5891,0.9934
-0.0750,0.6367,0.9971
-0.0950,0.6843,0.9993
-0.0900,0.7290,1.0000
-0.0750,0.7646,0.9995
-0.0550,0.7915,0.9954
-0.0600,0.8123,0.9880
-0.0450,0.8242,0.9783
-0.0500,0.8271,0.9665
-0.0450,0.8271,0.9536
-0.0550,0.8184,0.9397
-0.0500,0.8035,0.9260
-0.0500,0.7854,0.9123
0.0000,0.7676,0.8981
0.4200,0.7407,0.8830
0.1100,0.7141,0.8651
-0.1650,0.6902,0.8453
-0.0550,0.6665,0.8251
-0.0300,0.6426,0.8043
-0.0350,0.6248,0.7833
-0.0350,0.6040,0.7623
-0.0350,0.5862,0.7420
-0.0300,0.5742,0.7227
-0.0350,0.5564,0.7041
-0.0300,0.5481,0.6860
-0.0250,0.5352,0.6685
-0.0200,0.5222,0.6509
-0.0100,0.5159,0.6338
-0.0050,0.5063,0.6167
0.0150,0.5000,0.5988
0.0500,0.4966,0.5803
0.0850,0.4871,0.5612
0.1350,0.4773,0.5417
0.1750,0.4678,0.5228
0.1450,0.4580,0.5050
0.0650,0.4453,0.4889
-0.0100,0.4355,0.4740
-0.0550,0.4260,0.4601
-0.0700,0.4229,0.4469
-0.0700,0.4260,0.4344
-0.0650,0.4355,0.4224
-0.0650,0.4548,0.4119
-0.0650,0.4871,0.4024
-0.0600,0.5222,0.3938
-0.0250,0.5640,0.3858
-0.0500,0.6123,0.3765
-0.0750,0.6572,0.3660
-0.0800,0.6958,0.3552
-0.0700,0.7312,0.3447
-0.0600,0.7537,0.3345
-0.0500,0.7729,0.3242
-0.0500,0.7764,0.3140
-0.0550,0.7764,0.3037
-0.0450,0.7666,0.2934
-0.0550,0.7473,0.2832
-0.0550,0.7249,0.2731
-0.0450,0.6926,0.2634
-0.0450,0.6636,0.2536
0.2150,0.6316,0.2441
0.3350,0.6025,0.2350
-0.1800,0.5737,0.2262
-0.1100,0.5481,0.2177
-0.0350,0.5254,0.2096
-0.0350,0.5063,0.2038
-0.0400,0.4966,0.1994
-0.0400,0.4839,0.1945
-0.0350,0.4709,0.1891
-0.0250,0.4614,0.1845
-0.0200,0.4517,0.1808
-0.0150,0.4453,0.1784
-0.0100,0.4387,0.1771
-0.0050,0.4292,0.1766
0.0050,0.4194,0.1769
0.0200,0.4131,0.1776
0.0500,0.4036,0.1784
0.0850,0.3938,0.1776
0.1350,0.3809,0.1754
0.1850,0.3745,0.1732
0.1850,0.3616,0.1713
0.1100,0.3489,0.1693
0.0350,0.3391,0.1674
-0.0200,0.3296,0.1664
-0.0450,0.3198,0.1661
-0.0550,0.3198,0.1666
-0.0550,0.3455,0.1676
-0.0550,0.3596,0.1691
-0.0550,0.3821,0.1708
-0.0550,0.4128,0.1727
-0.0300,0.4495,0.1747
-0.0300,0.4888,0.1779
-0.0550,0.5193,0.1818
-0.0750,0.5530,0.1852
-0.0650,0.5811,0.1881
-0.0550,0.6008,0.1906
-0.0500,0.6121,0.1930
-0.0450,0.6177,0.1952
-0.0350,0.6147,0.1972
-0.0400,0.6091,0.1991
-0.0350,0.5979,0.2008
-0.0500,0.5811,0.2016
-0.0500,0.5642,0.2013
-0.0450,0.5447,0.2006
0.0300,0.5249,0.1991
0.4250,0.5054,0.1974
0.0050,0.4944,0.1955
-0.1700,0.4746,0.1933
-0.0400,0.4607,0.1908
-0.0300,0.4465,0.1884
-0.0300,0.4353,0.1859
-0.0300,0.4241,0.1837
-0.0250,0.4128,0.1815
-0.0250,0.4072,0.1803
-0.0200,0.3960,0.1801
-0.0100,0.3904,0.1815
-0.0050,0.3848,0.1840
0.0000,0.3765,0.1864
0.0100,0.3708,0.1886
0.0250,0.3652,0.1898
0.0450,0.3567,0.1898
0.0750,0.3511,0.1881
0.1150,0.3428,0.1854
0.1650,0.3372,0.1837
0.1950,0.3286,0.1830
0.1550,0.3230,0.1828
0.0700,0.3147,0.1832
0.0050,0.3091,0.1840
-0.0400,0.3062,0.1854
-0.0550,0.3062,0.1889
-0.0600,0.3118,0.1940
-0.0550,0.3286,0.1994
-0.0550,0.3540,0.2047
-0.0500,0.3877,0.2101
-0.0450,0.4297,0.2155
-0.0200,0.4719,0.2199
-0.0450,0.5083,0.2236
-0.0650,0.5417,0.2275
-0.0600,0.5754,0.2314
-0.0600,0.6008,0.2345
-0.0550,0.6147,0.2370
-0.0550,0.6260,0.2389
-0.0450,0.6289,0.2404
-0.0500,0.6260,0.2416
-0.0400,0.6147,0.2424
-0.0550,0.6008,0.2421
-0.0550,0.5840,0.2411
-0.0500,0.5615,0.2402
-0.0450,0.5447,0.2394
0.2700,0.5222,0.2382
0.2800,0.5027,0.2360
-0.1850,0.4915,0.2336
-0.0850,0.4746,0.2309
-0.0300,0.4578,0.2287
-0.0400,0.4465,0.2275
-0.0350,0.4353,0.2267
-0.0250,0.4241,0.2262
-0.0250,0.4158,0.2260
-0.0250,0.4072,0.2265
-0.0200,0.4016,0.2301
-0.0100,0.3933,0.2363
-0.0050,0.3848,0.2443
0.0050,0.3792,0.2538
0.0100,0.3735,0.2646
0.0200,0.3679,0.2763
0.0400,0.3596,0.2885
0.0700,0.3540,0.3012
0.1100,0.3484,0.3132
0.1550,0.3455,0.3249
0.1600,0.3398,0.3369
0.0900,0.3342,0.3499
0.0100,0.3315,0.3650
-0.0400,0.3259,0.3826
-0.0550,0.3315,0.4026
-0.0650,0.3398,0.4246
-0.0650,0.3540,0.4483
-0.0600,0.3792,0.4730
-0.0600,0.4102,0.4974
-0.0550,0.4465,0.5216
-0.0150,0.4888,0.5443
-0.0400,0.5222,0.5661
-0.0600,0.5586,0.5871
-0.0700,0.5923,0.6074
-0.0600,0.6177,0.6272
-0.0500,0.6401,0.6465
-0.0450,0.6541,0.6643
-0.0350,0.6570,0.6812
-0.0350,0.6570,0.6970
-0.0300,0.6541,0.7122
-0.0350,0.6428,0.7281
-0.0400,0.6289,0.7442
-0.0400,0.6147,0.7596
-0.0450,0.6091,0.7742
0.1150,0.5923,0.7884
0.5000,0.5754,0.8023
-0.0300,0.5586,0.8168
-0.1000,0.5474,0.8317
-0.0300,0.5361,0.8451
-0.0400,0.5249,0.8573
-0.0350,0.5137,0.8695
-0.0350,0.5054,0.8813
-0.0350,0.5000,0.8910
-0.0250,0.4971,0.8991
-0.0200,0.4915,0.9057
-0.0150,0.4832,0.9116
-0.0150,0.4746,0.9174
-0.0100,0.4690,0.9235
-0.0050,0.4634,0.9277
0.0050,0.4578,0.9301
0.0250,0.4495,0.9313
0.0500,0.4404,0.9316
0.0900,0.4343,0.9313
0.1450,0.4285,0.9304
0.1750,0.4226,0.9289
0.1300,0.4165,0.9272
0.0450,0.4106,0.9240
-0.0150,0.4048,0.9199
-0.0500,0.4048,0.9140
-0.0600,0.4106,0.9064
-0.0600,0.4255,0.8979
-0.0600,0.4492,0.8881
-0.0600,0.4819,0.8769
-0.0550,0.5176,0.8642
-0.0350,0.5652,0.8515
-0.0150,0.6128,0.8387
-0.0550,0.6575,0.8253
-0.0750,0.6992,0.8109
-0.0650,0.7349,0.7948
-0.0600,0.7617,0.7774
-0.0450,0.7795,0.7591
-0.0450,0.7915,0.7398
-0.0300,0.7915,0.7200
-0.0350,0.7886,0.7000
-0.0300,0.7766,0.6795
-0.0400,0.7646,0.6589
-0.0400,0.7439,0.6391
-0.0400,0.7261,0.6201
0.0300,0.7021,0.6008
0.4250,0.6724,0.5812
0.0400,0.6487,0.5624
-0.1750,0.6248,0.5443
-0.0500,0.6069,0.5268
-0.0350,0.5862,0.5099
-0.0350,0.5684,0.4943
-0.0250,0.5564,0.4798
-0.0250,0.5386,0.4664
-0.0250,0.5325,0.4535
-0.0150,0.5208,0.4412
-0.0100,0.5088,0.4293
-0.0050,0.5029,0.4178
0.0000,0.4968,0.4065
0.0050,0.4880,0.3953
0.0200,0.4790,0.3843
0.0350,0.4670,0.3723
0.0700,0.4612,0.3596
0.1050,0.4492,0.3464
0.1550,0.4373,0.3328
0.1900,0.4314,0.3198
0.1500,0.4194,0.3076
0.0600,0.4077,0.2961
-0.0100,0.4016,0.2849
-0.0450,0.3958,0.2741
-0.0650,0.3928,0.2641
-0.0700,0.3987,0.2553
-0.0650,0.4106,0.2477
-0.0650,0.4343,0.2409
-0.0600,0.4670,0.2348
-0.0600,0.4998,0.2294
-0.0250,0.5356,0.2248
-0.0500,0.5742,0.2211
-0.0700,0.6099,0.2187
-0.0750,0.6396,0.2162
-0.0650,0.6636,0.2133
-0.0550,0.6785,0.2104
-0.0500,0.6843,0.2074
-0.0500,0.6843,0.2045
-0.0500,0.6755,0.2016
-0.0400,0.6636,0.1986
-0.0500,0.6458,0.1957
-0.0550,0.6248,0.1928
-0.0500,0.6011,0.1901
-0.0500,0.5771,0.1876
0.2150,0.5535,0.1849
0.3200,0.5354,0.1813
-0.1800,0.5146,0.1769
-0.1000,0.5000,0.1732
-0.0250,0.4878,0.1698
-0.0350,0.4731,0.1669
-0.0350,0.4612,0.1642
-0.0300,0.4492,0.1630
-0.0250,0.4373,0.1627
-0.0200,0.4255,0.1642
-0.0150,0.4194,0.1669
-0.0100,0.4077,0.1705
-0.0050,0.3987,0.1749
0.0000,0.3896,0.1788
0.0200,0.3838,0.1820
0.0300,0.3718,0.1830
0.0550,0.3660,0.1823
0.0950,0.3569,0.1808
0.1400,0.3481,0.1793
0.1850,0.3391,0.1776
0.1800,0.3303,0.1759
0.1050,0.3242,0.1752
0.0200,0.3154,0.1749
-0.0300,0.3093,0.1754
-0.0550,0.3035,0.1764
-0.0600,0.3093,0.1776
-0.0650,0.3184,0.1791
-0.0600,0.3391,0.1806
-0.0550,0.3689,0.1825
-0.0550,0.4045,0.1852
-0.0400,0.4463,0.1886
-0.0250,0.4849,0.1918
-0.0550,0.5146,0.1947
-0.0700,0.5474,0.1972
-0.0650,0.5713,0.1996
-0.0550,0.5920,0.2016
-0.0550,0.5981,0.2035
-0.0500,0.6011,0.2052
-0.0450,0.5952,0.2067
-0.0450,0.5862,0.2082
-0.0400,0.5684,0.2096
-0.0500,0.5505,0.2111
-0.0450,0.5444,0.2126
-0.0500,0.5295,0.2138
0.0450,0.5088,0.2150
0.4300,0.4939,0.2152
-0.0250,0.4761,0.2145
-0.1650,0.4583,0.2130
-0.0450,0.4434,0.2113
-0.0350,0.4314,0.2101
-0.0300,0.4194,0.2096
-0.0250,0.4077,0.2096
-0.0250,0.3958,0.2099
-0.0200,0.3896,0.2104
-0.0150,0.3779,0.2108
-0.0150,0.3718,0.2118
-0.0050,0.3630,0.2128
0.0050,0.3569,0.2138
0.0150,0.3481,0.2145
0.0250,0.3420,0.2143
0.0400,0.3333,0.2135
0.0700,0.3242,0.2121
0.1100,0.3184,0.2104
0.1550,0.3123,0.2091
0.1850,0.3064,0.2086
0.1400,0.2976,0.2074
0.0550,0.2915,0.2060
-0.0050,0.2856,0.2052
-0.0450,0.2856,0.2050
-0.0500,0.2886,0.2050
-0.0600,0.3005,0.2057
-0.0550,0.3213,0.2074
-0.0550,0.3479,0.2099
-0.0500,0.3838,0.2123
-0.0450,0.4253,0.2143
-0.0250,0.4700,0.2160
-0.0500,0.5088,0.2177
-0.0650,0.5503,0.2201
-0.0650,0.5830,0.2231
-0.0550,0.6069,0.2258
-0.0500,0.6277,0.2277
-0.0550,0.6367,0.2294
-0.0450,0.6367,0.2309
-0.0500,0.6338,0.2331
-0.0400,0.6218,0.2360
-0.0550,0.6099,0.2394
-0.0500,0.5891,0.2431
-0.0500,0.5713,0.2470
-0.0400,0.5623,0.2509
0.3100,0.5415,0.2553
0.2400,0.5237,0.2600
-0.1800,0.5029,0.2668
-0.0750,0.4910,0.2753
-0.0400,0.4731,0.2854
-0.0450,0.4612,0.2966
-0.0400,0.4492,0.3096
-0.0350,0.4373,0.3242
-0.0300,0.4314,0.3408
-0.0300,0.4226,0.3594
-0.0250,0.4165,0.3804
-0.0150,0.4077,0.4031
-0.0150,0.4048,0.4261
-0.0050,0.3987,0.4495
0.0050,0.3928,0.4730
0.0200,0.3867,0.4960
0.0400,0.3809,0.5170
0.0750,0.3750,0.5363
0.1200,0.3660,0.5541
0.1750,0.3599,0.5712
0.1650,0.3540,0.5883
0.0800,0.3452,0.6057
0.0100,0.3391,0.6233
-0.0300,0.3333,0.6409
-0.0550,0.3303,0.6584
-0.0600,0.3198,0.6763
-0.0600,0.3296,0.6929
-0.0550,0.3521,0.7088
-0.0550,0.3809,0.7249
-0.0500,0.4194,0.7415
0.0000,0.4678,0.7584
-0.0350,0.5095,0.7752
-0.0550,0.5576,0.7911
-0.0750,0.6025,0.8060
-0.0650,0.6443,0.8192
-0.0500,0.6733,0.8312
-0.0350,0.6990,0.8434
-0.0400,0.7151,0.8554
-0.0350,0.7185,0.8664
-0.0300,0.7185,0.8764
-0.0300,0.7151,0.8847
-0.0350,0.7024,0.8918
-0.0300,0.6831,0.8986
-0.0400,0.6638,0.9054
0.1750,0.6411,0.9123
0.4900,0.6218,0.9191
-0.0600,0.6025,0.9250
-0.0850,0.5867,0.9301
-0.0300,0.5706,0.9343
-0.0400,0.5544,0.9379
-0.0400,0.5481,0.9401
-0.0350,0.5352,0.9409
-0.0300,0.5288,0.9387
-0.0250,0.5190,0.9340
-0.0250,0.5127,0.9265
-0.0200,0.5063,0.9167
-0.0150,0.5000,0.9062
-0.0100,0.5000,0.8952
-0.0050,0.4934,0.8827
0.0100,0.4871,0.8690
0.0350,0.4839,0.8537
0.0650,0.4773,0.8368
0.1000,0.4678,0.8185
0.1550,0.4614,0.7994
0.1700,0.4517,0.7799
0.1100,0.4453,0.7598
0.0300,0.4324,0.7393
-0.0300,0.4260,0.7188
-0.0600,0.4229,0.6990
-0.0700,0.4194,0.6802
-0.0700,0.4260,0.6619
-0.0700,0.4485,0.6438
-0.0700,0.4773,0.6252
-0.0650,0.5095,0.6062
-0.0400,0.5513,0.5878
-0.0300,0.6025,0.5698
-0.0600,0.6477,0.5512
-0.0800,0.6895,0.5321
-0.0750,0.7280,0.5138
-0.0650,0.7568,0.4960
-0.0600,0.7795,0.4789
-0.0550,0.7891,0.4620
-0.0500,0.7957,0.4466
-0.0500,0.7891,0.4322
-0.0450,0.7795,0.4188
-0.0500,0.7603,0.4063
-0.0500,0.7375,0.3943
-0.0450,0.6963,0.3826
0.0400,0.6694,0.3714
0.4250,0.6426,0.3601
-0.0150,0.6189,0.3494
-0.1800,0.5950,0.3386
-0.0500,0.5713,0.3279
-0.0400,0.5535,0.3176
-0.0450,0.5386,0.3086
-0.0400,0.5266,0.3003
-0.0400,0.5146,0.2917
-0.0350,0.5029,0.2832
-0.0200,0.4968,0.2763
-0.0200,0.4910,0.2707
-0.0100,0.4790,0.2653
-0.0050,0.4731,0.2602
0.0100,0.4612,0.2553
0.0200,0.4553,0.2504
0.0400,0.4434,0.2448
0.0750,0.4373,0.2382
0.1150,0.4255,0.2301
0.1600,0.4165,0.2214
0.1900,0.4077,0.2138
0.1450,0.3958,0.2072
0.0550,0.3838,0.2006
-0.0200,0.3750,0.1940
-0.0500,0.3660,0.1884
-0.0650,0.3630,0.1837
-0.0650,0.3660,0.1806
-0.0650,0.3748,0.1788
-0.0600,0.3926,0.1781
-0.0600,0.4224,0.1779
-0.0550,0.4551,0.1784
-0.0200,0.4910,0.1793
-0.0550,0.5266,0.1803
-0.0750,0.5623,0.1818
-0.0800,0.5920,0.1832
-0.0700,0.6160,0.1847
-0.0550,0.6277,0.1864
-0.0600,0.6367,0.1881
-0.0500,0.6367,0.1898
-0.0500,0.6338,0.1915
-0.0450,0.6218,0.1933
-0.0600,0.6040,0.1950
-0.0600,0.5830,0.1967
-0.0600,0.5652,0.1979
-0.0550,0.5415,0.1974
0.2400,0.5176,0.1952
0.2900,0.5029,0.1928
-0.1950,0.4849,0.1903
-0.1050,0.4700,0.1879
-0.0350,0.4553,0.1857
-0.0400,0.4434,0.1845
-0.0350,0.4314,0.1840
-0.0300,0.4194,0.1842
-0.0300,0.4077,0.1847
-0.0250,0.3958,0.1857
-0.0300,0.3896,0.1869
-0.0250,0.3809,0.1893
-0.0200,0.3718,0.1925
-0.0100,0.3660,0.1955
0.0050,0.3569,0.1977
0.0250,0.3511,0.1979
0.0500,0.3420,0.1962
0.0950,0.3362,0.1942
0.1450,0.3274,0.1923
0.1850,0.3213,0.1911
0.1750,0.3123,0.1908
0.1000,0.3064,0.1911
0.0150,0.2976,0.1915
-0.0300,0.2915,0.1923
-0.0550,0.2915,0.1933
-0.0650,0.2944,0.1945
-0.0650,0.3035,0.1959
-0.0650,0.3213,0.1986
-0.0700,0.3540,0.2018
-0.0650,0.3896,0.2047
-0.0450,0.4343,0.2074
-0.0450,0.4761,0.2118
-0.0700,0.5088,0.2172
-0.0850,0.5444,0.2218
-0.0750,0.5713,0.2255
-0.0750,0.5920,0.2294
-0.0700,0.6011,0.2333
-0.0650,0.6069,0.2365
-0.0650,0.6040,0.2387
-0.0600,0.5952,0.2397
-0.0600,0.5920,0.2394
-0.0650,0.5742,0.2392
-0.0650,0.5564,0.2389
-0.0650,0.5354,0.2377
0.0550,0.5146,0.2360
0.4200,0.4968,0.2338
-0.0800,0.4819,0.2311
-0.1700,0.4641,0.2282
-0.0500,0.4492,0.2253
-0.0450,0.4373,0.2231
-0.0450,0.4255,0.2218
-0.0450,0.4136,0.2221
-0.0400,0.4077,0.2233
-0.0300,0.3958,0.2236
-0.0250,0.3896,0.2231
-0.0250,0.3809,0.2228
-0.0200,0.3750,0.2228
-0.0100,0.3660,0.2228
0.0000,0.3599,0.2233
0.0150,0.3540,0.2238
0.0350,0.3481,0.2243
0.0600,0.3420,0.2240
0.1000,0.3333,0.2228
0.1500,0.3274,0.2209
0.1750,0.3184,0.2189
0.1250,0.3123,0.2174
0.0450,0.3035,0.2167
-0.0200,0.2944,0.2162
-0.0550,0.2915,0.2165
-0.0650,0.2915,0.2177
-0.0700,0.3005,0.2201
-0.0750,0.3152,0.2240
-0.0700,0.3450,0.2297
-0.0650,0.3777,0.2370
-0.0600,0.4224,0.2463
-0.0250,0.4641,0.2578
-0.0650,0.5088,0.2712
-0.0800,0.5474,0.2871
-0.0800,0.5830,0.3049
-0.0750,0.6128,0.3242
-0.0650,0.6338,0.3447
-0.0650,0.6458,0.3660
-0.0550,0.6545,0.3880
-0.0550,0.6545,0.4105
-0.0500,0.6458,0.4334
-0.0600,0.6338,0.4564
-0.0550,0.6189,0.4791
-0.0550,0.6011,0.5001
-0.0350,0.5801,0.5192
0.3700,0.5593,0.5370
0.2100,0.5415,0.5539
-0.1650,0.5237,0.5698
-0.0650,0.5088,0.5854
-0.0400,0.4968,0.6013
-0.0450,0.4849,0.6176
-0.0450,0.4761,0.6335
-0.0400,0.4670,0.6487
-0.0350,0.4583,0.6645
-0.0250,0.4492,0.6809
-0.0250,0.4434,0.6988
-0.0200,0.4404,0.7176
-0.0100,0.4343,0.7361
-0.0100,0.4285,0.7542
0.0050,0.4226,0.7701
0.0150,0.4165,0.7840
0.0350,0.4136,0.7965
0.0650,0.4077,0.8077
0.1150,0.4016,0.8170
0.1650,0.3958,0.8246
0.1550,0.3896,0.8322
0.0750,0.3838,0.8397
0.0050,0.3779,0.8483
-0.0400,0.3750,0.8576
-0.0600,0.3750,0.8666
-0.0650,0.3838,0.8752
-0.0650,0.3987,0.8835
-0.0650,0.4224,0.8915
-0.0600,0.4551,0.8993
-0.0600,0.4968,0.9069
-0.0050,0.5356,0.9133
-0.0550,0.5833,0.9184
-0.0750,0.6277,0.9218
-0.0900,0.6636,0.9240
-0.0750,0.6963,0.9247
-0.0550,0.7231,0.9252
-0.0550,0.7410,0.9269
-0.0500,0.7527,0.9296
-0.0450,0.7559,0.9313
-0.0300,0.7527,0.9316
-0.0400,0.7410,0.9291
-0.0450,0.7290,0.9245
-0.0450,0.7141,0.9191
-0.0400,0.6934,0.9128
0.2300,0.6755,0.9042
0.4000,0.6545,0.8935
-0.1350,0.6367,0.8813
-0.0950,0.6218,0.8678
-0.0300,0.6040,0.8537
-0.0350,0.5920,0.8385
-0.0350,0.5801,0.8209
-0.0300,0.5801,0.8011
-0.0300,0.5674,0.7808
-0.0300,0.5576,0.7603
-0.0200,0.5481,0.7405
-0.0150,0.5352,0.7217
-0.0100,0.5288,0.7034
-0.0050,0.5159,0.6853
0.0100,0.5095,0.6665
0.0250,0.5000,0.6472
0.0450,0.4966,0.6274
0.0800,0.4871,0.6074
0.1250,0.4773,0.5871
0.1750,0.4709,0.5668
0.1750,0.4580,0.5475
0.1050,0.4517,0.5292
0.0200,0.4421,0.5123
-0.0350,0.4324,0.4969
-0.0600,0.4292,0.4825
-0.0700,0.4324,0.4691
-0.0650,0.4419,0.4564
-0.0600,0.4612,0.4442
-0.0600,0.4934,0.4324
-0.0600,0.5222,0.4210
-0.0350,0.5671,0.4097
-0.0200,0.6123,0.3987
-0.0600,0.6541,0.3890
-0.0750,0.6895,0.3804
-0.0700,0.7214,0.3726
-0.0700,0.7441,0.3653
-0.0600,0.7603,0.3572
-0.0550,0.7634,0.3486
-0.0500,0.7634,0.3398
-0.0500,0.7537,0.3306
-0.0450,0.7375,0.3213
-0.0550,0.7183,0.3115
-0.0500,0.6926,0.3017
-0.0500,0.6765,0.2920
0.0550,0.6541,0.2822
0.4300,0.6218,0.2724
-0.0400,0.5962,0.2629
-0.1700,0.5706,0.2536
-0.0450,0.5447,0.2443
-0.0300,0.5254,0.2353
-0.0300,0.5063,0.2277
-0.0300,0.4966,0.2214
-0.0300,0.4839,0.2165
-0.0250,0.4709,0.2133
-0.0150,0.4646,0.2111
-0.0200,0.4517,0.2099
-0.0050,0.4387,0.2104
0.0050,0.4324,0.2118
0.0100,0.4194,0.2126
0.0250,0.4131,0.2118
0.0500,0.4036,0.2096
0.0850,0.3938,0.2060
0.1300,0.3843,0.2013
0.1800,0.3745,0.1962
0.2050,0.3616,0.1906
0.1450,0.3552,0.1849
0.0600,0.3423,0.1810
-0.0050,0.3296,0.1786
-0.0450,0.3230,0.1774
-0.0550,0.3303,0.1769
-0.0600,0.3333,0.1771
-0.0600,0.3391,0.1779
-0.0600,0.3569,0.1788
-0.0550,0.3809,0.1803
-0.0450,0.4136,0.1830
-0.0200,0.4492,0.1864
-0.0450,0.4910,0.1906
-0.0650,0.5205,0.1950
-0.0650,0.5535,0.1979
-0.0600,0.5771,0.1994
-0.0550,0.5981,0.2008
-0.0550,0.6069,0.2021
-0.0500,0.6130,0.2023
-0.0500,0.6069,0.2018
-0.0400,0.5981,0.2018
-0.0550,0.5862,0.2021
-0.0500,0.5684,0.2006
-0.0500,0.5474,0.1977
-0.0450,0.5266,0.1947
0.2700,0.5059,0.1918
0.2700,0.4939,0.1889
-0.1900,0.4761,0.1864
-0.0850,0.4612,0.1847
-0.0300,0.4492,0.1845
-0.0300,0.4373,0.1854
-0.0300,0.4255,0.1876
-0.0250,0.4136,0.1901
-0.0200,0.4016,0.1925
-0.0200,0.3958,0.1967
-0.0100,0.3867,0.2023
-0.0150,0.3809,0.2089
-0.0050,0.3750,0.2162
0.0050,0.3689,0.2231
0.0150,0.3599,0.2294
0.0400,0.3540,0.2333
0.0700,0.3481,0.2353
0.1050,0.3420,0.2358
0.1500,0.3362,0.2348
0.1950,0.3274,0.2323
0.1850,0.3184,0.2284
0.1100,0.3093,0.2245
0.0250,0.3005,0.2209
-0.0200,0.2944,0.2182
-0.0500,0.2915,0.2165
-0.0550,0.2915,0.2155
-0.0550,0.3035,0.2150
-0.0600,0.3271,0.2150
-0.0600,0.3540,0.2152
-0.0550,0.3958,0.2165
-0.0350,0.4404,0.2189
-0.0350,0.4819,0.2209
-0.0550,0.5205,0.2226
-0.0700,0.5564,0.2240
-0.0650,0.5891,0.2255
-0.0600,0.6099,0.2265
-0.0550,0.6248,0.2275
-0.0500,0.6309,0.2284
-0.0450,0.6309,0.2294
-0.0400,0.6218,0.2304
-0.0450,0.6099,0.2309
-0.0550,0.5920,0.2314
-0.0400,0.5713,0.2319
-0.0450,0.5505,0.2316
0.0950,0.5295,0.2301
0.4500,0.5088,0.2272
-0.0600,0.4939,0.2231
-0.1400,0.4790,0.2192
-0.0350,0.4641,0.2152
-0.0350,0.4492,0.2116
-0.0200,0.4404,0.2082
-0.0100,0.4314,0.2060
-0.0100,0.4226,0.2045
-0.0050,0.4136,0.2038
0.0050,0.4077,0.2038
0.0150,0.4016,0.2050
0.0250,0.3958,0.2077
0.0300,0.3867,0.2121
0.0350,0.3809,0.2177
0.0400,0.3750,0.2243
0.0550,0.3660,0.2316
0.0900,0.3599,0.2394
0.1450,0.3511,0.2480
0.2250,0.3420,0.2578
0.3000,0.3333,0.2688
0.2800,0.3242,0.2805
0.1950,0.3123,0.2929
0.1000,0.3064,0.3059
0.0400,0.2976,0.3193
0.0050,0.3005,0.3340
-0.0150,0.3064,0.3496
-0.0550,0.3271,0.3650
-0.1400,0.3540,0.3802
-0.1450,0.3928,0.3960
-0.0650,0.4343,0.4127
-0.0450,0.4819,0.4288
-0.0950,0.5146,0.4444
-0.0500,0.5503,0.4608
-0.0600,0.5830,0.4779
-0.0550,0.6069,0.4974
-0.0450,0.6218,0.5189
-0.0550,0.6309,0.5421
-0.0700,0.6338,0.5666
-0.0900,0.6277,0.5905
-0.1150,0.6218,0.6142
-0.1150,0.6130,0.6367
-0.1200,0.6040,0.6582
-0.1000,0.5891,0.6790
-0.0600,0.5713,0.6985
0.3650,0.5535,0.7156
0.1850,0.5386,0.7305
-0.1850,0.5237,0.7437
-0.0900,0.5088,0.7554
-0.0650,0.5000,0.7652
-0.0750,0.4968,0.7733
-0.0700,0.4880,0.7801
-0.0750,0.4790,0.7862
-0.0700,0.4731,0.7914
-0.0650,0.4670,0.7957
-0.0500,0.4612,0.7997
-0.0450,0.4553,0.8033
-0.0350,0.4492,0.8067
-0.0300,0.4404,0.8102
-0.0300,0.4343,0.8131
-0.0500,0.4229,0.8160
-0.0100,0.4163,0.8177
0.0650,0.4099,0.8185
0.1350,0.4001,0.8175
0.1850,0.3938,0.8151
0.1600,0.3843,0.8102
0.0750,0.3745,0.8038
-0.0050,0.3682,0.7962
-0.0450,0.3616,0.7872
-0.0600,0.3584,0.7764
-0.0950,0.3650,0.7642
-0.1650,0.3809,0.7501
-0.1950,0.4065,0.7339
-0.1300,0.4451,0.7166
-0.1150,0.4902,0.6985
-0.0550,0.5320,0.6807
-0.0200,0.5898,0.6633
-0.0400,0.6379,0.6472
-0.0650,0.6829,0.6321
-0.0950,0.7214,0.6157
-0.0400,0.7505,0.5981
-0.0350,0.7761,0.5785
-0.0250,0.7891,0.5578
-0.0200,0.7891,0.5355
-0.0050,0.7859,0.5126
-0.0200,0.7761,0.4891
-0.0250,0.7603,0.4652
-0.0250,0.7375,0.4408
-0.0250,0.7151,0.4163
0.2650,0.6926,0.3926
0.3300,0.6670,0.3701
-0.1600,0.6445,0.3504
-0.0750,0.6252,0.3328
-0.0150,0.6060,0.3171
-0.0200,0.5930,0.3027
-0.0200,0.5801,0.2883
-0.0100,0.5674,0.2739
-0.0150,0.5544,0.2609
-0.0150,0.5415,0.2490
0.0250,0.5320,0.2380
0.0550,0.5222,0.2272
0.0700,0.5127,0.2165
-0.0450,0.5032,0.2055
-0.0900,0.5000,0.1964
-0.2100,0.4902,0.1893
0.2250,0.4807,0.1864
0.1350,0.4709,0.1871
0.0900,0.4614,0.1913
0.1800,0.4517,0.1981
0.3550,0.4387,0.2057
0.3650,0.4324,0.2140
0.2950,0.4194,0.2216
0.1600,0.4099,0.2282
0.0450,0.4036,0.2336
-0.1000,0.4067,0.2375
-0.1900,0.4131,0.2394
-0.1800,0.4355,0.2399
-0.1350,0.4612,0.2404
-0.2150,0.4934,0.2407
-0.2550,0.5286,0.2409
-0.2450,0.5737,0.2411
-0.1700,0.6123,0.2414
-0.1000,0.6396,0.2416
-0.0600,0.6665,0.2409
-0.0550,0.6873,0.2387
-0.0400,0.6992,0.2333
-0.0350,0.7083,0.2245
-0.0100,0.7051,0.2108
0.0100,0.6934,0.1928
0.0150,0.6814,0.1713
0.0000,0.6604,0.1473
0.0100,0.6396,0.1244
0.0000,0.6189,0.1036
0.0850,0.5950,0.0897
0.4700,0.5713,0.0821
0.0150,0.5505,0.0816
-0.1100,0.5295,0.0872
0.0100,0.5117,0.0980
0.0000,0.5000,0.1124
-0.0300,0.4849,0.1275
-0.0450,0.4731,0.1429
-0.0450,0.4612,0.1573
-0.0400,0.4492,0.1713
-0.0300,0.4373,0.1842
-0.0150,0.4285,0.1964
-0.0150,0.4194,0.2060
-0.0150,0.4106,0.2130
-0.0200,0.4016,0.2167
-0.0200,0.3958,0.2174
-0.0200,0.3838,0.2160
0.0200,0.3779,0.2128
0.0800,0.3660,0.2086
0.1350,0.3569,0.2040
0.1750,0.3481,0.2006
0.1500,0.3362,0.1984
0.0900,0.3274,0.1959
0.0350,0.3184,0.1937
-0.0150,0.3154,0.1933
-0.0450,0.3123,0.1950
-0.0650,0.3184,0.2008
-0.0850,0.3333,0.2104
-0.0850,0.3540,0.2253
-0.0800,0.3628,0.2438
-0.0700,0.3958,0.2629
-0.0250,0.4343,0.2810
-0.0500,0.4729,0.2922
-0.0650,0.5088,0.2964
-0.0700,0.5444,0.2910
-0.0850,0.5713,0.2780
-0.0900,0.5950,0.2624
-0.0850,0.6099,0.2463
-0.0800,0.6130,0.2367
-0.0950,0.6130,0.2338
-0.1050,0.6040,0.2399
-0.1500,0.5920,0.2526
-0.2150,0.5742,0.2663
-0.3350,0.5535,0.2793
-0.2750,0.5354,0.2854
0.2500,0.5117,0.2844
0.2550,0.4968,0.2729
-0.1750,0.4819,0.2524
-0.0450,0.4670,0.2250
-0.0150,0.4492,0.1930
-0.0150,0.4373,0.1605
0.0000,0.4255,0.1285
-0.0050,0.4136,0.0987
-0.0500,0.4077,0.0713
-0.0100,0.3958,0.0476
0.0250,0.3896,0.0279
0.1650,0.3809,0.0142
0.2650,0.3750,0.0068
0.1700,0.3689,0.0088
0.0250,0.3630,0.0195
0.1250,0.3569,0.0406
0.0650,0.3481,0.0701
-0.1100,0.3420,0.1055
-0.1150,0.3362,0.1451
-0.0150,0.3274,0.1847
0.0750,0.3184,0.2240
0.0750,0.3123,0.2602
0.0050,0.3035,0.2932
-0.0450,0.2976,0.3196
-0.0800,0.2944,0.3408
-0.0700,0.2976,0.3582
-0.0800,0.3064,0.3723
-0.0700,0.3271,0.3831
-0.0650,0.3540,0.3912
-0.0550,0.3928,0.3970
-0.0250,0.4343,0.4017
-0.0300,0.4819,0.4061
-0.0250,0.5176,0.4105
-0.0150,0.5564,0.4149
-0.0100,0.5891,0.4190
-0.0250,0.6128,0.4222
-0.0550,0.6338,0.4244
-0.0600,0.6428,0.4258
-0.1100,0.6428,0.4268
-0.0100,0.6396,0.4273
-0.0400,0.6306,0.4278
-0.0750,0.6160,0.4290
-0.0450,0.5981,0.4307
-0.0200,0.5771,0.4329
0.1450,0.5593,0.4356
0.5050,0.5354,0.4386
-0.0100,0.5176,0.4420
-0.0650,0.5000,0.4454
0.0300,0.4878,0.4493
0.0200,0.4731,0.4552
-0.0350,0.4612,0.4630
-0.0250,0.4553,0.4723
-0.0500,0.4463,0.4830
-0.0700,0.4373,0.4965
-0.0600,0.4314,0.5123
-0.0200,0.4255,0.5312
-0.0050,0.4165,0.5519
-0.0100,0.4106,0.5722
0.0000,0.4048,0.5920
0.0050,0.3958,0.6103
0.0200,0.3896,0.6272
0.0450,0.3838,0.6433
0.0850,0.3779,0.6587
0.1400,0.3718,0.6736
0.1750,0.3630,0.6885
0.1250,0.3540,0.7046
0.0400,0.3481,0.7222
-0.0200,0.3391,0.7391
-0.0550,0.3362,0.7549
-0.0650,0.3362,0.7711
-0.0650,0.3420,0.7874
-0.0600,0.3628,0.8041
-0.0650,0.3867,0.8209
-0.0600,0.4224,0.8390
-0.0350,0.4641,0.8581
-0.0250,0.5088,0.8766
-0.0600,0.5474,0.8947
-0.0850,0.5950,0.9116
-0.0750,0.6338,0.9272
-0.0600,0.6636,0.9421
-0.0500,0.6902,0.9560
-0.0500,0.7051,0.9685
-0.0450,0.7141,0.9795
-0.0450,0.7141,0.9895
-0.0200,0.7083,0.9985
-0.0200,0.7021,1.0000
-0.0300,0.6934,1.0000
-0.0350,0.6843,1.0000
-0.0050,0.6724,1.0000
0.4300,0.6545,1.0000
0.1700,0.6338,1.0000
-0.1350,0.6128,1.0000
-0.0500,0.5950,1.0000
-0.0400,0.5801,1.0000
-0.0500,0.5623,1.0000
-0.0450,0.5505,1.0000
-0.0300,0.5386,1.0000
-0.0250,0.5325,1.0000
-0.0300,0.5237,1.0000
-0.0250,0.5178,1.0000
-0.0200,0.5117,1.0000
-0.0150,0.5059,1.0000
-0.0100,0.5000,1.0000
0.0050,0.5000,1.0000
0.0250,0.4968,1.0000
0.0400,0.4910,1.0000
0.0800,0.4849,1.0000
0.1350,0.4790,1.0000
0.1850,0.4731,1.0000
0.1600,0.4641,1.0000
0.0800,0.4553,1.0000
0.0200,0.4492,0.9990
-0.0200,0.4404,0.9714
-0.0400,0.4343,0.9392
-0.0500,0.4343,0.9042
-0.0550,0.4343,0.8705
-0.0700,0.4463,0.8385
-0.0700,0.4670,0.8080
-0.0550,0.4939,0.7779
-0.0100,0.5266,0.7488
-0.0400,0.5713,0.7205
-0.0700,0.6128,0.6926
-0.0650,0.6545,0.6653
-0.0550,0.6931,0.6404
-0.0450,0.7261,0.6176
-0.0500,0.7498,0.5976
-0.0350,0.7708,0.5795
-0.0350,0.7825,0.5622
-0.0350,0.7886,0.5453
-0.0500,0.7856,0.5297
-0.0450,0.7766,0.5153
-0.0500,0.7646,0.5016
0.0000,0.7439,0.4882
0.3300,0.7170,0.4723
0.3000,0.6902,0.4539
-0.2250,0.6665,0.4317
-0.1500,0.6426,0.4070
-0.0900,0.6189,0.3828
-0.0850,0.5981,0.3606
-0.0650,0.5801,0.3460
-0.0500,0.5623,0.3386
-0.0400,0.5474,0.3384
-0.0350,0.5325,0.3438
-0.0200,0.5208,0.3528
-0.0100,0.5088,0.3638
0.0000,0.5000,0.3745
0.0000,0.4968,0.3846
0.0050,0.4849,0.3914
0.0250,0.4731,0.3948
0.0550,0.4670,0.3941
0.0900,0.4553,0.3899
0.1350,0.4434,0.3828
0.1850,0.4314,0.3738
0.1800,0.4194,0.3633
0.0950,0.4077,0.3518
0.0150,0.3896,0.3416
-0.0300,0.3779,0.3325
-0.0600,0.3660,0.3252
-0.0600,0.3599,0.3196
-0.0650,0.3569,0.3142
-0.0650,0.3599,0.3091
-0.0600,0.3748,0.3059
-0.0550,0.3987,0.3042
-0.0350,0.4314,0.3032
-0.0300,0.4670,0.3020
-0.0600,0.5027,0.3000
-0.0750,0.5386,0.2973
-0.0650,0.5742,0.2942
-0.0650,0.6069,0.2905
-0.0600,0.6277,0.2876
-0.0550,0.6396,0.2854
-0.0450,0.6487,0.2834
-0.0400,0.6487,0.2819
-0.0400,0.6428,0.2810
-0.0550,0.6277,0.2800
-0.0500,0.6128,0.2790
-0.0500,0.5891,0.2783
0.0500,0.5684,0.2766
0.4300,0.5474,0.2741
-0.0350,0.5237,0.2710
-0.1700,0.5059,0.2675
-0.0400,0.4910,0.2636
-0.0400,0.4731,0.2597
-0.0350,0.4612,0.2565
-0.0350,0.4434,0.2543
-0.0350,0.4314,0.2526
-0.0250,0.4226,0.2512
-0.0200,0.4136,0.2502
-0.0150,0.4016,0.2495
-0.0050,0.3958,0.2499
0.0000,0.3867,0.2512
0.0100,0.3779,0.2512
0.0200,0.3792,0.2499
0.0400,0.3708,0.2482
0.0750,0.3652,0.2455
0.1100,0.3567,0.2416
0.1600,0.3511,0.2367
0.1900,0.3428,0.2331
0.1400,0.3342,0.2304
0.0500,0.3286,0.2287
-0.0150,0.3203,0.2275
-0.0500,0.3118,0.2267
-0.0650,0.3091,0.2262
-0.0600,0.3062,0.2262
-0.0600,0.3118,0.2262
-0.0600,0.3230,0.2265
-0.0600,0.3428,0.2270
-0.0600,0.3735,0.2284
-0.0200,0.4072,0.2309
-0.0550,0.4465,0.2338
-0.0700,0.4858,0.2372
-0.0700,0.5137,0.2399
-0.0600,0.5447,0.2419
-0.0600,0.5698,0.2433
-0.0550,0.5867,0.2446
-0.0500,0.5952,0.2455
-0.0550,0.6008,0.2463
-0.0450,0.5952,0.2468
-0.0600,0.5867,0.2473
-0.0600,0.5728,0.2477
-0.0500,0.5559,0.2477
-0.0450,0.5391,0.2470
0.2950,0.5222,0.2453
0.2300,0.5027,0.2431
-0.2000,0.4915,0.2404
-0.0900,0.4746,0.2382
-0.0450,0.4607,0.2367
-0.0450,0.4465,0.2358
-0.0350,0.4353,0.2353
-0.0350,0.4241,0.2348
-0.0300,0.4158,0.2348
-0.0300,0.4072,0.2348
-0.0250,0.3989,0.2348
-0.0200,0.3904,0.2350
-0.0150,0.3848,0.2355
-0.0050,0.3792,0.2360
0.0050,0.3708,0.2363
0.0250,0.3652,0.2355
0.0500,0.3567,0.2341
0.0800,0.3511,0.2319
0.1250,0.3455,0.2294
0.1700,0.3372,0.2265
0.1550,0.3286,0.2236
0.0800,0.3230,0.2214
0.0050,0.3174,0.2201
-0.0400,0.3118,0.2194
-0.0600,0.3091,0.2192
-0.0650,0.3091,0.2204
-0.0650,0.3118,0.2226
-0.0650,0.3315,0.2253
-0.0650,0.3540,0.2287
-0.0600,0.3848,0.2323
-0.0250,0.4270,0.2365
-0.0400,0.4663,0.2419
-0.0650,0.5083,0.2487
-0.0750,0.5417,0.2582
-0.0600,0.5754,0.2700
-0.0550,0.6064,0.2837
-0.0550,0.6233,0.2988
-0.0550,0.6372,0.3159
-0.0500,0.6401,0.3347
-0.0450,0.6401,0.3548
-0.0500,0.6345,0.3758
-0.0550,0.6233,0.3963
-0.0700,0.6064,0.4163
-0.0950,0.5896,0.4361
0.0900,0.5698,0.4557
0.4150,0.5503,0.4752
-0.1150,0.5334,0.4943
-0.1350,0.5166,0.5133
-0.0200,0.5027,0.5324
-0.0150,0.4971,0.5509
-0.0050,0.4858,0.5698
0.0000,0.4746,0.5895
-0.0050,0.4634,0.6101
-0.0150,0.4578,0.6301
-0.0200,0.4495,0.6494
-0.0200,0.4438,0.6672
-0.0150,0.4382,0.6843
0.0000,0.4326,0.7014
0.0250,0.4270,0.7181
0.0350,0.4214,0.7320
0.0500,0.4128,0.7432
0.0700,0.4072,0.7525
0.1050,0.4016,0.7601
0.1550,0.3960,0.7667
0.1750,0.3904,0.7725
0.1150,0.3848,0.7786
0.0400,0.3821,0.7850
-0.0100,0.3765,0.7918
-0.0400,0.3765,0.7989
-0.0450,0.3792,0.8070
-0.0500,0.3904,0.8160
-0.0500,0.4045,0.8260
-0.0500,0.4353,0.8366
-0.0500,0.4690,0.8475
-0.0200,0.5083,0.8588
-0.0250,0.5503,0.8690
-0.0450,0.5952,0.8786
-0.0550,0.6345,0.8876
-0.0650,0.6709,0.8962
-0.0600,0.7019,0.9045
-0.0500,0.7244,0.9123
-0.0550,0.7439,0.9177
-0.0400,0.7495,0.9211
-0.0250,0.7524,0.9221
-0.0050,0.7468,0.9208
-0.0150,0.7356,0.9172
-0.0150,0.7214,0.9113
-0.0200,0.7046,0.9040
0.0400,0.6851,0.8954
0.4700,0.6682,0.8849
0.0850,0.6514,0.8730
-0.1500,0.6345,0.8595
-0.0550,0.6204,0.8453
-0.0400,0.6091,0.8317
-0.0300,0.6123,0.8185
-0.0300,0.5994,0.8058
-0.0250,0.5930,0.7928
-0.0300,0.5835,0.7782
-0.0250,0.5769,0.7618
-0.0200,0.5674,0.7452
-0.0100,0.5608,0.7286
-0.0050,0.5481,0.7107
0.0000,0.5415,0.6922
0.0150,0.5288,0.6729
0.0300,0.5159,0.6528
0.0500,0.5063,0.6306
0.0950,0.5000,0.6062
0.1550,0.4902,0.5803
0.1950,0.4807,0.5536
0.1550,0.4709,0.5280
0.0650,0.4580,0.5038
-0.0100,0.4485,0.4803
-0.0500,0.4387,0.4579
-0.0650,0.4355,0.4381
-0.0700,0.4387,0.4205
-0.0650,0.4517,0.4043
-0.0650,0.4741,0.3897
-0.0550,0.5032,0.3760
-0.0450,0.5415,0.3633
0.0100,0.5864,0.3523
-0.0300,0.6316,0.3425
-0.0600,0.6765,0.3340
-0.0650,0.7151,0.3262
-0.0550,0.7441,0.3191
-0.0400,0.7698,0.3122
-0.1250,0.7859,0.3059
-0.1500,0.7891,0.2995
-0.0900,0.7891,0.2925
-0.0300,0.7795,0.2849
-0.0150,0.7603,0.2768
-0.0100,0.7375,0.2680
-0.0150,0.7087,0.2573
-0.0250,0.6765,0.2446
0.2800,0.6477,0.2299
0.2600,0.6155,0.2135
-0.1950,0.5898,0.1974
-0.0900,0.5640,0.1815
-0.0350,0.5383,0.1678
-0.0550,0.5190,0.1561
-0.0700,0.5032,0.1468
-0.0850,0.4902,0.1402
-0.0700,0.4773,0.1368
-0.0300,0.4580,0.1363
0.0100,0.4453,0.1378
0.0050,0.4324,0.1410
-0.0050,0.4194,0.1463
0.0100,0.4067,0.1527
0.0250,0.3938,0.1583
0.0350,0.3809,0.1632
0.0550,0.3682,0.1654
0.0800,0.3584,0.1654
0.1250,0.3489,0.1639
0.1700,0.3423,0.1615
0.1550,0.3296,0.1591
0.0700,0.3230,0.1569
0.0000,0.3103,0.1549
-0.0450,0.3184,0.1529
-0.0550,0.3123,0.1510
-0.0550,0.3123,0.1495
-0.0700,0.3184,0.1488
-0.0650,0.3391,0.1493
-0.0600,0.3628,0.1503
-0.0500,0.3987,0.1520
0.0100,0.4373,0.1549
0.0200,0.4790,0.1588
-0.0150,0.5146,0.1625
-0.0450,0.5503,0.1659
-0.0350,0.5801,0.1688
-0.0350,0.6011,0.1718
-0.0400,0.6160,0.1747
-0.0400,0.6189,0.1774
-0.0350,0.6189,0.1810
-0.0350,0.6160,0.1849
-0.0350,0.6069,0.1886
-0.0500,0.5920,0.1918
-0.0400,0.5713,0.1935
-0.0400,0.5505,0.1942
0.0850,0.5295,0.1940
0.4550,0.5059,0.1930
-0.0350,0.4910,0.1918
-0.1350,0.4731,0.1901
-0.0250,0.4553,0.1881
-0.0250,0.4434,0.1864
-0.0300,0.4314,0.1864
-0.0250,0.4226,0.1879
-0.0200,0.4136,0.1896
-0.0200,0.4077,0.1913
-0.0100,0.3987,0.1930
-0.0100,0.3896,0.1950
-0.0050,0.3838,0.1977
0.0050,0.3750,0.2011
0.0100,0.3660,0.2040
0.0250,0.3599,0.2065
0.0450,0.3511,0.2077
0.0800,0.3420,0.2079
0.1200,0.3362,0.2072
0.1650,0.3303,0.2060
0.1900,0.3213,0.2043
0.1350,0.3154,0.2023
0.0550,0.3093,0.2011
-0.0100,0.3035,0.2006
-0.0450,0.2976,0.2006
-0.0550,0.2915,0.2011
-0.0600,0.2976,0.2016
-0.0600,0.3064,0.2025
-0.0600,0.3271,0.2035
-0.0550,0.3599,0.2047
-0.0550,0.3987,0.2069
-0.0200,0.4404,0.2099
-0.0500,0.4880,0.2135
-0.0700,0.5237,0.2174
-0.0700,0.5623,0.2218
-0.0650,0.5920,0.2262
-0.0550,0.6128,0.2299
-0.0550,0.6277,0.2326
-0.0500,0.6367,0.2348
-0.0450,0.6338,0.2365
-0.0400,0.6277,0.2380
-0.0600,0.6128,0.2389
-0.0550,0.5950,0.2399
-0.0500,0.5771,0.2404
-0.0400,0.5535,0.2389
0.3250,0.5295,0.2358
0.2000,0.5117,0.2323
-0.1900,0.4968,0.2289
-0.0750,0.4790,0.2255
-0.0350,0.4670,0.2221
-0.0400,0.4553,0.2196
-0.0350,0.4434,0.2179
-0.0300,0.4314,0.2170
-0.0250,0.4255,0.2167
-0.0300,0.4136,0.2177
-0.0200,0.4077,0.2199
-0.0150,0.3987,0.2226
-0.0150,0.3896,0.2260
-0.0100,0.3838,0.2287
0.0000,0.3809,0.2309
0.0200,0.3779,0.2326
0.0350,0.3689,0.2341
0.0700,0.3630,0.2363
0.1150,0.3569,0.2394
0.1600,0.3481,0.2448
0.1500,0.3420,0.2521
0.0750,0.3333,0.2614
-0.0050,0.3242,0.2719
-0.0450,0.3184,0.2846
-0.0600,0.3123,0.2990
-0.0700,0.3093,0.3169
-0.0650,0.3123,0.3372
-0.0650,0.3242,0.3596
-0.0600,0.3479,0.3836
-0.0600,0.3809,0.4087
-0.0200,0.4224,0.4346
-0.0500,0.4641,0.4613
-0.0750,0.5088,0.4882
-0.0800,0.5474,0.5143
-0.0700,0.5862,0.5399
-0.0600,0.6157,0.5649
-0.0550,0.6396,0.5891
-0.0550,0.6575,0.6123
-0.0500,0.6636,0.6340
-0.0400,0.6665,0.6550
-0.0400,0.6606,0.6753
-0.0450,0.6516,0.6939
-0.0450,0.6458,0.7112
-0.0500,0.6306,0.7273
0.1650,0.6128,0.7425
0.4650,0.5950,0.7559
-0.0850,0.5742,0.7681
-0.1000,0.5564,0.7816
-0.0350,0.5386,0.7955
-0.0400,0.5237,0.8082
-0.0400,0.5088,0.8199
-0.0450,0.5029,0.8317
-0.0400,0.4968,0.8434
-0.0350,0.4910,0.8544
-0.0300,0.4819,0.8646
-0.0300,0.4761,0.8752
-0.0250,0.4702,0.8857
-0.0200,0.4641,0.8945
-0.0100,0.4583,0.9018
0.0000,0.4524,0.9079
0.0200,0.4463,0.9130
0.0500,0.4404,0.9174
0.0950,0.4343,0.9213
0.1500,0.4285,0.9247
0.1700,0.4226,0.9282
0.1150,0.4165,0.9323
0.0450,0.4106,0.9370
-0.0200,0.4016,0.9423
-0.0500,0.3987,0.9477
-0.0550,0.3928,0.9526
-0.0600,0.3958,0.9565
-0.0600,0.4045,0.9580
-0.0550,0.4224,0.9572
-0.0500,0.4492,0.9548
-0.0200,0.4849,0.9509
-0.0200,0.5237,0.9441
-0.0550,0.5713,0.9348
-0.0800,0.6189,0.9235
-0.0650,0.6606,0.9106
-0.0550,0.6992,0.8967
-0.0450,0.7349,0.8820
-0.0450,0.7617,0.8656
-0.0350,0.7766,0.8480
-0.0350,0.7856,0.8304
-0.0350,0.7886,0.8126
-0.0450,0.7825,0.7931
-0.0400,0.7708,0.7720
-0.0400,0.7588,0.7508
0.0650,0.7378,0.7293
0.4500,0.7200,0.7078
-0.0250,0.6963,0.6863
-0.1600,0.6724,0.6650
-0.0450,0.6487,0.6438
-0.0350,0.6306,0.6228
-0.0350,0.6099,0.6015
-0.0400,0.5920,0.5817
-0.0350,0.5801,0.5627
-0.0300,0.5652,0.5456
-0.0250,0.5535,0.5297
-0.0200,0.5444,0.5140
-0.0150,0.5356,0.4984
-0.0100,0.5266,0.4840
-0.0050,0.5208,0.4701
0.0100,0.5088,0.4549
0.0300,0.5029,0.4386
0.0650,0.4968,0.4224
0.1100,0.4880,0.4063
0.1600,0.4790,0.3904
0.1850,0.4670,0.3748
0.1400,0.4612,0.3591
0.0500,0.4492,0.3440
-0.0150,0.4373,0.3308
-0.0500,0.4314,0.3196
-0.0650,0.4226,0.3098
-0.0700,0.4165,0.3012
-0.0650,0.4194,0.2934
-0.0650,0.4255,0.2863
-0.0650,0.4463,0.2797
-0.0600,0.4729,0.2734
-0.0200,0.5059,0.2675
-0.0500,0.5415,0.2619
-0.0750,0.5801,0.2565
-0.0750,0.6218,0.2514
-0.0700,0.6516,0.2465
-0.0650,0.6785,0.2419
-0.0600,0.6992,0.2375
-0.0500,0.7112,0.2331
-0.0500,0.7141,0.2280
-0.0450,0.7112,0.2221
-0.0550,0.6992,0.2167
-0.0550,0.6843,0.2118
-0.0500,0.6665,0.2074
-0.0400,0.6426,0.2033
0.2850,0.6189,0.1986
0.2600,0.5950,0.1933
-0.1950,0.5742,0.1874
-0.0850,0.5535,0.1815
-0.0350,0.5354,0.1764
-0.0450,0.5208,0.1720
-0.0400,0.5059,0.1683
-0.0350,0.4968,0.1652
-0.0300,0.4849,0.1634
-0.0250,0.4731,0.1630
-0.0150,0.4641,0.1642
-0.0150,0.4553,0.1666
-0.0050,0.4434,0.1691
0.0000,0.4343,0.1715
0.0100,0.4255,0.1730
0.0250,0.4165,0.1735
0.0500,0.4077,0.1735
0.0900,0.4016,0.1730
0.1400,0.3896,0.1720
0.1800,0.3838,0.1708
0.1700,0.3718,0.1693
0.0850,0.3630,0.1678
0.0050,0.3540,0.1671
-0.0400,0.3420,0.1674
-0.0550,0.3362,0.1681
-0.0650,0.3303,0.1693
-0.0650,0.3303,0.1708
-0.0600,0.3362,0.1725
-0.0550,0.3540,0.1744
-0.0550,0.3777,0.1764
-0.0400,0.4136,0.1796
-0.0400,0.4492,0.1835
-0.0550,0.4910,0.1869
-0.0750,0.5205,0.1898
-0.0650,0.5564,0.1923
-0.0650,0.5830,0.1947
-0.0550,0.6040,0.1969
-0.0500,0.6160,0.1989
-0.0450,0.6248,0.2008
-0.0450,0.6218,0.2025
-0.0450,0.6130,0.2040
-0.0500,0.6011,0.2055
-0.0450,0.5830,0.2069
-0.0550,0.5652,0.2082
0.0800,0.5444,0.2084
0.4350,0.5237,0.2079
-0.0750,0.5059,0.2069
-0.1550,0.4910,0.2055
-0.0400,0.4731,0.2035
-0.0350,0.4612,0.2013
-0.0350,0.4492,0.1989
-0.0300,0.4373,0.1967
-0.0300,0.4285,0.1952
-0.0250,0.4194,0.1945
-0.0150,0.4106,0.1942
-0.0100,0.4016,0.1950
-0.0050,0.3928,0.1967
0.0050,0.3867,0.1994
0.0100,0.3779,0.2018
0.0300,0.3718,0.2040
0.0500,0.3660,0.2050
0.0750,0.3599,0.2047
0.1150,0.3540,0.2040
0.1700,0.3481,0.2025
0.1900,0.3420,0.2008
0.1350,0.3362,0.1989
0.0550,0.3274,0.1977
-0.0100,0.3184,0.1974
-0.0450,0.3123,0.1986
-0.0550,0.3093,0.2008
-0.0550,0.3093,0.2028
-0.0550,0.3184,0.2047
-0.0550,0.3362,0.2067
-0.0500,0.3599,0.2084
-0.0400,0.3958,0.2111
-0.0150,0.4343,0.2140
-0.0450,0.4761,0.2167
-0.0650,0.5117,0.2189
-0.0600,0.5503,0.2209
-0.0550,0.5830,0.2226
-0.0450,0.6040,0.2240
-0.0450,0.6218,0.2255
-0.0350,0.6309,0.2277
-0.0400,0.6309,0.2306
-0.0350,0.6277,0.2328
-0.0500,0.6160,0.2348
-0.0450,0.6011,0.2363
-0.0400,0.5830,0.2375
-0.0250,0.5623,0.2372
0.3500,0.5415,0.2363
0.1800,0.5237,0.2355
-0.1800,0.5059,0.2353
-0.0650,0.4939,0.2360
-0.0350,0.4790,0.2382
-0.0400,0.4670,0.2429
-0.0350,0.4553,0.2497
-0.0250,0.4434,0.2585
-0.0250,0.4314,0.2688
-0.0250,0.4255,0.2810
-0.0200,0.4136,0.2951
-0.0100,0.4077,0.3115
-0.0100,0.4016,0.3298
0.0000,0.3958,0.3496
0.0150,0.3896,0.3701
0.0200,0.3838,0.3904
0.0450,0.3779,0.4105
0.0800,0.3718,0.4312
0.1250,0.3660,0.4527
0.1700,0.3569,0.4735
0.1600,0.3481,0.4943
0.0850,0.3420,0.5165
0.0150,0.3333,0.5399
-0.0300,0.3274,0.5634
-0.0450,0.3274,0.5866
-0.0500,0.3274,0.6088
-0.0500,0.3362,0.6303
-0.0450,0.3569,0.6518
-0.0450,0.3838,0.6738
-0.0400,0.4194,0.6958
0.0100,0.4641,0.7181
-0.0300,0.5027,0.7393
-0.0550,0.5474,0.7596
-0.0700,0.5862,0.7791
-0.0650,0.6218,0.7982
-0.0450,0.6487,0.8146
-0.0450,0.6694,0.8290
-0.0350,0.6843,0.8427
-0.0350,0.6904,0.8561
-0.0250,0.6904,0.8681
-0.0400,0.6814,0.8788
-0.0400,0.6694,0.8876
-0.0350,0.6575,0.8952
-0.0400,0.6396,0.9025
0.2150,0.6218,0.9096
0.4650,0.6040,0.9157
-0.0850,0.5862,0.9211
-0.0750,0.5713,0.9265
-0.0300,0.5564,0.9323
-0.0350,0.5444,0.9384
-0.0400,0.5325,0.9448
-0.0350,0.5266,0.9511
-0.0250,0.5146,0.9580
-0.0150,0.5088,0.9648
-0.0150,0.5029,0.9712
-0.0100,0.5000,0.9756
-0.0050,0.4968,0.9780
-0.0050,0.4910,0.9785
0.0050,0.4849,0.9768
0.0200,0.4819,0.9714
0.0350,0.4761,0.9629
0.0700,0.4702,0.9514
0.1100,0.4641,0.9372
0.1800,0.4583,0.9211
0.2000,0.4524,0.9037
0.1450,0.4463,0.8861
0.0750,0.4404,0.8686
0.0300,0.4343,0.8515
-0.0300,0.4343,0.8344
-0.0800,0.4343,0.8172
-0.0850,0.4463,0.8001
-0.0800,0.4641,0.7830
-0.0750,0.4939,0.7659
-0.0700,0.5266,0.7479
-0.0250,0.5681,0.7290
0.2900,0.6128,0.7095
0.4200,0.6575,0.6895
-0.1050,0.6992,0.6692
-0.0900,0.7319,0.6489
-0.0750,0.7617,0.6294
-0.0850,0.7795,0.6106
-0.0800,0.7944,0.5925
-0.0750,0.7976,0.5751
-0.0750,0.7976,0.5592
-0.0700,0.7944,0.5443
-0.0600,0.7825,0.5304
-0.0550,0.7676,0.5172
-0.0400,0.7439,0.5045
-0.0200,0.7141,0.4923
0.0050,0.6873,0.4806
0.0400,0.6604,0.4691
0.0900,0.6367,0.4579
0.1350,0.6128,0.4466
0.1800,0.5891,0.4356
0.1500,0.5713,0.4246
0.0650,0.5535,0.4127
-0.0150,0.5386,0.4000
-0.0600,0.5266,0.3877
-0.0750,0.5146,0.3760
-0.0800,0.5029,0.3648
-0.0800,0.5000,0.3540
-0.0800,0.4910,0.3452
-0.0700,0.4849,0.3384
-0.0650,0.4790,0.3320
-0.0650,0.4731,0.3262
-0.0650,0.4702,0.3203
-0.0650,0.4641,0.3147
-0.0650,0.4641,0.3093
-0.0650,0.4670,0.3039
-0.0700,0.4702,0.2986
-0.0700,0.4702,0.2932
-0.0700,0.4702,0.2878
-0.0700,0.4670,0.2824
-0.0650,0.4612,0.2763
-0.0650,0.4524,0.2692
-0.0650,0.4434,0.2607
-0.0650,0.4314,0.2512
-0.0650,0.4165,0.2426
-0.0500,0.4016,0.2355
0.0100,0.3896,0.2289
-0.0500,0.3779,0.2233
-0.0700,0.3660,0.2182
-0.0700,0.3540,0.2135
-0.0650,0.3420,0.2104
-0.0550,0.3303,0.2082
-0.0550,0.3184,0.2060
-0.0400,0.3123,0.2035
-0.0400,0.3005,0.2011
-0.0300,0.2944,0.1986
-0.0350,0.2856,0.1959
-0.0350,0.2798,0.1933
-0.0350,0.2708,0.1908
0.0300,0.2646,0.1881
0.4350,0.2588,0.1857
0.1450,0.2529,0.1832
-0.1800,0.2468,0.1818
-0.0600,0.2439,0.1813
-0.0250,0.2439,0.1803
-0.0300,0.2439,0.1791
-0.0300,0.2439,0.1796
-0.0300,0.2439,0.1818
-0.0350,0.2439,0.1849
-0.0300,0.2439,0.1889
-0.0250,0.2439,0.1923
-0.0250,0.2439,0.1952
-0.0250,0.2500,0.1977
-0.0150,0.2642,0.1999
-0.0050,0.2642,0.2008
0.0150,0.2642,0.2008
0.0450,0.2642,0.2001
0.0900,0.2642,0.1989
0.1350,0.2698,0.1974
0.1950,0.2698,0.1955
0.2100,0.2698,0.1935
0.1550,0.2698,0.1913
0.0700,0.2698,0.1901
0.0100,0.2754,0.1896
-0.0300,0.2837,0.1896
-0.0500,0.3035,0.1901
-0.0550,0.3286,0.1908
-0.0600,0.3652,0.1918
-0.0550,0.4102,0.1930
-0.0550,0.4761,0.1945
-0.0450,0.5347,0.1959
-0.0400,0.5938,0.1977
-0.0600,0.6372,0.2003
-0.0700,0.6626,0.2035
-0.0650,0.6848,0.2062
-0.0650,0.6907,0.2086
-0.0550,0.6907,0.2106
-0.0500,0.6877,0.2126
-0.0450,0.6765,0.2152
-0.0450,0.6653,0.2187
-0.0500,0.6484,0.2214
-0.0550,0.6316,0.2236
-0.0550,0.6121,0.2255
-0.0550,0.5952,0.2267
0.0650,0.5784,0.2260
0.4300,0.5642,0.2236
-0.0850,0.5474,0.2218
-0.1700,0.5361,0.2206
-0.0500,0.5249,0.2189
-0.0450,0.5137,0.2170
-0.0450,0.5027,0.2145
-0.0400,0.5000,0.2121
-0.0350,0.4915,0.2104
-0.0350,0.4858,0.2096
-0.0300,0.4775,0.2104
-0.0200,0.4719,0.2121
-0.0150,0.4634,0.2138
-0.0150,0.4551,0.2152
-0.0050,0.4495,0.2155
0.0100,0.4465,0.2148
0.0350,0.4409,0.2135
0.0600,0.4297,0.2118
0.1000,0.4241,0.2099
0.1400,0.4128,0.2074
0.1650,0.4072,0.2050
0.1150,0.3960,0.2025
0.0350,0.3904,0.2008
-0.0250,0.3821,0.2001
-0.0600,0.3765,0.1999
-0.0700,0.3765,0.2001
-0.0750,0.3792,0.2006
-0.0800,0.3904,0.2013
-0.0700,0.4102,0.2023
-0.0750,0.4382,0.2035
-0.0700,0.4719,0.2057
-0.0450,0.5054,0.2089
-0.0750,0.5417,0.2135
-0.0950,0.5754,0.2196
-0.0850,0.6091,0.2265
-0.0800,0.6345,0.2343
-0.0700,0.6541,0.2446
-0.0650,0.6709,0.2573
-0.0600,0.6738,0.2714
-0.0600,0.6738,0.2871
-0.0500,0.6709,0.3047
-0.0650,0.6597,0.3232
-0.0650,0.6428,0.3411
-0.0600,0.6233,0.3582
-0.0350,0.6064,0.3758
0.3850,0.5840,0.3936
0.1650,0.5671,0.4117
-0.1750,0.5474,0.4302
-0.0700,0.5334,0.4488
-0.0400,0.5193,0.4674
-0.0450,0.5081,0.4872
-0.0450,0.5000,0.5077
-0.0450,0.4915,0.5290
-0.0400,0.4858,0.5507
-0.0350,0.4746,0.5727
-0.0250,0.4663,0.5952
-0.0200,0.4578,0.6176
-0.0150,0.4495,0.6401
-0.0150,0.4438,0.6616
-0.0100,0.4353,0.6821
0.0100,0.4297,0.7010
0.0350,0.4270,0.7181
0.0700,0.4214,0.7332
0.1150,0.4158,0.7466
0.1650,0.4102,0.7598
0.1550,0.4016,0.7730
0.0800,0.3960,0.7857
0.0100,0.3933,0.7984
-0.0350,0.3933,0.8111
-0.0550,0.3960,0.8238
-0.0600,0.4072,0.8366
-0.0550,0.4270,0.8490
-0.0550,0.4521,0.8605
-0.0500,0.4915,0.8710
-0.0450,0.5278,0.8805
0.0200,0.5728,0.8896
-0.0350,0.6177,0.8981
-0.0650,0.6597,0.9064
-0.0750,0.6934,0.9142
-0.0700,0.7188,0.9218
-0.0500,0.7412,0.9284
-0.0450,0.7551,0.9340
-0.0400,0.7607,0.9387
-0.0350,0.7607,0.9428
-0.0250,0.7551,0.9475
-0.0350,0.7439,0.9524
-0.0400,0.7327,0.9558
-0.0350,0.7158,0.9575
-0.0350,0.6990,0.9570
0.2500,0.6821,0.9546
0.4000,0.6653,0.9502
-0.1300,0.6484,0.9436
-0.0800,0.6316,0.9348
-0.0250,0.6204,0.9238
-0.0350,0.6091,0.9113
-0.0400,0.5979,0.8976
-0.0350,0.5867,0.8820
-0.0250,0.5754,0.8649
-0.0250,0.5642,0.8478
-0.0200,0.5586,0.8304
-0.0150,0.5474,0.8121
-0.0150,0.5391,0.7931
-0.0100,0.5305,0.7735
0.0050,0.5222,0.7530
0.0100,0.5137,0.7303
0.0350,0.5081,0.7056
0.0650,0.5000,0.6804
0.1100,0.4971,0.6550
0.1650,0.4888,0.6306
0.1700,0.4802,0.6071
0.0950,0.4719,0.5854
0.0150,0.4634,0.5649
-0.0350,0.4607,0.5456
-0.0500,0.4578,0.5268
-0.0600,0.4634,0.5089
-0.0650,0.4746,0.4916
-0.0600,0.4944,0.4745
-0.0600,0.5193,0.4581
-0.0600,0.5586,0.4427
-0.0300,0.5952,0.4288
-0.0350,0.6372,0.4153
-0.0650,0.6709,0.4029
-0.0750,0.7046,0.3909
-0.0650,0.7327,0.3792
-0.0550,0.7524,0.3667
-0.0500,0.7664,0.3538
-0.0450,0.7693,0.3413
-0.0450,0.7693,0.3291
-0.0450,0.7607,0.3166
-0.0450,0.7412,0.3034
-0.0600,0.7188,0.2910
-0.0500,0.6934,0.2795
-0.0500,0.6682,0.2695
0.0850,0.6401,0.2607
0.4300,0.6177,0.2507
-0.0800,0.5923,0.2404
-0.1700,0.5728,0.2304
-0.0500,0.5530,0.2209
-0.0400,0.5391,0.2130
-0.0400,0.5249,0.2065
-0.0300,0.5137,0.2008
-0.0200,0.5000,0.1957
-0.0150,0.4971,0.1913
-0.0150,0.4858,0.1876
-0.0100,0.4775,0.1852
-0.0050,0.4690,0.1837
0.0050,0.4607,0.1823
0.0100,0.4521,0.1803
0.0200,0.4465,0.1784
0.0400,0.4353,0.1764
0.0800,0.4297,0.1744
0.1300,0.4136,0.1722
0.1850,0.4016,0.1691
0.2050,0.3958,0.1654
0.1450,0.3838,0.1622
0.0600,0.3718,0.1593
-0.0100,0.3660,0.1569
-0.0400,0.3630,0.1547
-0.0500,0.3630,0.1534
-0.0500,0.3718,0.1534
-0.0500,0.3867,0.1542
-0.0600,0.4165,0.1554
-0.0600,0.4492,0.1569
-0.0500,0.4880,0.1591
-0.0150,0.5237,0.1622
-0.0450,0.5623,0.1664
-0.0700,0.5950,0.1710
-0.0750,0.6189,0.1759
-0.0650,0.6396,0.1803
-0.0500,0.6487,0.1842
-0.0550,0.6487,0.1876
-0.0500,0.6458,0.1906
-0.0500,0.6338,0.1930
-0.0400,0.6189,0.1952
-0.0550,0.6011,0.1964
-0.0550,0.5771,0.1967
-0.0500,0.5535,0.1962
-0.0350,0.5295,0.1950
0.3100,0.5059,0.1923
0.2250,0.4939,0.1889
-0.1950,0.4731,0.1854
-0.0800,0.4553,0.1823
-0.0350,0.4434,0.1806
-0.0350,0.4343,0.1798
-0.0350,0.4255,0.1796
-0.0300,0.4194,0.1798
-0.0300,0.4165,0.1796
-0.0300,0.4106,0.1791
-0.0200,0.4048,0.1801
-0.0200,0.4016,0.1823
-0.0100,0.3958,0.1847
-0.0050,0.3896,0.1867
0.0100,0.3809,0.1879
0.0300,0.3718,0.1879
0.0600,0.3630,0.1874
0.0900,0.3540,0.1864
0.1350,0.3420,0.1849
0.1800,0.3303,0.1835
0.1600,0.3213,0.1815
0.0800,0.3123,0.1798
0.0000,0.3064,0.1788
-0.0450,0.3035,0.1786
-0.0700,0.3064,0.1791
-0.0700,0.3184,0.1801
-0.0750,0.3391,0.1823
-0.0750,0.3660,0.1854
-0.0800,0.4016,0.1893
-0.0750,0.4434,0.1937
-0.0550,0.4849,0.1974
-0.0650,0.5176,0.2008
-0.0850,0.5503,0.2047
-0.0900,0.5801,0.2089
-0.0800,0.6011,0.2123
-0.0750,0.6160,0.2152
-0.0750,0.6218,0.2177
-0.0650,0.6189,0.2199
-0.0600,0.6160,0.2226
-0.0500,0.6011,0.2260
-0.0550,0.5862,0.2287
-0.0650,0.5652,0.2309
-0.0650,0.5474,0.2316
-0.0700,0.5266,0.2311
0.0950,0.5059,0.2299
0.4050,0.4939,0.2280
-0.1250,0.4790,0.2255
-0.1550,0.4612,0.2228
-0.0500,0.4492,0.2199
-0.0500,0.4373,0.2172
-0.0500,0.4285,0.2150
-0.0500,0.4194,0.2138
-0.0450,0.4106,0.2133
-0.0400,0.4016,0.2133
-0.0300,0.3958,0.2145
-0.0200,0.3896,0.2167
-0.0200,0.3809,0.2196
-0.0200,0.3750,0.2228
-0.0100,0.3689,0.2248
0.0050,0.3599,0.2250
0.0250,0.3540,0.2245
0.0500,0.3452,0.2236
0.0950,0.3362,0.2228
0.1450,0.3274,0.2226
0.1700,0.3184,0.2245
0.1150,0.3123,0.2284
0.0350,0.3035,0.2348
-0.0250,0.3035,0.2431
-0.0550,0.3064,0.2538
-0.0700,0.3184,0.2670
-0.0750,0.3391,0.2827
-0.0750,0.3689,0.3003
-0.0750,0.4106,0.3196
-0.0750,0.4521,0.3401
-0.0500,0.4968,0.3626
-0.0350,0.5356,0.3865
-0.0700,0.5742,0.4117
-0.0850,0.6040,0.4376
-0.0750,0.6306,0.4642
-0.0750,0.6458,0.4911
-0.0650,0.6545,0.5172
-0.0650,0.6545,0.5429
-0.0550,0.6487,0.5678
-0.0600,0.6396,0.5920
-0.0450,0.6218,0.6152
-0.0600,0.6040,0.6369
-0.0550,0.5830,0.6580
-0.0550,0.5652,0.6782
-0.0050,0.5444,0.6968
0.4300,0.5266,0.7141
0.1450,0.5117,0.7303
-0.1550,0.5000,0.7457
-0.0550,0.4939,0.7603
-0.0450,0.4849,0.7745
-0.0450,0.4761,0.7894
-0.0500,0.4670,0.8048
-0.0450,0.4612,0.8185
-0.0450,0.4517,0.8307
-0.0350,0.4485,0.8429
-0.0300,0.4421,0.8549
-0.0250,0.4355,0.8659
-0.0150,0.4292,0.8759
-0.0100,0.4260,0.8854
0.0050,0.4229,0.8942
0.0200,0.4194,0.9015
0.0450,0.4131,0.9076
0.0800,0.4067,0.9128
0.1300,0.4001,0.9172
0.1750,0.3938,0.9201
0.1500,0.3843,0.9218
0.0750,0.3777,0.9235
0.0050,0.3745,0.9255
-0.0350,0.3745,0.9287
-0.0500,0.3809,0.9326
-0.0550,0.4001,0.9372
-0.0500,0.4292,0.9426
-0.0500,0.4644,0.9482
-0.0500,0.5095,0.9538
-0.0450,0.5576,0.9577
0.0100,0.6057,0.9597
-0.0400,0.6541,0.9585
-0.0700,0.6958,0.9546
-0.0750,0.7312,0.9487
-0.0600,0.7634,0.9409
-0.0500,0.7795,0.9311
-0.0500,0.7891,0.9194
-0.0400,0.7957,0.9052
-0.0400,0.7891,0.8893
-0.0300,0.7795,0.8732
-0.0450,0.7603,0.8563
-0.0400,0.7441,0.8375
-0.0400,0.7183,0.8168
-0.0250,0.6990,0.7957
0.3050,0.6765,0.7745
0.2800,0.6572,0.7523
-0.1750,0.6379,0.7288
-0.0750,0.6218,0.7058
-0.0250,0.6060,0.6834
-0.0300,0.5930,0.6611
-0.0300,0.5801,0.6391
-0.0300,0.5737,0.6172
-0.0300,0.5608,0.5959
-0.0250,0.5513,0.5756
-0.0200,0.5415,0.5566
-0.0100,0.5320,0.5392
-0.0100,0.5222,0.5233
-0.0050,0.5127,0.5077
0.0050,0.5032,0.4918
0.0250,0.4966,0.4750
0.0550,0.4871,0.4571
0.0950,0.4773,0.4388
0.1400,0.4646,0.4200
0.1850,0.4517,0.4031
0.1800,0.4453,0.3877
0.1000,0.4324,0.3738
0.0200,0.4260,0.3606
-0.0350,0.4194,0.3494
-0.0550,0.4229,0.3394
-0.0650,0.4324,0.3296
-0.0700,0.4553,0.3196
-0.0650,0.4819,0.3105
-0.0650,0.5088,0.3025
-0.0600,0.5503,0.2942
-0.0300,0.5891,0.2856
-0.0400,0.6277,0.2778
-0.0650,0.6604,0.2707
-0.0800,0.6873,0.2641
-0.0700,0.7051,0.2580
-0.0650,0.7170,0.2524
